date,product_id,category,region,store_format,base_price,cost,price,competitor_price,discount_pct,promo_flag,holiday_flag,inflation_index,unemployment_index,stock,quantity,revenue,margin
2025-01-01,SKU001,Beverages,KwaZulu-Natal,Supermarket,54.33,41.76,49.71,54.37,0.0851,0,0,100.11,29.77,180,134,6661.14,1065.3000000000004
2025-01-02,SKU001,Beverages,KwaZulu-Natal,Supermarket,54.33,41.76,58.28,53.35,0.0,0,0,100.29,29.93,139,96,5594.88,1585.9200000000003
2025-01-03,SKU001,Beverages,Western Cape,Supermarket,54.33,41.76,45.46,53.73,0.1633,1,0,100.28,30.29,261,201,9137.460000000001,743.7000000000006
2025-01-04,SKU001,Beverages,Gauteng,Supermarket,54.33,41.76,50.07,53.75,0.0784,0,0,100.51,30.06,178,154,7710.78,1279.7400000000002
2025-01-05,SKU001,Beverages,Gauteng,Convenience,54.33,41.76,49.73,52.57,0.0846,0,0,99.89,29.93,139,134,6663.82,1067.9799999999998
2025-01-06,SKU001,Beverages,KwaZulu-Natal,Hyper,54.33,41.76,50.92,54.35,0.0627,0,0,99.92,30.22,219,153,7790.76,1401.4800000000005
2025-01-07,SKU001,Beverages,KwaZulu-Natal,Supermarket,54.33,41.76,58.25,55.9,0.0,0,0,100.0,30.15,130,107,6232.75,1764.4300000000003
2025-01-08,SKU001,Beverages,Western Cape,Supermarket,54.33,41.76,52.41,53.58,0.0354,0,0,100.02,30.31,191,152,7966.32,1618.7999999999997
2025-01-09,SKU001,Beverages,KwaZulu-Natal,Convenience,54.33,41.76,49.3,52.11,0.0926,0,0,100.09,30.02,122,100,4930.0,753.9999999999999
2025-01-10,SKU001,Beverages,Western Cape,Convenience,54.33,41.76,50.87,53.17,0.0637,1,0,100.85,30.21,128,128,6511.36,1166.08
2025-01-11,SKU001,Beverages,Western Cape,Hyper,54.33,41.76,49.88,54.79,0.0819,0,0,100.54,30.12,209,189,9427.32,1534.6800000000007
2025-01-12,SKU001,Beverages,Western Cape,Supermarket,54.33,41.76,55.91,53.96,0.0,0,0,100.41,30.12,124,122,6821.0199999999995,1726.2999999999997
2025-01-13,SKU001,Beverages,KwaZulu-Natal,Supermarket,54.33,41.76,57.78,55.16,0.0,0,0,99.91,30.33,145,95,5489.1,1521.9000000000003
2025-01-14,SKU001,Beverages,Western Cape,Convenience,54.33,41.76,52.58,55.11,0.0322,0,0,100.92,30.45,119,117,6151.86,1265.94
2025-01-15,SKU001,Beverages,KwaZulu-Natal,Hyper,54.33,41.76,48.95,54.32,0.099,0,0,99.96,30.47,181,144,7048.8,1035.3600000000006
2025-01-16,SKU001,Beverages,Gauteng,Supermarket,54.33,41.76,52.43,55.12,0.0349,0,0,99.81,30.32,222,148,7759.64,1579.1600000000003
2025-01-17,SKU001,Beverages,Gauteng,Supermarket,54.33,41.76,59.47,52.41,0.0,0,0,100.11,30.38,150,106,6303.82,1877.26
2025-01-18,SKU001,Beverages,KwaZulu-Natal,Supermarket,54.33,41.76,51.02,58.24,0.061,0,0,100.13,30.48,173,121,6173.42,1120.4600000000007
2025-01-19,SKU001,Beverages,Gauteng,Supermarket,54.33,41.76,54.76,54.61,0.0,1,0,100.14,30.66,156,151,8268.76,1963.0
2025-01-20,SKU001,Beverages,Western Cape,Supermarket,54.33,41.76,56.46,54.0,0.0,0,0,99.76,30.68,137,110,6210.6,1617.0000000000002
2025-01-21,SKU001,Beverages,KwaZulu-Natal,Supermarket,54.33,41.76,56.53,55.26,0.0,0,0,100.55,30.61,117,117,6614.01,1728.0900000000004
2025-01-22,SKU001,Beverages,KwaZulu-Natal,Convenience,54.33,41.76,54.35,55.25,0.0,0,0,99.96,30.63,158,108,5869.8,1359.7200000000003
2025-01-23,SKU001,Beverages,KwaZulu-Natal,Convenience,54.33,41.76,49.29,54.11,0.0928,0,0,99.91,30.43,187,108,5323.32,813.2400000000001
2025-01-24,SKU001,Beverages,Gauteng,Supermarket,54.33,41.76,54.57,53.31,0.0,0,0,99.7,30.54,180,132,7203.24,1690.9200000000003
2025-01-25,SKU001,Beverages,Western Cape,Supermarket,54.33,41.76,59.5,56.05,0.0,0,0,100.99,30.98,99,99,5890.5,1756.2600000000002
2025-01-26,SKU001,Beverages,Western Cape,Supermarket,54.33,41.76,50.78,56.53,0.0653,0,0,100.34,30.61,154,144,7312.32,1298.8800000000006
2025-01-27,SKU001,Beverages,Gauteng,Hyper,54.33,41.76,51.59,51.7,0.0505,0,0,100.41,31.0,312,209,10782.310000000001,2054.470000000001
2025-01-28,SKU001,Beverages,Western Cape,Supermarket,54.33,41.76,43.91,56.87,0.1917,1,0,100.09,30.74,222,186,8167.259999999999,399.89999999999975
2025-01-29,SKU001,Beverages,Gauteng,Supermarket,54.33,41.76,54.36,56.17,0.0,0,0,100.19,30.82,172,131,7121.16,1650.6000000000001
2025-01-30,SKU001,Beverages,Western Cape,Hyper,54.33,41.76,59.11,53.22,0.0,0,0,100.6,30.83,175,117,6915.87,2029.9500000000003
2025-01-31,SKU001,Beverages,Gauteng,Supermarket,54.33,41.76,49.67,54.3,0.0858,0,0,100.29,30.93,226,160,7947.200000000001,1265.6000000000006
2025-02-01,SKU001,Beverages,KwaZulu-Natal,Supermarket,54.33,41.76,51.57,52.73,0.0508,1,0,100.21,30.91,235,173,8921.61,1697.1300000000003
2025-02-02,SKU001,Beverages,Western Cape,Hyper,54.33,41.76,59.01,52.77,0.0,0,0,99.83,30.7,181,155,9146.55,2673.75
2025-02-03,SKU001,Beverages,KwaZulu-Natal,Supermarket,54.33,41.76,57.88,55.35,0.0,0,0,100.7,30.9,149,130,7524.400000000001,2095.6000000000004
2025-02-04,SKU001,Beverages,Western Cape,Convenience,54.33,41.76,53.77,56.94,0.0103,0,0,100.3,30.83,126,126,6775.02,1513.2600000000007
2025-02-05,SKU001,Beverages,KwaZulu-Natal,Hyper,54.33,41.76,54.87,53.83,0.0,0,0,100.03,30.84,191,161,8834.07,2110.71
2025-02-06,SKU001,Beverages,Western Cape,Supermarket,54.33,41.76,57.83,53.15,0.0,0,0,100.59,31.16,139,125,7228.75,2008.75
2025-02-07,SKU001,Beverages,KwaZulu-Natal,Supermarket,54.33,41.76,55.54,53.07,0.0,1,0,100.49,31.15,202,133,7386.82,1832.7400000000002
2025-02-08,SKU001,Beverages,KwaZulu-Natal,Supermarket,54.33,41.76,42.95,53.82,0.2094,1,0,100.68,30.97,234,181,7773.950000000001,215.39000000000087
2025-02-09,SKU001,Beverages,Gauteng,Convenience,54.33,41.76,58.34,52.48,0.0,0,0,100.19,30.79,130,107,6242.38,1774.0600000000006
2025-02-10,SKU001,Beverages,Gauteng,Convenience,54.33,41.76,49.59,53.15,0.0872,1,0,101.13,31.09,209,175,8678.25,1370.250000000001
2025-02-11,SKU001,Beverages,Western Cape,Supermarket,54.33,41.76,55.24,53.0,0.0,0,0,100.75,30.72,136,105,5800.2,1415.4000000000003
2025-02-12,SKU001,Beverages,Gauteng,Supermarket,54.33,41.76,59.62,55.75,0.0,0,0,100.08,31.33,154,120,7154.4,2143.2
2025-02-13,SKU001,Beverages,KwaZulu-Natal,Convenience,54.33,41.76,53.4,55.85,0.017,0,0,100.15,31.05,127,105,5607.0,1222.2
2025-02-14,SKU001,Beverages,KwaZulu-Natal,Convenience,54.33,41.76,53.79,53.12,0.0099,0,0,100.49,31.09,100,100,5379.0,1203.0
2025-02-15,SKU001,Beverages,Gauteng,Supermarket,54.33,41.76,54.55,52.64,0.0,0,0,100.66,31.15,220,141,7691.549999999999,1803.3899999999999
2025-02-16,SKU001,Beverages,Gauteng,Supermarket,54.33,41.76,56.55,54.89,0.0,0,0,100.44,31.25,171,152,8595.6,2248.08
2025-02-17,SKU001,Beverages,Gauteng,Supermarket,54.33,41.76,50.61,50.55,0.0685,1,0,100.42,30.94,247,200,10122.0,1770.0000000000002
2025-02-18,SKU001,Beverages,Gauteng,Convenience,54.33,41.76,59.55,53.39,0.0,0,0,100.53,31.25,67,67,3989.85,1191.9299999999998
2025-02-19,SKU001,Beverages,Western Cape,Supermarket,54.33,41.76,52.65,54.63,0.0309,0,0,100.52,30.97,201,141,7423.65,1535.49
2025-02-20,SKU001,Beverages,Western Cape,Supermarket,54.33,41.76,52.86,51.53,0.0271,0,0,100.31,31.06,226,137,7241.82,1520.7000000000003
2025-02-21,SKU001,Beverages,KwaZulu-Natal,Hyper,54.33,41.76,48.03,52.84,0.116,1,0,100.58,31.28,184,184,8837.52,1153.6800000000005
2025-02-22,SKU001,Beverages,Gauteng,Supermarket,54.33,41.76,54.46,54.78,0.0,0,0,101.07,31.13,156,155,8441.3,1968.5000000000005
2025-02-23,SKU001,Beverages,Gauteng,Supermarket,54.33,41.76,49.12,51.55,0.096,0,0,100.62,31.06,167,156,7662.719999999999,1148.1599999999999
2025-02-24,SKU001,Beverages,Western Cape,Convenience,54.33,41.76,49.84,53.83,0.0826,0,0,101.11,31.31,258,149,7426.160000000001,1203.9200000000008
2025-02-25,SKU001,Beverages,Gauteng,Supermarket,54.33,41.76,55.92,51.61,0.0,0,0,100.92,31.05,173,121,6766.320000000001,1713.3600000000004
2025-02-26,SKU001,Beverages,Gauteng,Supermarket,54.33,41.76,50.78,52.89,0.0653,0,0,100.43,31.11,105,105,5331.900000000001,947.1000000000004
2025-02-27,SKU001,Beverages,Western Cape,Supermarket,54.33,41.76,50.75,55.07,0.0658,0,0,100.84,31.1,213,168,8526.0,1510.3200000000004
2025-02-28,SKU001,Beverages,Gauteng,Supermarket,54.33,41.76,54.41,52.61,0.0,0,0,100.45,31.28,146,131,7127.709999999999,1657.1499999999999
2025-03-01,SKU001,Beverages,Western Cape,Supermarket,54.33,41.76,54.68,51.89,0.0,0,0,100.57,31.19,159,141,7709.88,1821.7200000000003
2025-03-02,SKU001,Beverages,Western Cape,Convenience,54.33,41.76,50.95,55.2,0.0621,1,0,100.97,31.11,91,91,4636.45,836.2900000000004
2025-03-03,SKU001,Beverages,KwaZulu-Natal,Convenience,54.33,41.76,50.87,53.99,0.0638,0,0,100.44,31.23,150,127,6460.49,1156.97
2025-03-04,SKU001,Beverages,KwaZulu-Natal,Supermarket,54.33,41.76,57.75,53.33,0.0,0,0,100.51,31.29,159,124,7161.0,1982.7600000000002
2025-03-05,SKU001,Beverages,KwaZulu-Natal,Supermarket,54.33,41.76,52.99,55.95,0.0246,0,0,101.32,31.16,138,121,6411.79,1358.8300000000004
2025-03-06,SKU001,Beverages,Gauteng,Supermarket,54.33,41.76,55.68,55.29,0.0,0,0,100.64,31.32,137,137,7628.16,1907.0400000000002
2025-03-07,SKU001,Beverages,KwaZulu-Natal,Hyper,54.33,41.76,48.17,53.98,0.1134,1,0,101.07,31.34,199,191,9200.470000000001,1224.3100000000006
2025-03-08,SKU001,Beverages,Western Cape,Supermarket,54.33,41.76,50.1,55.52,0.0779,0,0,100.88,31.24,229,153,7665.3,1276.0200000000004
2025-03-09,SKU001,Beverages,Western Cape,Hyper,54.33,41.76,49.95,56.04,0.0805,1,0,100.61,31.32,184,184,9190.800000000001,1506.960000000001
2025-03-10,SKU001,Beverages,KwaZulu-Natal,Supermarket,54.33,41.76,55.54,54.14,0.0,0,0,100.49,30.84,200,161,8941.94,2218.5800000000004
2025-03-11,SKU001,Beverages,KwaZulu-Natal,Hyper,54.33,41.76,55.49,52.01,0.0,0,0,100.98,31.22,186,168,9322.32,2306.640000000001
2025-03-12,SKU001,Beverages,KwaZulu-Natal,Supermarket,54.33,41.76,52.54,52.9,0.033,0,0,101.54,31.25,135,135,7092.9,1455.3000000000002
2025-03-13,SKU001,Beverages,KwaZulu-Natal,Supermarket,54.33,41.76,53.81,52.52,0.0096,0,0,100.29,31.36,114,114,6134.34,1373.7000000000005
2025-03-14,SKU001,Beverages,Western Cape,Supermarket,54.33,41.76,45.82,55.59,0.1567,1,0,101.04,31.14,164,164,7514.4800000000005,665.8400000000004
2025-03-15,SKU001,Beverages,Western Cape,Supermarket,54.33,41.76,49.63,53.94,0.0866,0,0,100.97,31.54,196,144,7146.72,1133.2800000000007
2025-03-16,SKU001,Beverages,Western Cape,Supermarket,54.33,41.76,57.32,52.69,0.0,0,0,100.81,31.06,193,127,7279.64,1976.1200000000003
2025-03-17,SKU001,Beverages,Gauteng,Supermarket,54.33,41.76,58.26,53.25,0.0,0,0,100.04,31.08,175,131,7632.0599999999995,2161.5
2025-03-18,SKU001,Beverages,Gauteng,Supermarket,54.33,41.76,49.11,55.01,0.0961,0,0,101.12,31.32,190,154,7562.94,1131.9000000000003
2025-03-19,SKU001,Beverages,Gauteng,Supermarket,54.33,41.76,56.75,53.24,0.0,0,0,100.82,31.08,181,142,8058.5,2128.5800000000004
2025-03-20,SKU001,Beverages,Gauteng,Supermarket,54.33,41.76,53.48,54.37,0.0157,0,0,101.04,31.06,129,129,6898.919999999999,1511.8799999999999
2025-03-21,SKU001,Beverages,Gauteng,Supermarket,54.33,41.76,54.9,56.68,0.0,0,0,100.63,30.9,140,128,7027.2,1681.92
2025-03-22,SKU001,Beverages,KwaZulu-Natal,Supermarket,54.33,41.76,53.52,54.03,0.015,0,0,100.88,31.24,237,140,7492.8,1646.4000000000008
2025-03-23,SKU001,Beverages,Western Cape,Convenience,54.33,41.76,50.76,54.41,0.0657,0,0,101.1,31.07,147,110,5583.599999999999,990.0
2025-03-24,SKU001,Beverages,Gauteng,Convenience,54.33,41.76,50.8,56.54,0.0649,0,0,100.99,31.2,183,155,7874.0,1401.1999999999998
2025-03-25,SKU001,Beverages,Gauteng,Supermarket,54.33,41.76,49.8,52.67,0.0834,0,0,101.16,31.11,205,152,7569.599999999999,1222.08
2025-03-26,SKU001,Beverages,Western Cape,Supermarket,54.33,41.76,56.11,52.31,0.0,0,0,100.64,31.18,212,171,9594.81,2453.8500000000004
2025-03-27,SKU001,Beverages,Western Cape,Supermarket,54.33,41.76,54.29,54.04,0.0007,0,0,101.0,30.92,179,125,6786.25,1566.2500000000002
2025-03-28,SKU001,Beverages,Western Cape,Supermarket,54.33,41.76,51.57,52.83,0.0507,0,0,100.94,31.25,244,184,9488.88,1805.0400000000004
2025-03-29,SKU001,Beverages,Western Cape,Supermarket,54.33,41.76,58.86,53.45,0.0,0,0,101.12,30.86,136,117,6886.62,2000.7000000000003
2025-03-30,SKU001,Beverages,KwaZulu-Natal,Hyper,54.33,41.76,51.61,55.19,0.0501,0,0,101.14,31.11,164,164,8464.039999999999,1615.4000000000003
2025-03-31,SKU001,Beverages,KwaZulu-Natal,Supermarket,54.33,41.76,50.86,54.18,0.0639,0,0,100.97,31.0,210,169,8595.34,1537.9000000000003
2025-04-01,SKU001,Beverages,Gauteng,Supermarket,54.33,41.76,48.15,53.89,0.1138,1,0,100.99,31.02,269,217,10448.55,1386.63
2025-04-02,SKU001,Beverages,Western Cape,Supermarket,54.33,41.76,56.77,55.91,0.0,0,0,100.87,30.74,156,140,7947.8,2101.4000000000005
2025-04-03,SKU001,Beverages,KwaZulu-Natal,Supermarket,54.33,41.76,49.16,51.67,0.0951,0,0,101.28,30.92,209,169,8308.039999999999,1250.5999999999997
2025-04-04,SKU001,Beverages,KwaZulu-Natal,Convenience,54.33,41.76,53.26,52.74,0.0196,0,1,101.35,31.04,175,154,8202.039999999999,1771.0
2025-04-05,SKU001,Beverages,KwaZulu-Natal,Hyper,54.33,41.76,50.1,52.44,0.0779,0,1,100.54,30.57,191,191,9569.1,1592.9400000000007
2025-04-06,SKU001,Beverages,Western Cape,Supermarket,54.33,41.76,56.28,51.9,0.0,0,1,100.78,30.52,187,160,9004.8,2323.2000000000007
2025-04-07,SKU001,Beverages,Gauteng,Supermarket,54.33,41.76,50.82,51.31,0.0647,0,0,101.41,31.03,182,169,8588.58,1531.1400000000003
2025-04-08,SKU001,Beverages,Gauteng,Supermarket,54.33,41.76,57.14,51.95,0.0,0,0,100.91,30.71,173,131,7485.34,2014.7800000000004
2025-04-09,SKU001,Beverages,Western Cape,Supermarket,54.33,41.76,58.43,52.49,0.0,0,0,101.79,30.88,139,128,7479.04,2133.76
2025-04-10,SKU001,Beverages,KwaZulu-Natal,Convenience,54.33,41.76,54.88,55.6,0.0,0,0,100.98,30.8,112,108,5927.04,1416.9600000000005
2025-04-11,SKU001,Beverages,Western Cape,Hyper,54.33,41.76,49.72,54.97,0.0848,0,1,100.85,30.69,215,177,8800.44,1408.92
2025-04-12,SKU001,Beverages,Gauteng,Convenience,54.33,41.76,55.04,52.02,0.0,0,1,101.47,30.87,153,135,7430.4,1792.8000000000002
2025-04-13,SKU001,Beverages,Gauteng,Convenience,54.33,41.76,56.29,54.66,0.0,0,1,101.25,30.75,206,135,7599.15,1961.5500000000002
2025-04-14,SKU001,Beverages,KwaZulu-Natal,Convenience,54.33,41.76,47.82,52.5,0.1198,1,0,101.33,30.56,196,150,7173.0,909.0000000000003
2025-04-15,SKU001,Beverages,Western Cape,Supermarket,54.33,41.76,55.79,51.65,0.0,0,0,101.21,30.6,214,138,7699.0199999999995,1936.14
2025-04-16,SKU001,Beverages,KwaZulu-Natal,Supermarket,54.33,41.76,51.97,54.3,0.0434,1,0,101.23,30.55,193,153,7951.41,1562.13
2025-04-17,SKU001,Beverages,Gauteng,Supermarket,54.33,41.76,58.37,53.07,0.0,0,0,100.63,30.68,147,135,7879.95,2242.35
2025-04-18,SKU001,Beverages,Western Cape,Supermarket,54.33,41.76,57.27,50.56,0.0,0,1,101.3,30.49,208,128,7330.56,1985.2800000000007
2025-04-19,SKU001,Beverages,KwaZulu-Natal,Supermarket,54.33,41.76,51.3,54.89,0.0558,0,1,100.83,30.46,216,170,8721.0,1621.8
2025-04-20,SKU001,Beverages,Western Cape,Convenience,54.33,41.76,59.15,51.99,0.0,0,1,101.04,30.42,123,123,7275.45,2138.9700000000003
2025-04-21,SKU001,Beverages,Western Cape,Convenience,54.33,41.76,49.24,52.7,0.0938,0,0,101.49,30.4,115,115,5662.6,860.2000000000005
2025-04-22,SKU001,Beverages,Gauteng,Convenience,54.33,41.76,57.34,53.47,0.0,0,0,101.66,30.44,160,122,6995.4800000000005,1900.7600000000007
2025-04-23,SKU001,Beverages,Gauteng,Supermarket,54.33,41.76,50.26,52.18,0.075,0,0,101.61,30.45,180,169,8493.94,1436.5
2025-04-24,SKU001,Beverages,Gauteng,Supermarket,54.33,41.76,57.56,54.76,0.0,0,0,101.79,30.11,111,111,6389.16,1753.8000000000004
2025-04-25,SKU001,Beverages,Western Cape,Supermarket,54.33,41.76,53.21,55.5,0.0206,1,1,102.0,30.24,202,167,8886.07,1912.1500000000005
2025-04-26,SKU001,Beverages,Western Cape,Convenience,54.33,41.76,50.29,51.97,0.0743,1,1,101.1,30.29,193,158,7945.82,1347.7400000000002
2025-04-27,SKU001,Beverages,Gauteng,Supermarket,54.33,41.76,50.34,53.56,0.0735,0,1,101.2,30.24,284,176,8859.84,1510.0800000000008
2025-04-28,SKU001,Beverages,Western Cape,Supermarket,54.33,41.76,56.57,52.56,0.0,0,0,101.49,30.27,148,138,7806.66,2043.7800000000002
2025-04-29,SKU001,Beverages,KwaZulu-Natal,Hyper,54.33,41.76,57.78,54.03,0.0,0,0,101.13,30.36,270,162,9360.36,2595.2400000000007
2025-04-30,SKU001,Beverages,Gauteng,Supermarket,54.33,41.76,57.48,52.99,0.0,0,0,101.11,30.01,245,145,8334.6,2279.3999999999996
2025-05-01,SKU001,Beverages,Gauteng,Supermarket,54.33,41.76,49.23,53.03,0.0939,0,0,100.99,30.22,213,183,9009.09,1367.0099999999998
2025-05-02,SKU001,Beverages,Gauteng,Hyper,54.33,41.76,52.93,52.39,0.0258,0,0,100.84,29.83,275,190,10056.7,2122.3
2025-05-03,SKU001,Beverages,Gauteng,Supermarket,54.33,41.76,51.19,55.14,0.0579,0,0,100.86,29.99,268,174,8907.06,1640.82
2025-05-04,SKU001,Beverages,Western Cape,Hyper,54.33,41.76,54.25,53.38,0.0015,0,0,101.77,30.1,197,173,9385.25,2160.7700000000004
2025-05-05,SKU001,Beverages,Gauteng,Supermarket,54.33,41.76,51.7,54.45,0.0484,0,0,101.02,30.07,153,153,7910.1,1520.8200000000008
2025-05-06,SKU001,Beverages,Western Cape,Convenience,54.33,41.76,49.7,53.41,0.0853,0,0,101.73,29.76,123,123,6113.1,976.6200000000006
2025-05-07,SKU001,Beverages,KwaZulu-Natal,Supermarket,54.33,41.76,50.72,52.49,0.0665,0,0,101.59,29.75,176,153,7760.16,1370.88
2025-05-08,SKU001,Beverages,KwaZulu-Natal,Supermarket,54.33,41.76,50.11,54.46,0.0776,0,0,102.03,29.88,179,148,7416.28,1235.8000000000002
2025-05-09,SKU001,Beverages,KwaZulu-Natal,Supermarket,54.33,41.76,54.41,53.54,0.0,0,0,101.37,29.74,193,136,7399.759999999999,1720.3999999999999
2025-05-10,SKU001,Beverages,Gauteng,Supermarket,54.33,41.76,49.22,54.5,0.094,0,0,101.53,29.74,183,183,9007.26,1365.18
2025-05-11,SKU001,Beverages,Gauteng,Convenience,54.33,41.76,50.82,55.58,0.0646,0,0,101.52,29.74,183,130,6606.6,1177.8000000000002
2025-05-12,SKU001,Beverages,Gauteng,Supermarket,54.33,41.76,55.1,54.34,0.0,0,0,101.6,29.96,230,156,8595.6,2081.0400000000004
2025-05-13,SKU001,Beverages,Gauteng,Supermarket,54.33,41.76,57.4,55.47,0.0,0,0,101.23,29.83,206,131,7519.4,2048.84
2025-05-14,SKU001,Beverages,Gauteng,Supermarket,54.33,41.76,57.18,54.77,0.0,0,0,101.6,29.91,197,130,7433.4,2004.6000000000001
2025-05-15,SKU001,Beverages,Western Cape,Supermarket,54.33,41.76,53.77,52.42,0.0103,0,0,101.1,29.48,162,150,8065.500000000001,1801.5000000000007
2025-05-16,SKU001,Beverages,Western Cape,Supermarket,54.33,41.76,53.93,56.32,0.0073,0,0,101.09,29.86,168,146,7873.78,1776.8200000000002
2025-05-17,SKU001,Beverages,Gauteng,Supermarket,54.33,41.76,54.7,56.18,0.0,0,0,101.15,29.43,181,119,6509.3,1539.8600000000006
2025-05-18,SKU001,Beverages,Gauteng,Convenience,54.33,41.76,58.97,54.48,0.0,0,0,101.68,29.6,112,97,5720.09,1669.3700000000001
2025-05-19,SKU001,Beverages,Western Cape,Supermarket,54.33,41.76,55.53,50.76,0.0,0,0,101.81,29.51,130,130,7218.900000000001,1790.1000000000004
2025-05-20,SKU001,Beverages,Western Cape,Supermarket,54.33,41.76,54.6,54.74,0.0,0,0,101.82,29.43,162,126,6879.6,1617.8400000000004
2025-05-21,SKU001,Beverages,Western Cape,Convenience,54.33,41.76,55.78,52.91,0.0,0,0,101.96,29.54,131,106,5912.68,1486.1200000000003
2025-05-22,SKU001,Beverages,KwaZulu-Natal,Supermarket,54.33,41.76,53.36,51.75,0.0178,0,0,101.72,29.6,124,116,6189.76,1345.6000000000001
2025-05-23,SKU001,Beverages,Western Cape,Convenience,54.33,41.76,53.81,54.23,0.0096,0,0,102.11,29.37,100,100,5381.0,1205.0000000000005
2025-05-24,SKU001,Beverages,KwaZulu-Natal,Supermarket,54.33,41.76,54.84,56.47,0.0,0,0,101.67,29.65,114,114,6251.76,1491.1200000000006
2025-05-25,SKU001,Beverages,Gauteng,Convenience,54.33,41.76,56.69,51.53,0.0,0,0,101.71,29.33,125,93,5272.17,1388.49
2025-05-26,SKU001,Beverages,Western Cape,Supermarket,54.33,41.76,52.75,52.7,0.029,0,0,102.09,29.25,150,143,7543.25,1571.5700000000004
2025-05-27,SKU001,Beverages,KwaZulu-Natal,Supermarket,54.33,41.76,45.08,54.59,0.1703,1,0,101.92,29.41,320,233,10503.64,773.5600000000001
2025-05-28,SKU001,Beverages,Gauteng,Supermarket,54.33,41.76,50.8,53.97,0.0649,0,0,102.21,29.45,204,150,7620.0,1355.9999999999998
2025-05-29,SKU001,Beverages,Western Cape,Supermarket,54.33,41.76,58.97,55.61,0.0,0,0,101.41,29.52,146,133,7843.01,2288.9300000000003
2025-05-30,SKU001,Beverages,KwaZulu-Natal,Convenience,54.33,41.76,48.82,54.08,0.1014,1,0,101.22,29.5,169,147,7176.54,1037.8200000000004
2025-05-31,SKU001,Beverages,KwaZulu-Natal,Hyper,54.33,41.76,52.37,52.71,0.0361,1,0,101.33,29.16,184,178,9321.859999999999,1888.58
2025-06-01,SKU001,Beverages,Gauteng,Supermarket,54.33,41.76,59.68,55.2,0.0,0,0,101.19,29.26,168,127,7579.36,2275.84
2025-06-02,SKU001,Beverages,Western Cape,Hyper,54.33,41.76,57.48,54.28,0.0,0,0,101.95,29.2,166,150,8622.0,2358.0
2025-06-03,SKU001,Beverages,Western Cape,Hyper,54.33,41.76,55.86,53.83,0.0,0,0,101.62,29.22,185,147,8211.42,2072.7000000000003
2025-06-04,SKU001,Beverages,KwaZulu-Natal,Supermarket,54.33,41.76,53.23,53.86,0.0203,0,0,102.12,29.28,133,117,6227.91,1341.9899999999998
2025-06-05,SKU001,Beverages,Western Cape,Supermarket,54.33,41.76,51.78,54.7,0.0469,1,0,101.41,29.18,128,128,6627.84,1282.5600000000004
2025-06-06,SKU001,Beverages,Western Cape,Hyper,54.33,41.76,49.56,52.28,0.0877,0,0,101.88,28.96,206,176,8722.560000000001,1372.8000000000006
2025-06-07,SKU001,Beverages,KwaZulu-Natal,Supermarket,54.33,41.76,43.0,53.18,0.2085,1,0,102.18,29.05,214,199,8557.0,246.7600000000004
2025-06-08,SKU001,Beverages,Gauteng,Convenience,54.33,41.76,47.58,55.38,0.1242,1,0,101.87,29.29,124,124,5899.92,721.6800000000001
2025-06-09,SKU001,Beverages,Gauteng,Convenience,54.33,41.76,49.02,55.08,0.0978,0,0,101.69,29.22,80,80,3921.6000000000004,580.8000000000004
2025-06-10,SKU001,Beverages,Western Cape,Hyper,54.33,41.76,47.97,52.24,0.1171,1,0,101.8,28.9,183,183,8778.51,1136.43
2025-06-11,SKU001,Beverages,Gauteng,Supermarket,54.33,41.76,53.89,51.24,0.0081,0,0,101.76,28.85,172,137,7382.93,1661.8100000000004
2025-06-12,SKU001,Beverages,KwaZulu-Natal,Supermarket,54.33,41.76,49.31,54.94,0.0923,0,0,101.6,29.31,155,130,6410.3,981.5000000000006
2025-06-13,SKU001,Beverages,Gauteng,Convenience,54.33,41.76,49.62,56.37,0.0867,0,0,102.07,29.21,136,111,5507.82,872.4599999999999
2025-06-14,SKU001,Beverages,Gauteng,Hyper,54.33,41.76,52.7,51.67,0.0301,0,0,101.7,29.03,194,142,7483.400000000001,1553.4800000000007
2025-06-15,SKU001,Beverages,Western Cape,Supermarket,54.33,41.76,51.78,55.01,0.047,0,0,102.17,29.16,208,138,7145.64,1382.7600000000004
2025-06-16,SKU001,Beverages,Western Cape,Supermarket,54.33,41.76,49.35,54.58,0.0916,0,0,102.23,29.05,256,166,8192.1,1259.9400000000005
2025-06-17,SKU001,Beverages,KwaZulu-Natal,Hyper,54.33,41.76,58.98,52.49,0.0,0,0,102.38,28.9,105,105,6192.9,1808.1
2025-06-18,SKU001,Beverages,Gauteng,Supermarket,54.33,41.76,52.0,54.34,0.0428,0,0,101.79,28.9,194,151,7852.0,1546.2400000000002
2025-06-19,SKU001,Beverages,KwaZulu-Natal,Supermarket,54.33,41.76,58.05,56.44,0.0,0,0,101.94,28.89,163,118,6849.9,1922.2199999999998
2025-06-20,SKU001,Beverages,Western Cape,Supermarket,54.33,41.76,54.39,52.99,0.0,0,0,101.99,28.82,171,129,7016.31,1629.2700000000004
2025-06-21,SKU001,Beverages,Gauteng,Supermarket,54.33,41.76,56.38,51.0,0.0,0,0,102.1,28.99,182,129,7273.02,1885.9800000000005
2025-06-22,SKU001,Beverages,Western Cape,Supermarket,54.33,41.76,54.93,52.91,0.0,0,0,101.83,28.76,178,129,7085.97,1698.9300000000003
2025-06-23,SKU001,Beverages,Gauteng,Hyper,54.33,41.76,57.17,53.87,0.0,0,0,102.34,28.86,124,124,7089.08,1910.8400000000004
2025-06-24,SKU001,Beverages,Western Cape,Convenience,54.33,41.76,46.22,54.21,0.1493,1,0,102.44,28.81,142,142,6563.24,633.3200000000002
2025-06-25,SKU001,Beverages,Western Cape,Supermarket,54.33,41.76,49.6,53.37,0.087,0,0,102.31,29.19,273,164,8134.400000000001,1285.7600000000007
2025-06-26,SKU001,Beverages,Gauteng,Hyper,54.33,41.76,49.73,53.83,0.0846,0,0,101.75,28.97,237,201,9995.73,1601.9699999999998
2025-06-27,SKU001,Beverages,Gauteng,Hyper,54.33,41.76,50.5,55.14,0.0705,0,0,101.81,28.43,134,134,6767.0,1171.1600000000003
2025-06-28,SKU001,Beverages,Western Cape,Supermarket,54.33,41.76,47.91,56.85,0.1181,1,0,102.02,28.92,234,160,7665.599999999999,983.9999999999998
2025-06-29,SKU001,Beverages,Gauteng,Supermarket,54.33,41.76,52.53,52.04,0.0331,0,0,101.88,28.75,190,137,7196.610000000001,1475.4900000000005
2025-06-30,SKU001,Beverages,Western Cape,Convenience,54.33,41.76,53.88,54.68,0.0084,0,0,101.84,28.58,99,99,5334.12,1199.8800000000006
2025-07-01,SKU001,Beverages,Gauteng,Supermarket,54.33,41.76,48.01,53.11,0.1164,1,0,101.98,29.06,215,168,8065.679999999999,1050.0
2025-07-02,SKU001,Beverages,Gauteng,Convenience,54.33,41.76,51.61,54.42,0.0501,0,0,101.71,28.68,167,118,6089.98,1162.3000000000002
2025-07-03,SKU001,Beverages,KwaZulu-Natal,Supermarket,54.33,41.76,49.58,53.82,0.0875,0,0,101.78,28.73,150,106,5255.48,828.9200000000001
2025-07-04,SKU001,Beverages,KwaZulu-Natal,Supermarket,54.33,41.76,49.46,54.98,0.0895,0,0,102.1,28.82,119,119,5885.74,916.3000000000003
2025-07-05,SKU001,Beverages,KwaZulu-Natal,Supermarket,54.33,41.76,55.04,54.76,0.0,0,0,101.88,28.64,146,121,6659.84,1606.88
2025-07-06,SKU001,Beverages,Gauteng,Supermarket,54.33,41.76,55.0,54.87,0.0,0,0,101.92,28.72,123,123,6765.0,1628.5200000000002
2025-07-07,SKU001,Beverages,Gauteng,Supermarket,54.33,41.76,49.79,56.77,0.0837,0,0,102.08,28.86,76,76,3784.04,610.2800000000001
2025-07-08,SKU001,Beverages,KwaZulu-Natal,Convenience,54.33,41.76,54.82,56.71,0.0,0,0,101.94,29.1,102,84,4604.88,1097.0400000000002
2025-07-09,SKU001,Beverages,Gauteng,Supermarket,54.33,41.76,51.71,54.82,0.0483,0,0,101.86,28.71,129,129,6670.59,1283.5500000000004
2025-07-10,SKU001,Beverages,Gauteng,Supermarket,54.33,41.76,57.29,54.36,0.0,0,0,101.99,28.88,162,115,6588.349999999999,1785.95
2025-07-11,SKU001,Beverages,Gauteng,Supermarket,54.33,41.76,53.03,54.66,0.0239,0,0,102.08,28.96,115,115,6098.45,1296.0500000000004
2025-07-12,SKU001,Beverages,KwaZulu-Natal,Supermarket,54.33,41.76,54.69,55.08,0.0,0,0,102.47,28.89,139,105,5742.45,1357.6499999999999
2025-07-13,SKU001,Beverages,Western Cape,Convenience,54.33,41.76,59.58,54.63,0.0,0,0,101.87,28.77,88,78,4647.24,1389.96
2025-07-14,SKU001,Beverages,KwaZulu-Natal,Hyper,54.33,41.76,58.49,52.66,0.0,0,0,102.08,28.64,136,111,6492.39,1857.0300000000004
2025-07-15,SKU001,Beverages,Gauteng,Convenience,54.33,41.76,50.7,56.16,0.0668,0,0,102.57,28.99,153,107,5424.900000000001,956.5800000000005
2025-07-16,SKU001,Beverages,Western Cape,Supermarket,54.33,41.76,58.22,52.55,0.0,0,0,102.7,28.86,131,105,6113.099999999999,1728.3000000000002
2025-07-17,SKU001,Beverages,Western Cape,Supermarket,54.33,41.76,52.78,55.96,0.0284,0,0,102.57,28.81,158,130,6861.400000000001,1432.6000000000004
2025-07-18,SKU001,Beverages,Western Cape,Hyper,54.33,41.76,57.03,52.78,0.0,0,0,102.01,28.78,144,97,5531.91,1481.1900000000003
2025-07-19,SKU001,Beverages,KwaZulu-Natal,Supermarket,54.33,41.76,50.27,54.07,0.0747,0,0,102.65,28.85,158,107,5378.89,910.5700000000005
2025-07-20,SKU001,Beverages,Western Cape,Supermarket,54.33,41.76,55.88,53.02,0.0,0,0,102.08,28.94,143,115,6426.200000000001,1623.8000000000006
2025-07-21,SKU001,Beverages,Western Cape,Supermarket,54.33,41.76,59.09,51.72,0.0,0,0,102.8,29.02,135,102,6027.18,1767.6600000000005
2025-07-22,SKU001,Beverages,Gauteng,Supermarket,54.33,41.76,53.75,52.29,0.0106,0,0,102.31,28.98,184,126,6772.5,1510.7400000000002
2025-07-23,SKU001,Beverages,Gauteng,Convenience,54.33,41.76,49.35,52.32,0.0916,0,0,102.2,28.86,149,119,5872.650000000001,903.2100000000004
2025-07-24,SKU001,Beverages,KwaZulu-Natal,Supermarket,54.33,41.76,51.96,55.28,0.0437,0,0,102.31,28.95,148,114,5923.4400000000005,1162.8000000000004
2025-07-25,SKU001,Beverages,Western Cape,Supermarket,54.33,41.76,47.4,53.37,0.1275,1,0,102.81,28.63,180,175,8295.0,987.0000000000001
2025-07-26,SKU001,Beverages,KwaZulu-Natal,Convenience,54.33,41.76,47.41,53.68,0.1273,1,0,102.55,29.18,153,125,5926.25,706.2499999999998
2025-07-27,SKU001,Beverages,KwaZulu-Natal,Supermarket,54.33,41.76,53.59,54.88,0.0136,1,0,102.63,28.98,253,140,7502.6,1656.2000000000007
2025-07-28,SKU001,Beverages,Western Cape,Supermarket,54.33,41.76,55.49,53.62,0.0,0,0,102.44,29.16,184,124,6880.76,1702.5200000000004
2025-07-29,SKU001,Beverages,Western Cape,Supermarket,54.33,41.76,54.2,52.48,0.0025,0,0,102.83,28.93,151,121,6558.200000000001,1505.2400000000007
2025-07-30,SKU001,Beverages,KwaZulu-Natal,Supermarket,54.33,41.76,54.03,52.65,0.0055,0,0,102.13,29.01,115,99,5348.97,1214.7300000000002
2025-07-31,SKU001,Beverages,Gauteng,Supermarket,54.33,41.76,48.96,51.49,0.0989,0,0,101.7,29.01,171,157,7686.72,1130.4000000000005
2025-08-01,SKU001,Beverages,Gauteng,Supermarket,54.33,41.76,50.13,54.19,0.0772,0,0,102.29,29.12,161,130,6516.900000000001,1088.1000000000006
2025-08-02,SKU001,Beverages,Gauteng,Hyper,54.33,41.76,53.48,51.4,0.0156,0,0,101.7,28.93,180,153,8182.44,1793.1599999999999
2025-08-03,SKU001,Beverages,Gauteng,Supermarket,54.33,41.76,50.14,56.45,0.0771,0,0,102.21,29.08,154,149,7470.86,1248.6200000000003
2025-08-04,SKU001,Beverages,Western Cape,Supermarket,54.33,41.76,49.77,53.97,0.084,0,0,101.7,29.05,155,131,6519.870000000001,1049.3100000000006
2025-08-05,SKU001,Beverages,Gauteng,Supermarket,54.33,41.76,55.55,54.99,0.0,0,0,102.35,29.09,154,118,6554.9,1627.2199999999998
2025-08-06,SKU001,Beverages,KwaZulu-Natal,Supermarket,54.33,41.76,42.68,54.02,0.2144,1,0,102.58,28.94,130,130,5548.4,119.60000000000022
2025-08-07,SKU001,Beverages,Western Cape,Supermarket,54.33,41.76,58.09,55.23,0.0,0,0,101.81,29.24,118,109,6331.81,1779.9700000000005
2025-08-08,SKU001,Beverages,Western Cape,Supermarket,54.33,41.76,57.57,56.16,0.0,0,0,102.94,29.11,129,101,5814.57,1596.8100000000002
2025-08-09,SKU001,Beverages,Gauteng,Supermarket,54.33,41.76,56.38,56.41,0.0,0,0,101.87,29.35,113,113,6370.9400000000005,1652.0600000000004
2025-08-10,SKU001,Beverages,Western Cape,Convenience,54.33,41.76,49.17,53.15,0.0949,0,0,102.31,29.05,164,107,5261.1900000000005,792.8700000000003
2025-08-11,SKU001,Beverages,Western Cape,Supermarket,54.33,41.76,51.26,51.21,0.0564,0,0,102.78,29.04,146,121,6202.46,1149.5
2025-08-12,SKU001,Beverages,Western Cape,Supermarket,54.33,41.76,59.37,53.08,0.0,0,0,102.54,29.24,102,85,5046.45,1496.85
2025-08-13,SKU001,Beverages,Gauteng,Supermarket,54.33,41.76,52.25,53.7,0.0383,1,0,101.92,29.21,117,117,6113.25,1227.3300000000002
2025-08-14,SKU001,Beverages,Gauteng,Supermarket,54.33,41.76,57.18,57.45,0.0,0,0,102.03,29.55,151,102,5832.36,1572.8400000000001
2025-08-15,SKU001,Beverages,Western Cape,Supermarket,54.33,41.76,55.2,50.65,0.0,0,0,102.44,29.24,121,103,5685.6,1384.3200000000004
2025-08-16,SKU001,Beverages,Gauteng,Supermarket,54.33,41.76,55.64,57.01,0.0,0,0,102.17,29.5,97,97,5397.08,1346.3600000000004
2025-08-17,SKU001,Beverages,Gauteng,Supermarket,54.33,41.76,46.03,55.6,0.1527,1,0,102.59,29.43,203,159,7318.77,678.9300000000005
2025-08-18,SKU001,Beverages,KwaZulu-Natal,Convenience,54.33,41.76,59.56,51.95,0.0,0,0,102.42,29.37,92,77,4586.12,1370.6000000000004
2025-08-19,SKU001,Beverages,Gauteng,Supermarket,54.33,41.76,54.25,54.23,0.0015,0,0,102.72,29.31,127,88,4774.0,1099.1200000000001
2025-08-20,SKU001,Beverages,Gauteng,Convenience,54.33,41.76,59.29,56.26,0.0,0,0,102.61,29.5,96,82,4861.78,1437.46
2025-08-21,SKU001,Beverages,Gauteng,Convenience,54.33,41.76,58.96,57.62,0.0,0,0,102.51,29.62,105,87,5129.52,1496.4000000000003
2025-08-22,SKU001,Beverages,Gauteng,Hyper,54.33,41.76,52.79,52.64,0.0283,0,0,102.45,29.43,181,129,6809.91,1422.8700000000001
2025-08-23,SKU001,Beverages,KwaZulu-Natal,Supermarket,54.33,41.76,50.45,54.68,0.0714,0,0,102.41,29.65,170,122,6154.900000000001,1060.1800000000005
2025-08-24,SKU001,Beverages,KwaZulu-Natal,Convenience,54.33,41.76,54.2,54.19,0.0025,0,0,102.81,29.44,89,84,4552.8,1044.9600000000005
2025-08-25,SKU001,Beverages,Western Cape,Supermarket,54.33,41.76,52.15,53.89,0.0401,0,0,102.63,29.56,148,121,6310.15,1257.19
2025-08-26,SKU001,Beverages,Gauteng,Supermarket,54.33,41.76,52.11,52.7,0.0409,0,0,102.36,29.58,116,115,5992.65,1190.2500000000002
2025-08-27,SKU001,Beverages,KwaZulu-Natal,Supermarket,54.33,41.76,55.86,51.36,0.0,0,0,102.54,29.73,120,98,5474.28,1381.8000000000002
2025-08-28,SKU001,Beverages,Gauteng,Supermarket,54.33,41.76,53.78,55.47,0.0101,0,0,102.71,29.67,209,140,7529.2,1682.8000000000004
2025-01-01,SKU002,Snacks,Western Cape,Hyper,31.38,18.39,29.14,31.27,0.0714,0,0,100.15,30.11,306,290,8450.6,3117.5
2025-01-02,SKU002,Snacks,Western Cape,Supermarket,31.38,18.39,32.94,30.44,0.0,0,0,100.29,29.98,171,140,4611.599999999999,2036.9999999999995
2025-01-03,SKU002,Snacks,Gauteng,Supermarket,31.38,18.39,30.5,29.71,0.028,0,0,100.28,29.96,257,186,5673.0,2252.46
2025-01-04,SKU002,Snacks,KwaZulu-Natal,Convenience,31.38,18.39,30.61,30.18,0.0245,0,0,99.9,30.25,228,138,4224.18,1686.36
2025-01-05,SKU002,Snacks,Gauteng,Hyper,31.38,18.39,30.11,30.39,0.0404,0,0,100.34,30.34,292,231,6955.41,2707.3199999999997
2025-01-06,SKU002,Snacks,Western Cape,Supermarket,31.38,18.39,30.96,30.85,0.0135,0,0,99.98,30.18,174,149,4613.04,1872.93
2025-01-07,SKU002,Snacks,Gauteng,Supermarket,31.38,18.39,29.57,30.6,0.0576,0,0,99.94,30.43,238,210,6209.7,2347.7999999999997
2025-01-08,SKU002,Snacks,Western Cape,Hyper,31.38,18.39,29.1,31.05,0.0727,0,0,100.72,30.01,351,251,7304.1,2688.21
2025-01-09,SKU002,Snacks,Gauteng,Supermarket,31.38,18.39,30.55,30.01,0.0264,0,0,99.83,30.36,162,162,4949.1,1969.92
2025-01-10,SKU002,Snacks,Western Cape,Supermarket,31.38,18.39,31.34,29.4,0.0014,0,0,100.15,30.26,116,116,3635.44,1502.1999999999998
2025-01-11,SKU002,Snacks,Western Cape,Supermarket,31.38,18.39,33.1,29.23,0.0,0,0,100.13,30.41,187,151,4998.1,2221.21
2025-01-12,SKU002,Snacks,Western Cape,Supermarket,31.38,18.39,29.0,30.84,0.076,0,0,100.6,30.46,221,210,6090.0,2228.1
2025-01-13,SKU002,Snacks,Gauteng,Supermarket,31.38,18.39,33.14,30.46,0.0,0,0,100.19,30.39,109,109,3612.26,1607.75
2025-01-14,SKU002,Snacks,Western Cape,Supermarket,31.38,18.39,32.93,28.81,0.0,0,0,99.87,30.4,155,128,4215.04,1861.12
2025-01-15,SKU002,Snacks,KwaZulu-Natal,Hyper,31.38,18.39,29.47,29.16,0.0608,0,0,100.17,30.47,245,190,5599.3,2105.2
2025-01-16,SKU002,Snacks,Gauteng,Supermarket,31.38,18.39,30.68,31.34,0.0224,0,0,99.88,30.54,230,164,5031.5199999999995,2015.56
2025-01-17,SKU002,Snacks,KwaZulu-Natal,Supermarket,31.38,18.39,29.17,30.01,0.0705,0,0,100.48,30.48,181,181,5279.77,1951.1800000000003
2025-01-18,SKU002,Snacks,Gauteng,Supermarket,31.38,18.39,28.72,30.31,0.0848,0,0,100.15,30.83,251,232,6663.04,2396.5599999999995
2025-01-19,SKU002,Snacks,Gauteng,Supermarket,31.38,18.39,34.27,29.91,0.0,0,0,99.78,30.51,181,147,5037.6900000000005,2334.3600000000006
2025-01-20,SKU002,Snacks,Gauteng,Supermarket,31.38,18.39,34.4,29.7,0.0,0,0,100.32,30.6,160,147,5056.8,2353.47
2025-01-21,SKU002,Snacks,KwaZulu-Natal,Convenience,31.38,18.39,31.24,29.72,0.0046,0,0,100.36,30.6,138,137,4279.88,1760.4499999999998
2025-01-22,SKU002,Snacks,Gauteng,Supermarket,31.38,18.39,31.37,30.63,0.0002,0,0,100.49,30.85,226,193,6054.41,2505.14
2025-01-23,SKU002,Snacks,Gauteng,Supermarket,31.38,18.39,30.93,29.88,0.0143,0,0,100.52,30.58,236,194,6000.42,2432.7599999999998
2025-01-24,SKU002,Snacks,Western Cape,Supermarket,31.38,18.39,34.48,30.14,0.0,0,0,100.12,30.79,103,103,3551.4399999999996,1657.2699999999995
2025-01-25,SKU002,Snacks,KwaZulu-Natal,Convenience,31.38,18.39,31.78,29.68,0.0,0,0,99.71,30.85,215,141,4480.9800000000005,1887.99
2025-01-26,SKU002,Snacks,Western Cape,Convenience,31.38,18.39,29.63,29.44,0.0558,0,0,99.91,30.73,197,168,4977.84,1888.3199999999997
2025-01-27,SKU002,Snacks,KwaZulu-Natal,Supermarket,31.38,18.39,30.01,31.78,0.0435,0,0,100.89,30.52,271,195,5851.950000000001,2265.9
2025-01-28,SKU002,Snacks,KwaZulu-Natal,Supermarket,31.38,18.39,31.36,31.68,0.0005,0,0,100.22,30.75,168,168,5268.48,2178.96
2025-01-29,SKU002,Snacks,Western Cape,Convenience,31.38,18.39,30.33,30.7,0.0336,0,0,99.54,30.83,242,167,5065.11,1993.9799999999996
2025-01-30,SKU002,Snacks,Western Cape,Convenience,31.38,18.39,30.91,30.6,0.015,0,0,100.55,30.55,107,107,3307.37,1339.6399999999999
2025-01-31,SKU002,Snacks,KwaZulu-Natal,Supermarket,31.38,18.39,30.33,30.92,0.0336,1,0,100.01,30.68,163,163,4943.79,1946.2199999999996
2025-02-01,SKU002,Snacks,Gauteng,Hyper,31.38,18.39,33.9,29.27,0.0,0,0,100.15,30.79,264,173,5864.7,2683.2299999999996
2025-02-02,SKU002,Snacks,Gauteng,Supermarket,31.38,18.39,31.91,30.74,0.0,0,0,100.9,30.94,243,178,5679.9800000000005,2406.56
2025-02-03,SKU002,Snacks,Gauteng,Hyper,31.38,18.39,31.44,29.44,0.0,0,0,99.92,30.91,273,232,7294.08,3027.6000000000004
2025-02-04,SKU002,Snacks,Gauteng,Hyper,31.38,18.39,33.65,31.29,0.0,0,0,100.63,30.91,287,205,6898.25,3128.2999999999997
2025-02-05,SKU002,Snacks,Gauteng,Supermarket,31.38,18.39,31.77,31.16,0.0,0,0,100.21,31.1,256,188,5972.76,2515.4399999999996
2025-02-06,SKU002,Snacks,Western Cape,Hyper,31.38,18.39,29.72,30.25,0.053,0,0,100.19,31.18,341,241,7162.5199999999995,2730.5299999999997
2025-02-07,SKU002,Snacks,KwaZulu-Natal,Supermarket,31.38,18.39,33.66,30.34,0.0,0,0,100.59,31.25,162,148,4981.679999999999,2259.9599999999996
2025-02-08,SKU002,Snacks,Gauteng,Supermarket,31.38,18.39,33.24,30.65,0.0,0,0,100.09,30.84,240,175,5817.0,2598.7500000000005
2025-02-09,SKU002,Snacks,KwaZulu-Natal,Convenience,31.38,18.39,30.05,29.72,0.0425,0,0,100.03,31.02,125,125,3756.25,1457.5
2025-02-10,SKU002,Snacks,Western Cape,Hyper,31.38,18.39,30.96,29.67,0.0134,0,0,100.24,31.0,214,214,6625.4400000000005,2689.98
2025-02-11,SKU002,Snacks,Gauteng,Convenience,31.38,18.39,27.18,31.35,0.1338,1,0,100.83,31.25,312,282,7664.76,2478.7799999999997
2025-02-12,SKU002,Snacks,Western Cape,Supermarket,31.38,18.39,27.5,30.33,0.1236,1,0,100.57,31.05,292,250,6875.0,2277.5
2025-02-13,SKU002,Snacks,Gauteng,Supermarket,31.38,18.39,29.9,28.79,0.0471,0,0,100.2,30.9,182,182,5441.8,2094.8199999999997
2025-02-14,SKU002,Snacks,Western Cape,Hyper,31.38,18.39,28.82,30.23,0.0816,0,0,100.52,31.14,390,246,7089.72,2565.7799999999997
2025-02-15,SKU002,Snacks,Western Cape,Supermarket,31.38,18.39,32.07,31.23,0.0,0,0,100.91,31.27,150,147,4714.29,2010.96
2025-02-16,SKU002,Snacks,KwaZulu-Natal,Convenience,31.38,18.39,32.51,31.82,0.0,0,0,100.45,31.15,157,135,4388.849999999999,1906.1999999999996
2025-02-17,SKU002,Snacks,Western Cape,Supermarket,31.38,18.39,33.51,30.76,0.0,0,0,100.51,31.1,154,154,5160.54,2328.4799999999996
2025-02-18,SKU002,Snacks,Western Cape,Supermarket,31.38,18.39,30.97,30.59,0.0132,0,0,100.28,31.11,206,184,5698.48,2314.72
2025-02-19,SKU002,Snacks,Western Cape,Supermarket,31.38,18.39,29.76,31.48,0.0516,0,0,100.07,31.37,248,194,5773.4400000000005,2205.78
2025-02-20,SKU002,Snacks,KwaZulu-Natal,Hyper,31.38,18.39,32.05,31.86,0.0,0,0,100.35,31.02,201,185,5929.249999999999,2527.0999999999995
2025-02-21,SKU002,Snacks,KwaZulu-Natal,Hyper,31.38,18.39,32.11,30.49,0.0,0,0,100.64,30.95,287,203,6518.33,2785.16
2025-02-22,SKU002,Snacks,Western Cape,Supermarket,31.38,18.39,30.55,28.74,0.0263,0,0,100.63,31.28,251,196,5987.8,2383.36
2025-02-23,SKU002,Snacks,Gauteng,Hyper,31.38,18.39,30.93,29.38,0.0145,0,0,100.81,31.3,290,276,8536.68,3461.04
2025-02-24,SKU002,Snacks,Western Cape,Convenience,31.38,18.39,31.32,29.68,0.0018,0,0,100.46,30.91,168,152,4760.64,1965.36
2025-02-25,SKU002,Snacks,Western Cape,Supermarket,31.38,18.39,33.78,29.36,0.0,0,0,101.05,31.26,231,162,5472.360000000001,2493.1800000000003
2025-02-26,SKU002,Snacks,Western Cape,Supermarket,31.38,18.39,28.01,28.36,0.1075,1,0,100.65,30.94,312,291,8150.910000000001,2799.42
2025-02-27,SKU002,Snacks,KwaZulu-Natal,Supermarket,31.38,18.39,34.15,28.29,0.0,0,0,100.94,31.2,117,117,3995.5499999999997,1843.9199999999998
2025-02-28,SKU002,Snacks,Western Cape,Convenience,31.38,18.39,31.0,30.69,0.0122,0,0,100.92,31.27,166,166,5146.0,2093.2599999999998
2025-03-01,SKU002,Snacks,Western Cape,Hyper,31.38,18.39,29.28,30.04,0.0669,0,0,100.77,31.13,420,262,7671.360000000001,2853.1800000000003
2025-03-02,SKU002,Snacks,Western Cape,Supermarket,31.38,18.39,31.5,30.11,0.0,0,0,100.46,31.01,166,166,5229.0,2176.2599999999998
2025-03-03,SKU002,Snacks,Gauteng,Supermarket,31.38,18.39,26.89,32.2,0.1432,1,0,100.86,31.35,531,407,10944.23,3459.5
2025-03-04,SKU002,Snacks,Western Cape,Supermarket,31.38,18.39,28.97,30.8,0.0769,0,0,100.99,31.16,283,279,8082.63,2951.8199999999997
2025-03-05,SKU002,Snacks,Western Cape,Hyper,31.38,18.39,33.86,29.14,0.0,0,0,100.78,31.13,160,160,5417.6,2475.2
2025-03-06,SKU002,Snacks,Western Cape,Hyper,31.38,18.39,32.56,32.15,0.0,0,0,100.7,31.08,281,219,7130.64,3103.2300000000005
2025-03-07,SKU002,Snacks,KwaZulu-Natal,Convenience,31.38,18.39,33.21,30.14,0.0,0,0,101.25,30.88,132,112,3719.52,1659.8400000000001
2025-03-08,SKU002,Snacks,KwaZulu-Natal,Supermarket,31.38,18.39,31.64,30.05,0.0,0,0,100.68,31.09,204,189,5979.96,2504.25
2025-03-09,SKU002,Snacks,KwaZulu-Natal,Supermarket,31.38,18.39,30.44,29.68,0.0299,0,0,100.81,31.03,210,178,5418.320000000001,2144.9
2025-03-10,SKU002,Snacks,Gauteng,Hyper,31.38,18.39,28.28,30.12,0.0989,0,0,101.14,31.33,469,348,9841.44,3441.7200000000003
2025-03-11,SKU002,Snacks,Western Cape,Hyper,31.38,18.39,32.96,30.68,0.0,0,0,100.97,31.39,285,187,6163.52,2724.59
2025-03-12,SKU002,Snacks,Gauteng,Hyper,31.38,18.39,30.61,30.44,0.0246,1,0,100.56,31.25,359,269,8234.09,3287.18
2025-03-13,SKU002,Snacks,KwaZulu-Natal,Supermarket,31.38,18.39,31.22,30.67,0.0052,0,0,101.22,31.01,227,159,4963.98,2039.9699999999998
2025-03-14,SKU002,Snacks,Western Cape,Supermarket,31.38,18.39,29.42,30.32,0.0624,0,0,100.69,30.95,286,226,6648.92,2492.78
2025-03-15,SKU002,Snacks,KwaZulu-Natal,Hyper,31.38,18.39,32.59,31.08,0.0,0,0,100.67,31.05,220,182,5931.380000000001,2584.4000000000005
2025-03-16,SKU002,Snacks,Western Cape,Supermarket,31.38,18.39,29.9,30.73,0.0471,0,0,101.0,31.0,256,177,5292.3,2037.2699999999998
2025-03-17,SKU002,Snacks,KwaZulu-Natal,Supermarket,31.38,18.39,30.55,29.82,0.0263,0,0,100.99,31.17,210,174,5315.7,2115.84
2025-03-18,SKU002,Snacks,Western Cape,Convenience,31.38,18.39,30.27,30.39,0.0354,0,0,100.95,30.89,214,157,4752.39,1865.1599999999999
2025-03-19,SKU002,Snacks,KwaZulu-Natal,Convenience,31.38,18.39,28.66,28.91,0.0865,0,0,100.77,31.19,200,192,5502.72,1971.84
2025-03-20,SKU002,Snacks,KwaZulu-Natal,Convenience,31.38,18.39,33.16,30.27,0.0,0,0,100.56,31.07,100,100,3315.9999999999995,1476.9999999999995
2025-03-21,SKU002,Snacks,Western Cape,Supermarket,31.38,18.39,33.03,31.51,0.0,0,0,101.07,31.18,297,179,5912.37,2620.56
2025-03-22,SKU002,Snacks,KwaZulu-Natal,Supermarket,31.38,18.39,32.68,29.99,0.0,0,0,100.93,31.08,167,167,5457.56,2386.43
2025-03-23,SKU002,Snacks,KwaZulu-Natal,Convenience,31.38,18.39,29.57,28.4,0.0577,0,0,100.73,31.12,244,182,5381.74,2034.76
2025-03-24,SKU002,Snacks,Gauteng,Supermarket,31.38,18.39,34.15,29.34,0.0,0,0,101.5,30.97,223,183,6249.45,2884.0799999999995
2025-03-25,SKU002,Snacks,Gauteng,Hyper,31.38,18.39,32.23,29.86,0.0,0,0,100.54,30.92,254,195,6284.849999999999,2698.7999999999993
2025-03-26,SKU002,Snacks,Gauteng,Hyper,31.38,18.39,33.5,31.72,0.0,0,0,100.83,31.07,221,221,7403.5,3339.31
2025-03-27,SKU002,Snacks,Western Cape,Supermarket,31.38,18.39,31.9,30.12,0.0,0,0,101.86,31.06,227,155,4944.5,2094.0499999999997
2025-03-28,SKU002,Snacks,Western Cape,Supermarket,31.38,18.39,31.18,29.28,0.0064,1,0,101.01,30.87,317,234,7296.12,2992.8599999999997
2025-03-29,SKU002,Snacks,KwaZulu-Natal,Convenience,31.38,18.39,31.16,30.37,0.007,0,0,100.72,31.01,174,149,4642.84,1902.73
2025-03-30,SKU002,Snacks,KwaZulu-Natal,Convenience,31.38,18.39,31.19,29.71,0.0062,0,0,100.78,30.93,161,145,4522.55,1856.0
2025-03-31,SKU002,Snacks,Western Cape,Convenience,31.38,18.39,33.25,29.88,0.0,0,0,100.9,30.68,121,121,4023.25,1798.06
2025-04-01,SKU002,Snacks,Western Cape,Supermarket,31.38,18.39,30.39,29.96,0.0315,0,0,101.41,30.74,262,216,6564.24,2592.0
2025-04-02,SKU002,Snacks,Gauteng,Hyper,31.38,18.39,31.41,29.34,0.0,0,0,100.75,30.93,245,245,7695.45,3189.9
2025-04-03,SKU002,Snacks,Gauteng,Supermarket,31.38,18.39,32.79,29.23,0.0,0,0,100.45,30.82,237,146,4787.34,2102.3999999999996
2025-04-04,SKU002,Snacks,KwaZulu-Natal,Supermarket,31.38,18.39,34.45,30.43,0.0,0,1,101.27,31.04,216,154,5305.3,2473.2400000000002
2025-04-05,SKU002,Snacks,Gauteng,Hyper,31.38,18.39,33.64,29.92,0.0,0,1,100.04,30.61,198,198,6660.72,3019.5
2025-04-06,SKU002,Snacks,KwaZulu-Natal,Supermarket,31.38,18.39,31.88,29.16,0.0,0,1,100.77,30.85,264,223,7109.24,3008.2699999999995
2025-04-07,SKU002,Snacks,Gauteng,Supermarket,31.38,18.39,29.99,29.13,0.0443,0,0,100.8,30.85,249,230,6897.7,2667.9999999999995
2025-04-08,SKU002,Snacks,Western Cape,Convenience,31.38,18.39,29.14,30.71,0.0714,0,0,100.91,30.78,225,204,5944.56,2193.0
2025-04-09,SKU002,Snacks,Western Cape,Supermarket,31.38,18.39,29.63,30.78,0.0559,0,0,101.21,30.81,255,195,5777.849999999999,2191.7999999999997
2025-04-10,SKU002,Snacks,Western Cape,Supermarket,31.38,18.39,32.18,30.65,0.0,0,0,101.0,30.76,214,163,5245.34,2247.77
2025-04-11,SKU002,Snacks,Gauteng,Supermarket,31.38,18.39,33.94,29.71,0.0,0,1,101.36,30.69,117,117,3970.9799999999996,1819.3499999999997
2025-04-12,SKU002,Snacks,Western Cape,Supermarket,31.38,18.39,34.52,29.03,0.0,0,1,100.48,30.96,218,143,4936.360000000001,2306.59
2025-04-13,SKU002,Snacks,Western Cape,Supermarket,31.38,18.39,33.96,32.5,0.0,0,1,100.95,30.48,222,167,5671.32,2600.19
2025-04-14,SKU002,Snacks,Western Cape,Supermarket,31.38,18.39,24.07,30.11,0.2329,1,0,102.32,30.8,382,332,7991.24,1885.76
2025-04-15,SKU002,Snacks,Gauteng,Supermarket,31.38,18.39,28.85,29.93,0.0807,1,0,100.7,30.71,266,242,6981.700000000001,2531.32
2025-04-16,SKU002,Snacks,Western Cape,Hyper,31.38,18.39,30.67,30.41,0.0225,0,0,101.27,30.68,330,219,6716.7300000000005,2689.32
2025-04-17,SKU002,Snacks,Western Cape,Supermarket,31.38,18.39,32.5,30.94,0.0,0,0,101.32,30.57,202,143,4647.5,2017.73
2025-04-18,SKU002,Snacks,KwaZulu-Natal,Hyper,31.38,18.39,34.29,29.41,0.0,0,1,101.05,30.37,282,183,6275.07,2909.7
2025-04-19,SKU002,Snacks,Western Cape,Supermarket,31.38,18.39,33.48,29.56,0.0,0,1,101.16,30.37,198,146,4888.08,2203.1399999999994
2025-04-20,SKU002,Snacks,Western Cape,Supermarket,31.38,18.39,29.98,30.58,0.0446,1,1,101.15,30.29,261,214,6415.72,2480.2599999999998
2025-04-21,SKU002,Snacks,Gauteng,Hyper,31.38,18.39,30.77,29.44,0.0195,0,0,101.36,30.66,317,273,8400.21,3379.74
2025-04-22,SKU002,Snacks,Western Cape,Supermarket,31.38,18.39,30.94,29.34,0.014,0,0,101.41,30.32,307,193,5971.42,2422.15
2025-04-23,SKU002,Snacks,Gauteng,Supermarket,31.38,18.39,30.4,31.13,0.0312,0,0,100.83,30.67,311,221,6718.4,2654.2099999999996
2025-04-24,SKU002,Snacks,KwaZulu-Natal,Supermarket,31.38,18.39,30.75,30.57,0.0201,0,0,101.62,30.45,263,198,6088.5,2447.2799999999997
2025-04-25,SKU002,Snacks,Gauteng,Supermarket,31.38,18.39,26.29,30.37,0.1622,1,1,101.72,30.41,483,379,9963.91,2994.0999999999995
2025-04-26,SKU002,Snacks,KwaZulu-Natal,Hyper,31.38,18.39,30.42,30.71,0.0305,0,1,100.9,30.28,386,236,7179.120000000001,2839.0800000000004
2025-04-27,SKU002,Snacks,Gauteng,Supermarket,31.38,18.39,31.24,30.7,0.0045,0,1,100.72,30.41,220,220,6872.799999999999,2826.9999999999995
2025-04-28,SKU002,Snacks,Western Cape,Supermarket,31.38,18.39,31.27,29.53,0.0036,0,0,100.87,30.22,246,184,5753.68,2369.9199999999996
2025-04-29,SKU002,Snacks,KwaZulu-Natal,Convenience,31.38,18.39,28.99,30.68,0.0763,0,0,101.07,29.86,228,181,5247.19,1918.5999999999997
2025-04-30,SKU002,Snacks,Western Cape,Supermarket,31.38,18.39,32.36,30.02,0.0,0,0,101.45,30.0,234,178,5760.08,2486.66
2025-05-01,SKU002,Snacks,Western Cape,Supermarket,31.38,18.39,28.72,30.47,0.0846,0,0,101.41,30.0,342,248,7122.5599999999995,2561.8399999999997
2025-05-02,SKU002,Snacks,KwaZulu-Natal,Hyper,31.38,18.39,29.84,31.56,0.0489,0,0,100.72,29.88,246,235,7012.4,2690.75
2025-05-03,SKU002,Snacks,Gauteng,Hyper,31.38,18.39,33.43,29.96,0.0,0,0,101.3,29.98,232,194,6485.42,2917.7599999999998
2025-05-04,SKU002,Snacks,KwaZulu-Natal,Supermarket,31.38,18.39,32.83,28.87,0.0,0,0,101.2,30.05,221,161,5285.63,2324.8399999999997
2025-05-05,SKU002,Snacks,Gauteng,Hyper,31.38,18.39,33.42,31.78,0.0,0,0,101.97,30.07,244,193,6450.06,2900.7900000000004
2025-05-06,SKU002,Snacks,KwaZulu-Natal,Supermarket,31.38,18.39,29.82,30.11,0.0498,0,0,101.31,30.1,296,200,5964.0,2286.0
2025-05-07,SKU002,Snacks,Western Cape,Supermarket,31.38,18.39,30.41,31.68,0.0308,0,0,101.32,29.95,272,188,5717.08,2259.7599999999998
2025-05-08,SKU002,Snacks,Gauteng,Hyper,31.38,18.39,32.38,30.0,0.0,0,0,101.58,29.94,251,193,6249.34,2700.07
2025-05-09,SKU002,Snacks,Western Cape,Hyper,31.38,18.39,29.25,28.26,0.068,0,0,101.2,29.75,306,266,7780.5,2888.7599999999998
2025-05-10,SKU002,Snacks,KwaZulu-Natal,Supermarket,31.38,18.39,28.35,30.1,0.0967,0,0,101.06,29.74,377,238,6747.3,2370.48
2025-05-11,SKU002,Snacks,Western Cape,Supermarket,31.38,18.39,28.49,29.77,0.0921,0,0,101.32,29.76,175,175,4985.75,1767.4999999999995
2025-05-12,SKU002,Snacks,Gauteng,Supermarket,31.38,18.39,25.38,31.22,0.1913,1,0,101.84,29.71,448,373,9466.74,2607.2699999999995
2025-05-13,SKU002,Snacks,Western Cape,Hyper,31.38,18.39,28.56,31.07,0.0899,0,0,101.6,29.74,303,204,5826.24,2074.68
2025-05-14,SKU002,Snacks,Western Cape,Supermarket,31.38,18.39,30.36,29.49,0.0325,0,0,101.39,29.74,205,196,5950.5599999999995,2346.12
2025-05-15,SKU002,Snacks,Gauteng,Supermarket,31.38,18.39,29.18,29.18,0.0701,1,0,101.17,29.48,273,252,7353.36,2719.08
2025-05-16,SKU002,Snacks,Western Cape,Supermarket,31.38,18.39,23.57,29.52,0.2489,1,0,101.63,29.95,455,442,10417.94,2289.56
2025-05-17,SKU002,Snacks,Gauteng,Supermarket,31.38,18.39,32.46,28.97,0.0,0,0,101.2,29.55,212,160,5193.6,2251.2
2025-05-18,SKU002,Snacks,Gauteng,Supermarket,31.38,18.39,32.45,31.51,0.0,0,0,101.8,29.52,196,167,5419.150000000001,2348.0200000000004
2025-05-19,SKU002,Snacks,Western Cape,Convenience,31.38,18.39,31.18,29.93,0.0065,0,0,101.79,29.88,141,141,4396.38,1803.3899999999999
2025-05-20,SKU002,Snacks,Western Cape,Supermarket,31.38,18.39,34.11,30.7,0.0,0,0,102.06,29.52,205,154,5252.94,2420.8799999999997
2025-05-21,SKU002,Snacks,KwaZulu-Natal,Supermarket,31.38,18.39,33.67,29.6,0.0,0,0,101.26,29.45,167,150,5050.5,2292.0
2025-05-22,SKU002,Snacks,Gauteng,Supermarket,31.38,18.39,30.93,31.92,0.0142,0,0,101.82,29.63,228,217,6711.8099999999995,2721.18
2025-05-23,SKU002,Snacks,Gauteng,Supermarket,31.38,18.39,33.57,30.56,0.0,0,0,101.98,29.6,171,148,4968.36,2246.64
2025-05-24,SKU002,Snacks,Western Cape,Supermarket,31.38,18.39,31.68,32.04,0.0,0,0,100.94,29.31,174,169,5353.92,2246.0099999999998
2025-05-25,SKU002,Snacks,KwaZulu-Natal,Supermarket,31.38,18.39,28.68,30.32,0.0861,0,0,101.64,29.58,342,271,7772.28,2788.5899999999997
2025-05-26,SKU002,Snacks,KwaZulu-Natal,Supermarket,31.38,18.39,30.08,29.64,0.0413,0,0,101.36,29.48,284,224,6737.92,2618.5599999999995
2025-05-27,SKU002,Snacks,KwaZulu-Natal,Hyper,31.38,18.39,32.4,29.5,0.0,0,0,101.72,29.41,254,171,5540.4,2395.7099999999996
2025-05-28,SKU002,Snacks,Gauteng,Supermarket,31.38,18.39,25.41,32.07,0.1902,1,0,102.14,29.46,527,387,9833.67,2716.74
2025-05-29,SKU002,Snacks,Gauteng,Hyper,31.38,18.39,25.06,29.13,0.2014,1,0,101.52,29.38,554,409,10249.539999999999,2728.0299999999993
2025-05-30,SKU002,Snacks,Gauteng,Supermarket,31.38,18.39,24.73,31.67,0.2118,1,0,102.47,29.08,439,380,9397.4,2409.2
2025-05-31,SKU002,Snacks,KwaZulu-Natal,Supermarket,31.38,18.39,30.16,29.79,0.0389,0,0,101.98,29.3,330,208,6273.28,2448.16
2025-06-01,SKU002,Snacks,Western Cape,Supermarket,31.38,18.39,31.87,30.6,0.0,0,0,101.38,29.13,277,191,6087.17,2574.6800000000003
2025-06-02,SKU002,Snacks,KwaZulu-Natal,Supermarket,31.38,18.39,32.11,29.89,0.0,0,0,101.9,29.46,155,136,4366.96,1865.9199999999998
2025-06-03,SKU002,Snacks,KwaZulu-Natal,Supermarket,31.38,18.39,26.27,29.72,0.1628,1,0,101.81,29.6,566,329,8642.83,2592.5199999999995
2025-06-04,SKU002,Snacks,Gauteng,Convenience,31.38,18.39,30.17,29.31,0.0384,0,0,101.7,29.11,255,182,5490.9400000000005,2143.96
2025-06-05,SKU002,Snacks,Gauteng,Hyper,31.38,18.39,31.17,29.08,0.0068,0,0,101.78,29.38,231,228,7106.76,2913.84
2025-06-06,SKU002,Snacks,Gauteng,Convenience,31.38,18.39,32.99,29.43,0.0,0,0,101.41,29.34,110,110,3628.9,1606.0000000000002
2025-06-07,SKU002,Snacks,Western Cape,Supermarket,31.38,18.39,30.61,30.38,0.0244,0,0,101.38,29.2,197,177,5417.97,2162.9399999999996
2025-06-08,SKU002,Snacks,Western Cape,Hyper,31.38,18.39,32.38,28.67,0.0,0,0,101.4,28.86,253,153,4954.14,2140.4700000000003
2025-06-09,SKU002,Snacks,KwaZulu-Natal,Convenience,31.38,18.39,25.61,30.42,0.1839,1,0,101.52,29.15,445,275,7042.75,1985.4999999999998
2025-06-10,SKU002,Snacks,Western Cape,Supermarket,31.38,18.39,28.61,29.54,0.0883,0,0,101.43,29.02,366,216,6179.76,2207.5199999999995
2025-06-11,SKU002,Snacks,Gauteng,Supermarket,31.38,18.39,28.74,31.57,0.0841,0,0,102.13,29.08,296,237,6811.379999999999,2452.9499999999994
2025-06-12,SKU002,Snacks,Western Cape,Supermarket,31.38,18.39,34.14,29.62,0.0,0,0,101.72,28.86,174,131,4472.34,2063.25
2025-06-13,SKU002,Snacks,Western Cape,Supermarket,31.38,18.39,33.16,30.7,0.0,0,0,102.24,29.18,170,142,4708.719999999999,2097.3399999999992
2025-06-14,SKU002,Snacks,KwaZulu-Natal,Convenience,31.38,18.39,28.01,30.21,0.1074,1,0,101.98,28.88,227,180,5041.8,1731.6000000000001
2025-06-15,SKU002,Snacks,KwaZulu-Natal,Convenience,31.38,18.39,31.0,29.94,0.012,0,0,101.96,28.88,176,114,3534.0,1437.54
2025-06-16,SKU002,Snacks,Gauteng,Convenience,31.38,18.39,30.69,29.75,0.0219,1,0,101.44,28.89,138,138,4235.22,1697.4
2025-06-17,SKU002,Snacks,Gauteng,Convenience,31.38,18.39,32.0,30.83,0.0,0,0,102.16,29.14,169,142,4544.0,1932.62
2025-06-18,SKU002,Snacks,Gauteng,Supermarket,31.38,18.39,31.53,31.58,0.0,0,0,102.18,29.23,249,182,5738.46,2391.48
2025-06-19,SKU002,Snacks,Gauteng,Supermarket,31.38,18.39,25.34,29.81,0.1926,1,0,101.52,28.85,227,227,5752.18,1577.6499999999999
2025-06-20,SKU002,Snacks,Gauteng,Convenience,31.38,18.39,33.75,31.85,0.0,0,0,101.88,28.74,191,143,4826.25,2196.48
2025-06-21,SKU002,Snacks,Western Cape,Supermarket,31.38,18.39,26.66,29.09,0.1505,1,0,101.91,28.93,306,262,6984.92,2166.74
2025-06-22,SKU002,Snacks,Western Cape,Supermarket,31.38,18.39,29.14,30.6,0.0715,0,0,101.4,28.91,286,200,5828.0,2150.0
2025-06-23,SKU002,Snacks,Western Cape,Hyper,31.38,18.39,27.24,31.91,0.1319,1,0,101.28,28.71,417,314,8553.359999999999,2778.899999999999
2025-06-24,SKU002,Snacks,Western Cape,Supermarket,31.38,18.39,32.49,30.76,0.0,0,0,101.82,28.84,132,132,4288.68,1861.2000000000003
2025-06-25,SKU002,Snacks,Western Cape,Supermarket,31.38,18.39,34.47,29.73,0.0,0,0,102.72,29.04,156,137,4722.389999999999,2202.9599999999996
2025-06-26,SKU002,Snacks,Western Cape,Supermarket,31.38,18.39,30.34,30.76,0.0332,0,0,102.04,28.84,191,174,5279.16,2079.2999999999997
2025-06-27,SKU002,Snacks,KwaZulu-Natal,Hyper,31.38,18.39,30.85,30.69,0.0168,0,0,102.43,28.72,227,156,4812.6,1943.7600000000002
2025-06-28,SKU002,Snacks,KwaZulu-Natal,Supermarket,31.38,18.39,32.44,29.78,0.0,0,0,101.67,29.08,84,84,2724.96,1180.1999999999998
2025-06-29,SKU002,Snacks,Gauteng,Supermarket,31.38,18.39,31.72,29.18,0.0,0,0,101.82,28.81,196,152,4821.44,2026.1599999999999
2025-06-30,SKU002,Snacks,Western Cape,Supermarket,31.38,18.39,31.8,31.1,0.0,0,0,102.08,29.04,201,147,4674.6,1971.27
2025-07-01,SKU002,Snacks,Gauteng,Supermarket,31.38,18.39,32.0,28.88,0.0,0,0,102.24,28.74,174,140,4480.0,1905.3999999999999
2025-07-02,SKU002,Snacks,Gauteng,Supermarket,31.38,18.39,25.79,30.2,0.1781,1,0,102.2,28.83,212,212,5467.48,1568.7999999999997
2025-07-03,SKU002,Snacks,KwaZulu-Natal,Supermarket,31.38,18.39,31.99,30.47,0.0,0,0,102.37,28.95,219,146,4670.54,1985.5999999999997
2025-07-04,SKU002,Snacks,KwaZulu-Natal,Supermarket,31.38,18.39,30.17,29.73,0.0387,0,0,101.86,28.69,266,158,4766.860000000001,1861.2400000000002
2025-07-05,SKU002,Snacks,Gauteng,Supermarket,31.38,18.39,30.02,30.39,0.0433,0,0,102.44,28.58,241,214,6424.28,2488.8199999999997
2025-07-06,SKU002,Snacks,Gauteng,Hyper,31.38,18.39,30.29,32.04,0.0348,1,0,102.02,28.95,360,264,7996.5599999999995,3141.5999999999995
2025-07-07,SKU002,Snacks,Western Cape,Convenience,31.38,18.39,26.87,29.65,0.1437,1,0,101.95,28.68,303,249,6690.63,2111.52
2025-07-08,SKU002,Snacks,KwaZulu-Natal,Hyper,31.38,18.39,30.15,30.81,0.0393,0,0,101.83,28.55,261,191,5758.65,2246.1599999999994
2025-07-09,SKU002,Snacks,KwaZulu-Natal,Supermarket,31.38,18.39,32.82,29.56,0.0,0,0,102.3,28.86,145,112,3675.84,1616.1599999999999
2025-07-10,SKU002,Snacks,Western Cape,Supermarket,31.38,18.39,29.93,29.85,0.0462,0,0,102.48,28.92,196,145,4339.85,1673.3
2025-07-11,SKU002,Snacks,Gauteng,Hyper,31.38,18.39,28.63,29.25,0.0875,0,0,101.91,28.58,250,207,5926.41,2119.68
2025-07-12,SKU002,Snacks,Western Cape,Hyper,31.38,18.39,32.57,29.79,0.0,0,0,102.0,28.92,197,158,5146.06,2240.44
2025-07-13,SKU002,Snacks,Gauteng,Hyper,31.38,18.39,30.2,30.33,0.0376,0,0,102.24,28.65,264,205,6191.0,2421.0499999999997
2025-07-14,SKU002,Snacks,KwaZulu-Natal,Supermarket,31.38,18.39,26.3,31.05,0.162,1,0,102.5,28.93,331,236,6206.8,1866.76
2025-07-15,SKU002,Snacks,KwaZulu-Natal,Supermarket,31.38,18.39,31.23,30.17,0.0049,0,0,102.49,28.83,196,136,4247.28,1746.24
2025-07-16,SKU002,Snacks,KwaZulu-Natal,Supermarket,31.38,18.39,31.13,32.56,0.0078,0,0,102.34,28.7,193,148,4607.24,1885.5199999999998
2025-07-17,SKU002,Snacks,Western Cape,Convenience,31.38,18.39,30.52,31.27,0.0274,0,0,102.28,29.02,179,133,4059.16,1613.29
2025-07-18,SKU002,Snacks,Gauteng,Convenience,31.38,18.39,29.23,29.47,0.0685,1,0,102.5,29.06,176,160,4676.8,1734.4
2025-07-19,SKU002,Snacks,Western Cape,Supermarket,31.38,18.39,26.26,30.51,0.1633,1,0,102.6,28.84,277,195,5120.700000000001,1534.65
2025-07-20,SKU002,Snacks,Gauteng,Supermarket,31.38,18.39,30.85,31.21,0.017,0,0,102.15,28.84,295,193,5954.05,2404.78
2025-07-21,SKU002,Snacks,KwaZulu-Natal,Hyper,31.38,18.39,29.85,28.2,0.0487,0,0,102.1,28.69,287,182,5432.7,2085.7200000000003
2025-07-22,SKU002,Snacks,Gauteng,Convenience,31.38,18.39,29.52,29.89,0.0592,0,0,102.46,28.86,137,137,4044.24,1524.81
2025-07-23,SKU002,Snacks,KwaZulu-Natal,Convenience,31.38,18.39,24.01,30.78,0.2348,1,0,102.11,28.78,335,267,6410.67,1500.5400000000002
2025-07-24,SKU002,Snacks,Western Cape,Supermarket,31.38,18.39,28.94,31.63,0.0779,0,0,101.88,28.68,301,201,5816.9400000000005,2120.55
2025-07-25,SKU002,Snacks,Gauteng,Hyper,31.38,18.39,33.68,30.33,0.0,0,0,102.12,29.08,198,163,5489.84,2492.27
2025-07-26,SKU002,Snacks,KwaZulu-Natal,Hyper,31.38,18.39,30.41,30.57,0.0309,0,0,102.34,28.68,237,174,5291.34,2091.48
2025-07-27,SKU002,Snacks,KwaZulu-Natal,Supermarket,31.38,18.39,29.71,29.59,0.0533,0,0,102.11,28.78,186,141,4189.11,1596.1200000000001
2025-07-28,SKU002,Snacks,Gauteng,Convenience,31.38,18.39,34.23,29.65,0.0,0,0,102.29,29.09,125,106,3628.3799999999997,1679.0399999999995
2025-07-29,SKU002,Snacks,Western Cape,Supermarket,31.38,18.39,32.23,30.57,0.0,0,0,102.2,28.91,220,147,4737.8099999999995,2034.4799999999996
2025-07-30,SKU002,Snacks,KwaZulu-Natal,Supermarket,31.38,18.39,31.69,31.73,0.0,1,0,102.25,29.02,180,167,5292.2300000000005,2221.1
2025-07-31,SKU002,Snacks,Gauteng,Supermarket,31.38,18.39,32.58,30.45,0.0,0,0,102.06,28.82,146,143,4658.94,2029.1699999999996
2025-08-01,SKU002,Snacks,KwaZulu-Natal,Hyper,31.38,18.39,30.61,29.53,0.0245,0,0,102.04,29.08,196,177,5417.97,2162.9399999999996
2025-08-02,SKU002,Snacks,KwaZulu-Natal,Convenience,31.38,18.39,29.37,30.19,0.0642,0,0,102.32,28.98,172,145,4258.650000000001,1592.1000000000001
2025-08-03,SKU002,Snacks,KwaZulu-Natal,Supermarket,31.38,18.39,27.13,29.7,0.1354,1,0,102.34,29.08,374,253,6863.889999999999,2211.22
2025-08-04,SKU002,Snacks,Western Cape,Supermarket,31.38,18.39,26.01,31.51,0.1711,1,0,102.51,28.86,376,254,6606.54,1935.4800000000002
2025-08-05,SKU002,Snacks,Western Cape,Supermarket,31.38,18.39,28.04,31.77,0.1064,1,0,102.67,28.89,278,235,6589.4,2267.7499999999995
2025-08-06,SKU002,Snacks,Western Cape,Supermarket,31.38,18.39,32.53,31.03,0.0,0,0,101.96,29.06,149,126,4098.78,1781.64
2025-08-07,SKU002,Snacks,Western Cape,Supermarket,31.38,18.39,30.17,29.34,0.0385,0,0,102.24,29.09,195,151,4555.67,1778.7800000000002
2025-08-08,SKU002,Snacks,Gauteng,Supermarket,31.38,18.39,33.99,29.91,0.0,0,0,102.91,29.08,97,97,3297.03,1513.2
2025-08-09,SKU002,Snacks,Western Cape,Convenience,31.38,18.39,29.67,30.09,0.0546,0,0,102.61,29.4,139,108,3204.36,1218.2400000000002
2025-08-10,SKU002,Snacks,Gauteng,Convenience,31.38,18.39,30.45,27.67,0.0297,0,0,102.49,29.11,176,125,3806.25,1507.4999999999998
2025-08-11,SKU002,Snacks,KwaZulu-Natal,Supermarket,31.38,18.39,34.15,31.39,0.0,0,0,102.79,29.19,152,100,3415.0,1575.9999999999998
2025-08-12,SKU002,Snacks,KwaZulu-Natal,Supermarket,31.38,18.39,32.47,29.79,0.0,0,0,102.67,29.22,152,133,4318.51,1872.6399999999999
2025-08-13,SKU002,Snacks,Gauteng,Supermarket,31.38,18.39,32.94,29.71,0.0,0,0,102.55,29.51,101,101,3326.9399999999996,1469.5499999999997
2025-08-14,SKU002,Snacks,Gauteng,Convenience,31.38,18.39,33.88,27.95,0.0,0,0,102.45,29.16,137,108,3659.0400000000004,1672.9200000000003
2025-08-15,SKU002,Snacks,Gauteng,Supermarket,31.38,18.39,29.2,30.47,0.0694,0,0,102.71,29.14,257,188,5489.599999999999,2032.2799999999997
2025-08-16,SKU002,Snacks,KwaZulu-Natal,Convenience,31.38,18.39,32.31,31.09,0.0,0,0,102.96,29.06,99,95,3069.4500000000003,1322.4
2025-08-17,SKU002,Snacks,Gauteng,Supermarket,31.38,18.39,28.8,31.08,0.0824,0,0,102.86,29.35,231,173,4982.400000000001,1800.93
2025-08-18,SKU002,Snacks,Gauteng,Supermarket,31.38,18.39,32.23,31.98,0.0,0,0,102.65,29.44,141,131,4222.129999999999,1813.0399999999995
2025-08-19,SKU002,Snacks,Western Cape,Supermarket,31.38,18.39,30.52,30.84,0.0275,1,0,102.65,29.55,139,139,4242.28,1686.07
2025-08-20,SKU002,Snacks,Gauteng,Supermarket,31.38,18.39,28.35,28.59,0.0964,1,0,102.6,29.49,198,198,5613.3,1972.0800000000002
2025-08-21,SKU002,Snacks,KwaZulu-Natal,Hyper,31.38,18.39,32.43,29.15,0.0,0,0,102.58,29.49,216,143,4637.49,2007.7199999999998
2025-08-22,SKU002,Snacks,Gauteng,Supermarket,31.38,18.39,33.3,30.39,0.0,0,0,103.06,29.28,159,152,5061.599999999999,2266.3199999999997
2025-08-23,SKU002,Snacks,Western Cape,Supermarket,31.38,18.39,30.3,30.31,0.0344,0,0,102.74,29.49,125,125,3787.5,1488.75
2025-08-24,SKU002,Snacks,Western Cape,Supermarket,31.38,18.39,28.78,31.85,0.0829,0,0,102.49,29.54,235,178,5122.84,1849.42
2025-08-25,SKU002,Snacks,Western Cape,Supermarket,31.38,18.39,31.41,29.65,0.0,0,0,102.37,29.56,133,133,4177.53,1731.6599999999999
2025-08-26,SKU002,Snacks,Western Cape,Convenience,31.38,18.39,26.02,30.11,0.1708,1,0,102.67,29.78,229,209,5438.18,1594.6699999999998
2025-08-27,SKU002,Snacks,Gauteng,Supermarket,31.38,18.39,33.05,29.59,0.0,0,0,102.42,29.59,168,131,4329.549999999999,1920.4599999999996
2025-08-28,SKU002,Snacks,Western Cape,Hyper,31.38,18.39,33.0,27.72,0.0,0,0,102.93,29.49,123,123,4059.0,1797.03
2025-01-01,SKU003,Dairy,Gauteng,Convenience,78.12,55.69,74.18,78.91,0.0504,1,0,100.29,30.36,191,189,14020.02,3494.6100000000015
2025-01-02,SKU003,Dairy,KwaZulu-Natal,Supermarket,78.12,55.69,75.47,81.21,0.034,1,0,100.03,29.95,256,203,15320.41,4015.34
2025-01-03,SKU003,Dairy,KwaZulu-Natal,Supermarket,78.12,55.69,72.36,81.38,0.0737,0,0,100.13,30.22,233,233,16859.88,3884.1100000000006
2025-01-04,SKU003,Dairy,KwaZulu-Natal,Hyper,78.12,55.69,82.13,79.38,0.0,0,0,99.85,29.98,184,155,12730.15,4098.2
2025-01-05,SKU003,Dairy,Western Cape,Supermarket,78.12,55.69,82.32,80.07,0.0,0,0,99.7,30.13,248,156,12841.919999999998,4154.279999999999
2025-01-06,SKU003,Dairy,Western Cape,Supermarket,78.12,55.69,63.39,80.93,0.1885,1,0,99.49,30.19,476,344,21806.16,2648.800000000001
2025-01-07,SKU003,Dairy,Western Cape,Convenience,78.12,55.69,75.5,80.5,0.0336,0,0,99.75,30.42,239,166,12533.0,3288.4600000000005
2025-01-08,SKU003,Dairy,Western Cape,Hyper,78.12,55.69,76.36,80.95,0.0226,0,0,100.32,30.22,197,197,15042.92,4071.9900000000002
2025-01-09,SKU003,Dairy,Gauteng,Hyper,78.12,55.69,83.89,80.06,0.0,0,0,100.08,30.3,223,209,17533.01,5893.8
2025-01-10,SKU003,Dairy,Gauteng,Supermarket,78.12,55.69,73.88,79.87,0.0543,0,0,99.78,30.54,250,218,16105.839999999998,3965.4199999999996
2025-01-11,SKU003,Dairy,Western Cape,Supermarket,78.12,55.69,72.68,83.09,0.0697,0,0,99.94,30.31,347,218,15844.240000000002,3703.820000000002
2025-01-12,SKU003,Dairy,Gauteng,Supermarket,78.12,55.69,81.12,80.78,0.0,0,0,100.43,30.32,210,170,13790.400000000001,4323.100000000001
2025-01-13,SKU003,Dairy,KwaZulu-Natal,Supermarket,78.12,55.69,82.77,82.27,0.0,0,0,100.41,30.38,201,169,13988.13,4576.5199999999995
2025-01-14,SKU003,Dairy,Gauteng,Convenience,78.12,55.69,83.79,81.36,0.0,0,0,100.48,30.33,148,122,10222.380000000001,3428.200000000001
2025-01-15,SKU003,Dairy,Gauteng,Convenience,78.12,55.69,85.49,79.2,0.0,0,0,100.32,30.37,101,101,8634.49,3009.7999999999997
2025-01-16,SKU003,Dairy,KwaZulu-Natal,Supermarket,78.12,55.69,74.96,80.18,0.0404,0,0,100.21,30.42,288,186,13942.56,3584.2199999999993
2025-01-17,SKU003,Dairy,Western Cape,Supermarket,78.12,55.69,73.11,80.75,0.0642,0,0,100.13,30.57,259,217,15864.869999999999,3780.1400000000003
2025-01-18,SKU003,Dairy,KwaZulu-Natal,Supermarket,78.12,55.69,74.71,79.54,0.0436,0,0,100.49,30.56,186,186,13896.06,3537.7199999999993
2025-01-19,SKU003,Dairy,Gauteng,Supermarket,78.12,55.69,77.76,83.89,0.0046,0,0,100.33,30.59,222,157,12208.320000000002,3464.990000000001
2025-01-20,SKU003,Dairy,Western Cape,Supermarket,78.12,55.69,74.66,82.16,0.0443,0,0,100.14,30.12,238,176,13140.16,3338.72
2025-01-21,SKU003,Dairy,Gauteng,Convenience,78.12,55.69,74.35,81.97,0.0482,0,0,100.26,30.51,152,139,10334.65,2593.7399999999993
2025-01-22,SKU003,Dairy,KwaZulu-Natal,Convenience,78.12,55.69,84.52,76.27,0.0,0,0,100.16,30.75,141,116,9804.32,3344.2799999999997
2025-01-23,SKU003,Dairy,Gauteng,Hyper,78.12,55.69,72.95,74.98,0.0662,0,0,100.35,30.38,523,295,21520.25,5091.700000000002
2025-01-24,SKU003,Dairy,Gauteng,Hyper,78.12,55.69,79.86,80.79,0.0,0,0,100.25,30.72,275,253,20204.579999999998,6115.01
2025-01-25,SKU003,Dairy,Gauteng,Supermarket,78.12,55.69,79.32,84.3,0.0,0,0,100.7,30.65,297,205,16260.599999999999,4844.149999999999
2025-01-26,SKU003,Dairy,Western Cape,Supermarket,78.12,55.69,77.27,86.1,0.0109,0,0,100.12,30.75,275,208,16072.16,4488.639999999999
2025-01-27,SKU003,Dairy,Western Cape,Supermarket,78.12,55.69,71.75,78.75,0.0815,0,0,100.37,30.91,198,198,14206.5,3179.8800000000006
2025-01-28,SKU003,Dairy,Western Cape,Convenience,78.12,55.69,85.41,80.07,0.0,0,0,100.04,30.89,118,109,9309.69,3239.48
2025-01-29,SKU003,Dairy,Gauteng,Supermarket,78.12,55.69,77.98,77.48,0.0018,0,0,100.28,30.72,194,194,15128.12,4324.260000000001
2025-01-30,SKU003,Dairy,KwaZulu-Natal,Supermarket,78.12,55.69,85.67,77.11,0.0,0,0,100.15,31.13,157,157,13450.19,4706.860000000001
2025-01-31,SKU003,Dairy,Gauteng,Supermarket,78.12,55.69,73.6,84.43,0.0578,0,0,100.2,30.87,322,271,19945.6,4853.609999999999
2025-02-01,SKU003,Dairy,Western Cape,Convenience,78.12,55.69,78.82,77.07,0.0,0,0,100.71,31.04,165,154,12138.279999999999,3562.0199999999995
2025-02-02,SKU003,Dairy,Western Cape,Supermarket,78.12,55.69,85.56,77.61,0.0,0,0,100.07,30.99,131,131,11208.36,3912.9700000000007
2025-02-03,SKU003,Dairy,KwaZulu-Natal,Convenience,78.12,55.69,81.05,83.21,0.0,0,0,100.1,30.84,166,141,11428.05,3575.7599999999998
2025-02-04,SKU003,Dairy,Western Cape,Supermarket,78.12,55.69,82.99,78.93,0.0,0,0,100.75,30.76,208,186,15436.14,5077.799999999999
2025-02-05,SKU003,Dairy,Gauteng,Convenience,78.12,55.69,79.83,77.98,0.0,0,0,99.86,31.04,267,171,13650.93,4127.9400000000005
2025-02-06,SKU003,Dairy,Gauteng,Supermarket,78.12,55.69,78.41,85.5,0.0,0,0,100.69,30.99,185,185,14505.849999999999,4203.2
2025-02-07,SKU003,Dairy,Gauteng,Supermarket,78.12,55.69,72.39,76.72,0.0733,0,0,100.39,30.94,307,238,17228.82,3974.600000000001
2025-02-08,SKU003,Dairy,KwaZulu-Natal,Hyper,78.12,55.69,80.41,81.44,0.0,0,0,100.52,30.87,355,222,17851.02,5487.84
2025-02-09,SKU003,Dairy,Gauteng,Supermarket,78.12,55.69,65.9,79.45,0.1564,1,0,99.69,30.75,535,393,25898.7,4012.530000000003
2025-02-10,SKU003,Dairy,Western Cape,Supermarket,78.12,55.69,80.46,78.42,0.0,0,0,100.47,31.18,220,176,14160.96,4359.5199999999995
2025-02-11,SKU003,Dairy,Western Cape,Supermarket,78.12,55.69,76.32,79.28,0.023,0,0,100.51,30.98,275,204,15569.279999999999,4208.519999999999
2025-02-12,SKU003,Dairy,Gauteng,Supermarket,78.12,55.69,85.9,77.39,0.0,0,0,100.2,31.2,181,177,15204.300000000001,5347.170000000001
2025-02-13,SKU003,Dairy,Western Cape,Hyper,78.12,55.69,85.53,82.01,0.0,0,0,100.19,31.18,266,183,15651.99,5460.72
2025-02-14,SKU003,Dairy,Western Cape,Hyper,78.12,55.69,81.27,83.4,0.0,0,0,100.33,31.07,207,193,15685.109999999999,4936.94
2025-02-15,SKU003,Dairy,Gauteng,Convenience,78.12,55.69,78.52,83.3,0.0,0,0,100.49,30.89,120,120,9422.4,2739.6
2025-02-16,SKU003,Dairy,Gauteng,Hyper,78.12,55.69,80.55,78.93,0.0,0,0,100.22,31.25,263,212,17076.6,5270.32
2025-02-17,SKU003,Dairy,KwaZulu-Natal,Supermarket,78.12,55.69,80.79,80.59,0.0,0,0,100.38,31.0,223,163,13168.77,4091.3000000000015
2025-02-18,SKU003,Dairy,KwaZulu-Natal,Convenience,78.12,55.69,75.66,80.26,0.0315,0,0,100.63,30.89,189,184,13921.439999999999,3674.4799999999996
2025-02-19,SKU003,Dairy,Gauteng,Supermarket,78.12,55.69,71.2,79.6,0.0886,0,0,100.58,31.07,379,295,21004.0,4575.450000000002
2025-02-20,SKU003,Dairy,Western Cape,Supermarket,78.12,55.69,61.4,83.43,0.214,1,0,100.4,31.3,484,350,21490.0,1998.5000000000002
2025-02-21,SKU003,Dairy,KwaZulu-Natal,Hyper,78.12,55.69,72.28,77.97,0.0748,0,0,100.99,31.07,288,276,19949.28,4578.840000000001
2025-02-22,SKU003,Dairy,KwaZulu-Natal,Hyper,78.12,55.69,81.3,83.91,0.0,0,0,100.68,31.36,294,216,17560.8,5531.76
2025-02-23,SKU003,Dairy,Gauteng,Supermarket,78.12,55.69,81.44,81.47,0.0,0,0,100.73,30.99,205,191,15555.039999999999,4918.25
2025-02-24,SKU003,Dairy,KwaZulu-Natal,Supermarket,78.12,55.69,72.6,82.91,0.0707,0,0,100.73,31.09,228,228,16552.8,3855.479999999999
2025-02-25,SKU003,Dairy,Gauteng,Supermarket,78.12,55.69,67.15,83.38,0.1404,1,0,100.82,31.06,319,319,21420.850000000002,3655.7400000000025
2025-02-26,SKU003,Dairy,Western Cape,Convenience,78.12,55.69,84.48,81.48,0.0,0,0,100.77,31.14,181,133,11235.84,3829.0700000000006
2025-02-27,SKU003,Dairy,Western Cape,Supermarket,78.12,55.69,72.56,80.1,0.0712,0,0,100.61,31.11,255,251,18212.56,4234.370000000001
2025-02-28,SKU003,Dairy,Western Cape,Supermarket,78.12,55.69,78.7,84.04,0.0,0,0,100.3,31.28,278,188,14795.6,4325.880000000001
2025-03-01,SKU003,Dairy,Western Cape,Supermarket,78.12,55.69,79.21,80.51,0.0,0,0,101.0,31.34,221,216,17109.359999999997,5080.319999999999
2025-03-02,SKU003,Dairy,KwaZulu-Natal,Convenience,78.12,55.69,82.51,80.33,0.0,0,0,100.34,31.32,173,148,12211.480000000001,3969.360000000001
2025-03-03,SKU003,Dairy,Gauteng,Supermarket,78.12,55.69,84.93,78.9,0.0,0,0,100.91,31.36,258,191,16221.630000000001,5584.840000000002
2025-03-04,SKU003,Dairy,Western Cape,Supermarket,78.12,55.69,81.55,78.45,0.0,0,0,100.76,31.31,245,204,16636.2,5275.44
2025-03-05,SKU003,Dairy,Western Cape,Convenience,78.12,55.69,76.64,77.83,0.019,0,0,100.61,31.3,210,166,12722.24,3477.7000000000003
2025-03-06,SKU003,Dairy,KwaZulu-Natal,Supermarket,78.12,55.69,74.49,81.31,0.0464,1,0,100.51,31.07,297,262,19516.379999999997,4925.599999999999
2025-03-07,SKU003,Dairy,KwaZulu-Natal,Supermarket,78.12,55.69,74.55,80.05,0.0457,0,0,100.82,31.11,319,216,16102.8,4073.7599999999998
2025-03-08,SKU003,Dairy,Gauteng,Convenience,78.12,55.69,59.04,79.4,0.2443,1,0,100.38,31.47,564,446,26331.84,1494.1000000000006
2025-03-09,SKU003,Dairy,Gauteng,Convenience,78.12,55.69,81.74,79.66,0.0,0,0,100.45,31.46,152,152,12424.48,3959.5999999999995
2025-03-10,SKU003,Dairy,Western Cape,Supermarket,78.12,55.69,77.06,84.03,0.0136,0,0,100.8,31.19,278,212,16336.720000000001,4530.4400000000005
2025-03-11,SKU003,Dairy,Gauteng,Supermarket,78.12,55.69,72.56,85.21,0.0711,0,0,101.16,31.01,344,259,18793.04,4369.330000000001
2025-03-12,SKU003,Dairy,Gauteng,Supermarket,78.12,55.69,82.22,80.13,0.0,0,0,100.4,31.18,257,209,17183.98,5544.77
2025-03-13,SKU003,Dairy,Gauteng,Supermarket,78.12,55.69,77.22,79.35,0.0115,0,0,100.7,31.42,283,204,15752.88,4392.12
2025-03-14,SKU003,Dairy,Gauteng,Supermarket,78.12,55.69,74.34,80.03,0.0483,0,0,100.99,30.96,352,270,20071.8,5035.500000000002
2025-03-15,SKU003,Dairy,Gauteng,Supermarket,78.12,55.69,85.86,83.96,0.0,0,0,101.06,30.93,84,84,7212.24,2534.28
2025-03-16,SKU003,Dairy,KwaZulu-Natal,Hyper,78.12,55.69,73.31,80.21,0.0615,0,0,101.35,31.09,275,275,20160.25,4845.500000000001
2025-03-17,SKU003,Dairy,Western Cape,Convenience,78.12,55.69,78.79,82.12,0.0,0,0,100.76,31.47,158,157,12370.03,3626.700000000001
2025-03-18,SKU003,Dairy,Gauteng,Supermarket,78.12,55.69,76.75,79.99,0.0175,1,0,100.64,31.23,309,230,17652.5,4843.8
2025-03-19,SKU003,Dairy,KwaZulu-Natal,Hyper,78.12,55.69,67.4,76.82,0.1372,1,0,100.07,31.21,371,371,25005.4,4344.410000000003
2025-03-20,SKU003,Dairy,Gauteng,Hyper,78.12,55.69,85.74,77.93,0.0,0,0,101.18,31.34,281,183,15690.419999999998,5499.15
2025-03-21,SKU003,Dairy,Western Cape,Supermarket,78.12,55.69,73.97,76.88,0.0531,0,0,100.67,30.99,291,229,16939.13,4186.12
2025-03-22,SKU003,Dairy,Western Cape,Hyper,78.12,55.69,79.94,81.82,0.0,0,0,100.8,31.12,267,215,17187.1,5213.75
2025-03-23,SKU003,Dairy,Gauteng,Hyper,78.12,55.69,85.11,83.79,0.0,0,0,100.76,31.01,265,238,20256.18,7001.96
2025-03-24,SKU003,Dairy,KwaZulu-Natal,Convenience,78.12,55.69,83.59,82.15,0.0,0,0,101.06,31.13,165,133,11117.470000000001,3710.7000000000007
2025-03-25,SKU003,Dairy,Western Cape,Supermarket,78.12,55.69,66.0,83.14,0.1551,1,0,100.91,31.32,429,371,24486.0,3825.0100000000007
2025-03-26,SKU003,Dairy,Gauteng,Convenience,78.12,55.69,71.44,80.58,0.0856,0,0,100.94,30.97,207,169,12073.359999999999,2661.75
2025-03-27,SKU003,Dairy,Gauteng,Supermarket,78.12,55.69,83.94,81.92,0.0,0,0,101.54,30.85,228,176,14773.439999999999,4972.0
2025-03-28,SKU003,Dairy,Gauteng,Supermarket,78.12,55.69,85.6,82.03,0.0,0,0,100.54,31.09,105,105,8988.0,3140.5499999999997
2025-03-29,SKU003,Dairy,Western Cape,Supermarket,78.12,55.69,76.84,81.01,0.0164,0,0,101.0,30.84,272,239,18364.760000000002,5054.850000000001
2025-03-30,SKU003,Dairy,Gauteng,Supermarket,78.12,55.69,68.11,79.16,0.1281,1,0,100.53,31.14,546,399,27175.89,4955.580000000001
2025-03-31,SKU003,Dairy,KwaZulu-Natal,Supermarket,78.12,55.69,65.83,78.28,0.1573,1,0,101.1,30.9,445,348,22908.84,3528.7200000000003
2025-04-01,SKU003,Dairy,KwaZulu-Natal,Convenience,78.12,55.69,83.56,75.15,0.0,0,0,101.19,30.92,75,75,6267.0,2090.2500000000005
2025-04-02,SKU003,Dairy,KwaZulu-Natal,Convenience,78.12,55.69,77.99,78.4,0.0016,0,0,100.76,30.64,193,147,11464.529999999999,3278.0999999999995
2025-04-03,SKU003,Dairy,Gauteng,Supermarket,78.12,55.69,72.95,80.5,0.0662,0,0,100.94,30.81,228,228,16632.600000000002,3935.280000000001
2025-04-04,SKU003,Dairy,Western Cape,Supermarket,78.12,55.69,72.34,82.57,0.074,1,1,100.91,30.55,300,283,20472.22,4711.950000000002
2025-04-05,SKU003,Dairy,Gauteng,Hyper,78.12,55.69,82.43,80.64,0.0,0,1,101.24,30.69,336,243,20030.49,6497.820000000002
2025-04-06,SKU003,Dairy,KwaZulu-Natal,Supermarket,78.12,55.69,83.97,81.78,0.0,0,1,100.48,30.76,211,206,17297.82,5825.68
2025-04-07,SKU003,Dairy,KwaZulu-Natal,Supermarket,78.12,55.69,78.82,82.42,0.0,0,0,101.05,30.59,277,195,15369.899999999998,4510.349999999999
2025-04-08,SKU003,Dairy,KwaZulu-Natal,Supermarket,78.12,55.69,72.08,81.13,0.0773,0,0,100.76,30.71,349,258,18596.64,4228.62
2025-04-09,SKU003,Dairy,Western Cape,Supermarket,78.12,55.69,71.52,81.37,0.0845,0,0,100.83,30.52,404,295,21098.399999999998,4669.849999999999
2025-04-10,SKU003,Dairy,KwaZulu-Natal,Supermarket,78.12,55.69,83.99,80.08,0.0,0,0,101.05,30.6,205,155,13018.449999999999,4386.5
2025-04-11,SKU003,Dairy,Gauteng,Hyper,78.12,55.69,71.29,79.23,0.0874,0,1,101.14,30.79,482,342,24381.180000000004,5335.200000000003
2025-04-12,SKU003,Dairy,KwaZulu-Natal,Supermarket,78.12,55.69,64.75,78.77,0.1712,1,1,101.4,30.51,333,289,18712.75,2618.3400000000006
2025-04-13,SKU003,Dairy,Western Cape,Supermarket,78.12,55.69,79.08,88.23,0.0,0,1,101.17,30.57,272,243,19216.44,5683.77
2025-04-14,SKU003,Dairy,Gauteng,Supermarket,78.12,55.69,72.43,83.12,0.0729,0,0,100.99,30.52,285,274,19845.820000000003,4586.760000000002
2025-04-15,SKU003,Dairy,KwaZulu-Natal,Convenience,78.12,55.69,73.58,82.31,0.0581,0,0,100.89,30.66,222,176,12950.08,3148.6400000000003
2025-04-16,SKU003,Dairy,KwaZulu-Natal,Hyper,78.12,55.69,76.59,77.82,0.0195,0,0,101.03,30.44,246,229,17539.11,4786.100000000001
2025-04-17,SKU003,Dairy,Gauteng,Supermarket,78.12,55.69,63.82,79.82,0.1831,1,0,101.37,30.63,500,367,23421.94,2983.710000000001
2025-04-18,SKU003,Dairy,Gauteng,Supermarket,78.12,55.69,85.71,81.51,0.0,0,1,101.46,30.38,268,178,15256.38,5343.5599999999995
2025-04-19,SKU003,Dairy,KwaZulu-Natal,Supermarket,78.12,55.69,80.47,81.79,0.0,0,1,101.07,30.32,337,213,17140.11,5278.14
2025-04-20,SKU003,Dairy,Gauteng,Supermarket,78.12,55.69,71.65,82.91,0.0828,0,1,101.3,30.56,311,262,18772.300000000003,4181.520000000002
2025-04-21,SKU003,Dairy,Western Cape,Supermarket,78.12,55.69,73.67,83.12,0.0569,0,0,101.86,30.56,304,249,18343.83,4477.020000000001
2025-04-22,SKU003,Dairy,Western Cape,Supermarket,78.12,55.69,84.81,83.88,0.0,0,0,101.6,30.19,181,172,14587.32,5008.640000000001
2025-04-23,SKU003,Dairy,Gauteng,Supermarket,78.12,55.69,79.1,81.96,0.0,0,0,101.55,30.31,292,210,16611.0,4916.099999999999
2025-04-24,SKU003,Dairy,Gauteng,Convenience,78.12,55.69,77.37,80.6,0.0096,0,0,101.54,30.42,183,183,14158.710000000001,3967.4400000000014
2025-04-25,SKU003,Dairy,Western Cape,Convenience,78.12,55.69,75.18,81.31,0.0377,0,1,101.16,30.44,229,199,14960.820000000002,3878.510000000002
2025-04-26,SKU003,Dairy,KwaZulu-Natal,Supermarket,78.12,55.69,76.05,78.47,0.0265,0,1,101.71,29.98,327,263,20001.149999999998,5354.68
2025-04-27,SKU003,Dairy,Gauteng,Hyper,78.12,55.69,79.33,81.12,0.0,0,1,101.0,30.11,331,283,22450.39,6690.12
2025-04-28,SKU003,Dairy,Gauteng,Supermarket,78.12,55.69,73.33,80.23,0.0613,0,0,101.31,30.13,359,268,19652.44,4727.52
2025-04-29,SKU003,Dairy,Western Cape,Supermarket,78.12,55.69,81.94,76.82,0.0,0,0,101.4,30.47,211,188,15404.72,4935.0
2025-04-30,SKU003,Dairy,Western Cape,Supermarket,78.12,55.69,83.19,83.91,0.0,0,0,101.18,30.37,206,173,14391.869999999999,4757.5
2025-05-01,SKU003,Dairy,KwaZulu-Natal,Supermarket,78.12,55.69,85.44,82.68,0.0,0,0,101.16,30.14,126,126,10765.44,3748.5
2025-05-02,SKU003,Dairy,Gauteng,Supermarket,78.12,55.69,77.65,80.26,0.006,0,0,101.95,29.87,266,266,20654.9,5841.360000000002
2025-05-03,SKU003,Dairy,Western Cape,Supermarket,78.12,55.69,84.56,82.01,0.0,0,0,101.5,30.23,237,172,14544.32,4965.640000000001
2025-05-04,SKU003,Dairy,KwaZulu-Natal,Supermarket,78.12,55.69,74.16,80.85,0.0507,0,0,101.52,29.98,294,276,20468.16,5097.719999999999
2025-05-05,SKU003,Dairy,KwaZulu-Natal,Supermarket,78.12,55.69,81.14,84.43,0.0,0,0,101.12,30.04,134,134,10872.76,3410.3
2025-05-06,SKU003,Dairy,KwaZulu-Natal,Hyper,78.12,55.69,83.95,81.47,0.0,0,0,101.37,29.96,165,165,13851.75,4662.900000000001
2025-05-07,SKU003,Dairy,KwaZulu-Natal,Supermarket,78.12,55.69,76.94,77.7,0.015,0,0,101.67,29.9,267,193,14849.42,4101.25
2025-05-08,SKU003,Dairy,Gauteng,Convenience,78.12,55.69,74.41,80.64,0.0475,0,0,101.34,29.83,211,181,13468.21,3388.3199999999997
2025-05-09,SKU003,Dairy,KwaZulu-Natal,Supermarket,78.12,55.69,79.09,84.51,0.0,0,0,101.89,30.0,191,191,15106.19,4469.4000000000015
2025-05-10,SKU003,Dairy,Gauteng,Supermarket,78.12,55.69,73.71,79.75,0.0564,1,0,101.47,29.88,318,262,19312.019999999997,4721.239999999999
2025-05-11,SKU003,Dairy,KwaZulu-Natal,Convenience,78.12,55.69,70.95,77.4,0.0918,0,0,100.89,29.73,210,210,14899.5,3204.6000000000013
2025-05-12,SKU003,Dairy,KwaZulu-Natal,Supermarket,78.12,55.69,84.9,80.94,0.0,0,0,101.2,29.7,239,161,13668.900000000001,4702.810000000001
2025-05-13,SKU003,Dairy,Gauteng,Convenience,78.12,55.69,78.56,78.28,0.0,0,0,101.58,29.81,214,168,13198.08,3842.1600000000008
2025-05-14,SKU003,Dairy,Gauteng,Supermarket,78.12,55.69,85.16,77.37,0.0,0,0,101.17,29.75,117,117,9963.72,3447.99
2025-05-15,SKU003,Dairy,Gauteng,Supermarket,78.12,55.69,73.77,80.15,0.0556,0,0,101.07,29.66,255,237,17483.489999999998,4284.96
2025-05-16,SKU003,Dairy,Gauteng,Supermarket,78.12,55.69,75.46,81.01,0.0341,1,0,101.67,29.72,352,267,20147.82,5278.589999999999
2025-05-17,SKU003,Dairy,Western Cape,Convenience,78.12,55.69,73.23,82.31,0.0626,0,0,101.37,29.58,254,176,12888.480000000001,3087.040000000001
2025-05-18,SKU003,Dairy,KwaZulu-Natal,Convenience,78.12,55.69,84.19,77.92,0.0,0,0,101.39,29.76,154,149,12544.31,4246.5
2025-05-19,SKU003,Dairy,KwaZulu-Natal,Convenience,78.12,55.69,78.16,81.06,0.0,0,0,101.51,29.34,166,141,11020.56,3168.27
2025-05-20,SKU003,Dairy,Gauteng,Supermarket,78.12,55.69,71.14,84.18,0.0894,0,0,101.2,29.45,242,242,17215.88,3738.9000000000005
2025-05-21,SKU003,Dairy,Gauteng,Supermarket,78.12,55.69,76.87,75.78,0.016,0,0,101.96,29.4,282,237,18218.190000000002,5019.660000000002
2025-05-22,SKU003,Dairy,KwaZulu-Natal,Supermarket,78.12,55.69,64.43,81.32,0.1752,1,0,101.56,29.59,476,379,24418.97,3312.4600000000037
2025-05-23,SKU003,Dairy,Gauteng,Supermarket,78.12,55.69,73.29,79.23,0.0618,0,0,101.29,29.76,291,249,18249.210000000003,4382.400000000002
2025-05-24,SKU003,Dairy,Gauteng,Convenience,78.12,55.69,72.14,83.02,0.0765,0,0,102.01,29.34,264,223,16087.22,3668.350000000001
2025-05-25,SKU003,Dairy,Gauteng,Supermarket,78.12,55.69,72.32,78.29,0.0742,0,0,101.94,29.37,361,262,18947.839999999997,4357.059999999999
2025-05-26,SKU003,Dairy,KwaZulu-Natal,Hyper,78.12,55.69,73.43,79.55,0.0601,0,0,101.62,29.46,184,184,13511.12,3264.1600000000017
2025-05-27,SKU003,Dairy,Western Cape,Supermarket,78.12,55.69,82.93,79.73,0.0,0,0,102.49,29.23,241,181,15010.330000000002,4930.440000000001
2025-05-28,SKU003,Dairy,Gauteng,Supermarket,78.12,55.69,80.3,85.79,0.0,0,0,102.17,29.41,257,222,17826.6,5463.42
2025-05-29,SKU003,Dairy,Western Cape,Supermarket,78.12,55.69,74.49,83.13,0.0465,0,0,101.86,29.44,326,231,17207.19,4342.799999999999
2025-05-30,SKU003,Dairy,Gauteng,Convenience,78.12,55.69,74.05,79.47,0.0521,0,0,101.58,29.17,196,177,13106.85,3249.72
2025-05-31,SKU003,Dairy,Western Cape,Supermarket,78.12,55.69,84.27,83.81,0.0,0,0,101.17,29.59,166,158,13314.66,4515.639999999999
2025-06-01,SKU003,Dairy,Western Cape,Supermarket,78.12,55.69,74.16,79.45,0.0507,0,0,102.02,29.43,338,236,17501.76,4358.92
2025-06-02,SKU003,Dairy,Gauteng,Supermarket,78.12,55.69,81.15,79.78,0.0,0,0,101.32,29.35,283,210,17041.5,5346.600000000001
2025-06-03,SKU003,Dairy,KwaZulu-Natal,Supermarket,78.12,55.69,71.88,82.23,0.0798,1,0,101.06,29.37,363,239,17179.32,3869.4099999999994
2025-06-04,SKU003,Dairy,Western Cape,Supermarket,78.12,55.69,83.09,79.84,0.0,0,0,101.49,29.41,172,140,11632.6,3836.000000000001
2025-06-05,SKU003,Dairy,KwaZulu-Natal,Supermarket,78.12,55.69,83.18,78.4,0.0,0,0,101.94,29.29,224,154,12809.720000000001,4233.460000000001
2025-06-06,SKU003,Dairy,Gauteng,Supermarket,78.12,55.69,61.7,85.4,0.2101,1,0,102.01,29.04,439,373,23014.100000000002,2241.730000000002
2025-06-07,SKU003,Dairy,KwaZulu-Natal,Supermarket,78.12,55.69,85.05,77.87,0.0,0,0,102.14,29.17,148,147,12502.35,4315.92
2025-06-08,SKU003,Dairy,Gauteng,Convenience,78.12,55.69,75.06,81.93,0.0391,0,0,101.59,29.14,231,155,11634.300000000001,3002.350000000001
2025-06-09,SKU003,Dairy,KwaZulu-Natal,Supermarket,78.12,55.69,72.87,79.57,0.0672,0,0,101.7,28.98,244,228,16614.36,3917.040000000002
2025-06-10,SKU003,Dairy,KwaZulu-Natal,Supermarket,78.12,55.69,77.02,78.22,0.014,0,0,101.66,29.19,269,187,14402.74,3988.7099999999996
2025-06-11,SKU003,Dairy,KwaZulu-Natal,Supermarket,78.12,55.69,78.17,75.44,0.0,0,0,101.51,29.01,190,187,14617.79,4203.760000000001
2025-06-12,SKU003,Dairy,KwaZulu-Natal,Hyper,78.12,55.69,76.53,79.47,0.0203,0,0,101.84,29.21,257,225,17219.25,4689.000000000001
2025-06-13,SKU003,Dairy,KwaZulu-Natal,Supermarket,78.12,55.69,71.2,78.53,0.0886,0,0,101.21,29.03,240,210,14952.0,3257.1000000000013
2025-06-14,SKU003,Dairy,Gauteng,Hyper,78.12,55.69,82.4,77.76,0.0,0,0,101.66,29.24,205,172,14172.800000000001,4594.120000000002
2025-06-15,SKU003,Dairy,Western Cape,Convenience,78.12,55.69,68.69,82.57,0.1207,1,0,102.25,29.05,266,243,16691.67,3159.0
2025-06-16,SKU003,Dairy,Western Cape,Hyper,78.12,55.69,84.66,80.83,0.0,0,0,102.04,28.95,233,154,13037.64,4461.38
2025-06-17,SKU003,Dairy,KwaZulu-Natal,Convenience,78.12,55.69,68.96,77.62,0.1172,1,0,101.39,28.9,211,211,14550.56,2799.9699999999993
2025-06-18,SKU003,Dairy,KwaZulu-Natal,Hyper,78.12,55.69,79.34,77.9,0.0,0,0,101.28,28.99,221,181,14360.54,4280.6500000000015
2025-06-19,SKU003,Dairy,Gauteng,Supermarket,78.12,55.69,61.8,83.48,0.2089,1,0,102.04,28.9,522,370,22866.0,2260.7
2025-06-20,SKU003,Dairy,Western Cape,Supermarket,78.12,55.69,78.28,78.4,0.0,0,0,102.08,28.9,245,172,13464.16,3885.4800000000005
2025-06-21,SKU003,Dairy,Gauteng,Supermarket,78.12,55.69,73.43,79.75,0.0601,0,0,101.86,28.68,264,231,16962.33,4097.940000000002
2025-06-22,SKU003,Dairy,Western Cape,Supermarket,78.12,55.69,85.59,74.46,0.0,0,0,102.02,28.94,146,135,11554.65,4036.500000000001
2025-06-23,SKU003,Dairy,Western Cape,Supermarket,78.12,55.69,76.74,82.63,0.0176,0,0,101.72,28.91,182,182,13966.679999999998,3831.0999999999995
2025-06-24,SKU003,Dairy,Western Cape,Supermarket,78.12,55.69,71.77,77.36,0.0813,0,0,102.32,29.02,247,247,17727.19,3971.7599999999998
2025-06-25,SKU003,Dairy,Gauteng,Supermarket,78.12,55.69,75.15,84.62,0.038,0,0,101.87,28.86,295,232,17434.800000000003,4514.720000000002
2025-06-26,SKU003,Dairy,Western Cape,Supermarket,78.12,55.69,70.62,81.77,0.096,0,0,101.78,28.91,278,236,16666.32,3523.4800000000014
2025-06-27,SKU003,Dairy,Western Cape,Hyper,78.12,55.69,80.89,75.61,0.0,0,0,102.44,28.93,239,195,15773.55,4914.000000000001
2025-06-28,SKU003,Dairy,Gauteng,Convenience,78.12,55.69,77.66,84.18,0.0058,0,0,101.55,28.98,200,153,11881.98,3361.41
2025-06-29,SKU003,Dairy,Gauteng,Supermarket,78.12,55.69,75.96,79.79,0.0276,1,0,101.59,29.06,325,263,19977.48,5331.009999999999
2025-06-30,SKU003,Dairy,KwaZulu-Natal,Supermarket,78.12,55.69,84.82,80.22,0.0,0,0,101.67,28.44,232,144,12214.079999999998,4194.719999999999
2025-07-01,SKU003,Dairy,Gauteng,Hyper,78.12,55.69,75.79,82.29,0.0299,0,0,102.25,28.89,191,191,14475.890000000001,3839.1000000000017
2025-07-02,SKU003,Dairy,Western Cape,Supermarket,78.12,55.69,72.23,78.7,0.0753,1,0,102.23,28.72,282,240,17335.2,3969.6000000000013
2025-07-03,SKU003,Dairy,KwaZulu-Natal,Supermarket,78.12,55.69,78.02,83.93,0.0013,0,0,101.98,28.88,184,161,12561.22,3595.1299999999997
2025-07-04,SKU003,Dairy,Western Cape,Supermarket,78.12,55.69,77.32,79.54,0.0103,0,0,101.63,29.12,327,197,15232.039999999999,4261.109999999999
2025-07-05,SKU003,Dairy,Gauteng,Hyper,78.12,55.69,70.63,78.98,0.0959,0,0,102.18,29.02,253,253,17869.39,3779.8199999999993
2025-07-06,SKU003,Dairy,Gauteng,Convenience,78.12,55.69,74.17,81.28,0.0506,0,0,101.5,28.33,213,174,12905.58,3215.520000000001
2025-07-07,SKU003,Dairy,KwaZulu-Natal,Supermarket,78.12,55.69,78.08,81.0,0.0005,0,0,102.27,28.74,184,162,12648.96,3627.1800000000003
2025-07-08,SKU003,Dairy,Gauteng,Hyper,78.12,55.69,80.27,81.49,0.0,0,0,102.07,28.68,279,177,14207.789999999999,4350.66
2025-07-09,SKU003,Dairy,KwaZulu-Natal,Supermarket,78.12,55.69,70.59,80.21,0.0963,0,0,102.2,29.13,359,230,16235.7,3427.0000000000014
2025-07-10,SKU003,Dairy,Western Cape,Supermarket,78.12,55.69,79.56,79.95,0.0,0,0,102.16,28.88,191,146,11615.76,3485.0200000000004
2025-07-11,SKU003,Dairy,Western Cape,Convenience,78.12,55.69,58.75,82.44,0.2479,1,0,102.02,28.59,373,325,19093.75,994.5000000000007
2025-07-12,SKU003,Dairy,Gauteng,Convenience,78.12,55.69,82.88,82.95,0.0,0,0,101.73,28.75,159,127,10525.76,3453.1299999999997
2025-07-13,SKU003,Dairy,KwaZulu-Natal,Supermarket,78.12,55.69,76.71,81.0,0.018,0,0,102.0,28.97,184,152,11659.919999999998,3195.0399999999995
2025-07-14,SKU003,Dairy,Western Cape,Convenience,78.12,55.69,77.91,78.5,0.0027,0,0,102.04,28.55,187,138,10751.58,3066.3599999999997
2025-07-15,SKU003,Dairy,Gauteng,Supermarket,78.12,55.69,84.89,82.87,0.0,0,0,102.27,28.71,217,155,13157.95,4526.0
2025-07-16,SKU003,Dairy,Gauteng,Supermarket,78.12,55.69,78.41,82.68,0.0,0,0,102.06,28.86,131,131,10271.71,2976.3199999999997
2025-07-17,SKU003,Dairy,Gauteng,Supermarket,78.12,55.69,81.42,83.05,0.0,0,0,102.05,29.05,156,135,10991.7,3473.5500000000006
2025-07-18,SKU003,Dairy,Gauteng,Convenience,78.12,55.69,85.8,80.64,0.0,0,0,102.59,28.74,111,104,8923.199999999999,3131.44
2025-07-19,SKU003,Dairy,Western Cape,Supermarket,78.12,55.69,73.87,82.51,0.0544,0,0,102.39,28.95,266,192,14183.04,3490.5600000000013
2025-07-20,SKU003,Dairy,Gauteng,Supermarket,78.12,55.69,83.01,77.58,0.0,0,0,102.01,29.28,148,148,12285.480000000001,4043.360000000001
2025-07-21,SKU003,Dairy,KwaZulu-Natal,Convenience,78.12,55.69,78.41,79.95,0.0,0,0,102.25,28.73,129,122,9566.02,2771.8399999999997
2025-07-22,SKU003,Dairy,Gauteng,Hyper,78.12,55.69,72.61,80.94,0.0705,0,0,101.84,28.85,311,210,15248.1,3553.2000000000003
2025-07-23,SKU003,Dairy,KwaZulu-Natal,Convenience,78.12,55.69,84.29,78.97,0.0,0,0,102.84,28.83,130,107,9019.03,3060.2000000000007
2025-07-24,SKU003,Dairy,Western Cape,Supermarket,78.12,55.69,80.65,83.13,0.0,0,0,102.14,28.59,244,163,13145.95,4068.4800000000014
2025-07-25,SKU003,Dairy,Western Cape,Supermarket,78.12,55.69,72.85,81.74,0.0674,0,0,102.18,29.04,272,211,15371.349999999999,3620.7599999999993
2025-07-26,SKU003,Dairy,Western Cape,Convenience,78.12,55.69,74.31,79.72,0.0487,0,0,102.44,28.64,246,183,13598.73,3407.460000000001
2025-07-27,SKU003,Dairy,KwaZulu-Natal,Supermarket,78.12,55.69,67.18,77.83,0.14,1,0,101.97,28.87,331,274,18407.320000000003,3148.2600000000025
2025-07-28,SKU003,Dairy,Western Cape,Supermarket,78.12,55.69,79.78,81.29,0.0,0,0,102.18,29.06,171,159,12685.02,3830.3100000000004
2025-07-29,SKU003,Dairy,Gauteng,Supermarket,78.12,55.69,69.79,81.45,0.1066,1,0,102.33,29.43,406,293,20448.47,4131.300000000003
2025-07-30,SKU003,Dairy,Western Cape,Supermarket,78.12,55.69,63.04,84.14,0.193,1,0,102.3,28.8,394,293,18470.72,2153.5500000000006
2025-07-31,SKU003,Dairy,KwaZulu-Natal,Convenience,78.12,55.69,66.27,79.13,0.1517,1,0,102.22,29.15,241,189,12525.029999999999,1999.6199999999997
2025-08-01,SKU003,Dairy,Western Cape,Convenience,78.12,55.69,74.15,82.29,0.0508,0,0,102.37,28.97,138,138,10232.7,2547.480000000001
2025-08-02,SKU003,Dairy,Western Cape,Supermarket,78.12,55.69,73.26,78.75,0.0622,0,0,103.2,29.14,220,170,12454.2,2986.9000000000015
2025-08-03,SKU003,Dairy,KwaZulu-Natal,Supermarket,78.12,55.69,85.06,81.88,0.0,0,0,101.99,28.95,240,153,13014.18,4493.610000000001
2025-08-04,SKU003,Dairy,Gauteng,Supermarket,78.12,55.69,81.35,74.7,0.0,0,0,102.11,28.83,200,152,12365.199999999999,3900.3199999999997
2025-08-05,SKU003,Dairy,Gauteng,Supermarket,78.12,55.69,71.11,81.49,0.0898,1,0,102.53,28.99,362,245,17421.95,3777.9000000000005
2025-08-06,SKU003,Dairy,Gauteng,Supermarket,78.12,55.69,84.38,81.57,0.0,0,0,102.43,28.92,238,155,13078.9,4446.95
2025-08-07,SKU003,Dairy,Gauteng,Supermarket,78.12,55.69,62.5,84.55,0.1999,1,0,102.42,29.01,462,285,17812.5,1940.8500000000006
2025-08-08,SKU003,Dairy,Western Cape,Convenience,78.12,55.69,80.46,76.72,0.0,0,0,102.59,29.06,124,97,7804.619999999999,2402.6899999999996
2025-08-09,SKU003,Dairy,Western Cape,Convenience,78.12,55.69,68.83,81.22,0.1189,1,0,102.09,29.3,177,177,12182.91,2325.78
2025-08-10,SKU003,Dairy,KwaZulu-Natal,Supermarket,78.12,55.69,77.29,85.3,0.0107,0,0,102.26,28.98,176,161,12443.69,3477.6000000000013
2025-08-11,SKU003,Dairy,Gauteng,Supermarket,78.12,55.69,76.8,78.58,0.0168,0,0,102.18,29.31,138,138,10598.4,2913.18
2025-08-12,SKU003,Dairy,Western Cape,Hyper,78.12,55.69,65.35,83.1,0.1635,1,0,102.3,29.06,379,299,19539.649999999998,2888.339999999999
2025-08-13,SKU003,Dairy,Western Cape,Supermarket,78.12,55.69,75.61,81.65,0.0321,0,0,102.28,29.3,195,147,11114.67,2928.2400000000002
2025-08-14,SKU003,Dairy,Gauteng,Supermarket,78.12,55.69,74.49,84.15,0.0464,0,0,103.01,28.93,252,197,14674.529999999999,3703.5999999999995
2025-08-15,SKU003,Dairy,Gauteng,Supermarket,78.12,55.69,84.59,75.28,0.0,0,0,102.27,29.19,112,112,9474.08,3236.8000000000006
2025-08-16,SKU003,Dairy,KwaZulu-Natal,Hyper,78.12,55.69,83.09,83.39,0.0,0,0,102.06,29.1,141,110,9139.9,3014.0000000000005
2025-08-17,SKU003,Dairy,Gauteng,Supermarket,78.12,55.69,77.17,78.61,0.0121,0,0,102.46,29.52,103,103,7948.51,2212.4400000000005
2025-08-18,SKU003,Dairy,Gauteng,Convenience,78.12,55.69,72.02,81.76,0.0781,0,0,102.49,29.58,137,137,9866.74,2237.2099999999996
2025-08-19,SKU003,Dairy,KwaZulu-Natal,Supermarket,78.12,55.69,72.26,83.81,0.075,0,0,102.73,29.25,226,181,13079.060000000001,2999.1700000000014
2025-08-20,SKU003,Dairy,Gauteng,Supermarket,78.12,55.69,83.38,81.18,0.0,0,0,102.22,29.54,146,143,11923.34,3959.6699999999996
2025-08-21,SKU003,Dairy,Western Cape,Supermarket,78.12,55.69,75.85,84.83,0.029,0,0,102.58,29.12,266,175,13273.749999999998,3527.9999999999995
2025-08-22,SKU003,Dairy,Gauteng,Supermarket,78.12,55.69,83.44,77.03,0.0,0,0,103.1,29.5,208,152,12682.88,4218.0
2025-08-23,SKU003,Dairy,Gauteng,Supermarket,78.12,55.69,83.27,79.04,0.0,0,0,102.62,29.53,196,154,12823.58,4247.32
2025-08-24,SKU003,Dairy,Gauteng,Supermarket,78.12,55.69,73.26,85.88,0.0623,0,0,102.62,29.43,373,264,19340.640000000003,4638.480000000002
2025-08-25,SKU003,Dairy,Gauteng,Hyper,78.12,55.69,84.68,83.14,0.0,0,0,102.7,29.49,194,163,13802.840000000002,4725.370000000002
2025-08-26,SKU003,Dairy,Western Cape,Hyper,78.12,55.69,84.63,82.28,0.0,0,0,102.49,29.86,245,165,13963.949999999999,4775.099999999999
2025-08-27,SKU003,Dairy,Western Cape,Supermarket,78.12,55.69,78.46,84.63,0.0,0,0,103.22,29.69,202,152,11925.919999999998,3461.0399999999995
2025-08-28,SKU003,Dairy,Western Cape,Convenience,78.12,55.69,79.37,82.03,0.0,0,0,102.86,29.51,167,123,9762.51,2912.640000000001
2025-01-01,SKU004,Household,Gauteng,Supermarket,102.41,61.32,101.35,99.33,0.0103,0,0,99.81,29.88,98,67,6790.45,2682.0099999999998
2025-01-02,SKU004,Household,Gauteng,Convenience,102.41,61.32,106.31,104.51,0.0,0,0,99.77,29.88,80,64,6803.84,2879.36
2025-01-03,SKU004,Household,Gauteng,Convenience,102.41,61.32,112.32,98.71,0.0,0,0,100.01,30.34,57,50,5616.0,2549.9999999999995
2025-01-04,SKU004,Household,Gauteng,Supermarket,102.41,61.32,98.98,102.51,0.0335,0,0,100.08,30.11,72,64,6334.72,2410.2400000000002
2025-01-05,SKU004,Household,Gauteng,Supermarket,102.41,61.32,95.19,101.58,0.0705,0,0,99.87,30.0,115,82,7805.58,2777.3399999999997
2025-01-06,SKU004,Household,Gauteng,Supermarket,102.41,61.32,104.9,104.15,0.0,0,0,100.31,30.13,102,66,6923.400000000001,2876.28
2025-01-07,SKU004,Household,Western Cape,Hyper,102.41,61.32,103.67,107.49,0.0,0,0,100.3,30.27,83,67,6945.89,2837.4500000000003
2025-01-08,SKU004,Household,Gauteng,Hyper,102.41,61.32,102.05,105.68,0.0035,0,0,100.4,30.59,93,81,8266.05,3299.1299999999997
2025-01-09,SKU004,Household,Western Cape,Supermarket,102.41,61.32,106.06,105.87,0.0,0,0,100.0,30.35,94,59,6257.54,2639.6600000000003
2025-01-10,SKU004,Household,Western Cape,Convenience,102.41,61.32,99.45,107.79,0.0289,0,0,99.88,30.41,81,63,6265.35,2402.19
2025-01-11,SKU004,Household,KwaZulu-Natal,Supermarket,102.41,61.32,111.71,101.42,0.0,0,0,99.73,30.23,61,48,5362.08,2418.72
2025-01-12,SKU004,Household,KwaZulu-Natal,Supermarket,102.41,61.32,95.03,104.57,0.0721,0,0,100.12,30.41,71,69,6557.07,2325.9900000000002
2025-01-13,SKU004,Household,Gauteng,Supermarket,102.41,61.32,93.78,105.75,0.0843,0,0,100.35,30.42,71,71,6658.38,2304.66
2025-01-14,SKU004,Household,Western Cape,Supermarket,102.41,61.32,107.36,104.91,0.0,0,0,100.26,30.24,57,57,6119.5199999999995,2624.2799999999997
2025-01-15,SKU004,Household,Gauteng,Supermarket,102.41,61.32,102.18,101.17,0.0022,1,0,99.7,30.37,107,82,8378.76,3350.5200000000004
2025-01-16,SKU004,Household,Gauteng,Hyper,102.41,61.32,84.77,108.47,0.1723,1,0,99.81,30.64,152,138,11698.26,3236.0999999999995
2025-01-17,SKU004,Household,Gauteng,Supermarket,102.41,61.32,102.78,103.89,0.0,0,0,99.83,30.31,74,67,6886.26,2777.82
2025-01-18,SKU004,Household,Western Cape,Convenience,102.41,61.32,111.1,103.35,0.0,0,0,100.18,30.2,48,43,4777.3,2140.54
2025-01-19,SKU004,Household,Western Cape,Supermarket,102.41,61.32,97.57,102.28,0.0473,0,0,100.6,30.68,91,66,6439.62,2392.4999999999995
2025-01-20,SKU004,Household,Western Cape,Supermarket,102.41,61.32,102.74,102.63,0.0,0,0,100.35,30.35,90,64,6575.36,2650.8799999999997
2025-01-21,SKU004,Household,Gauteng,Supermarket,102.41,61.32,94.12,106.02,0.081,0,0,100.12,30.86,79,70,6588.400000000001,2296.0000000000005
2025-01-22,SKU004,Household,KwaZulu-Natal,Supermarket,102.41,61.32,106.34,100.88,0.0,0,0,99.84,30.96,71,62,6593.08,2791.2400000000002
2025-01-23,SKU004,Household,Gauteng,Supermarket,102.41,61.32,102.29,107.3,0.0012,0,0,100.65,30.63,109,75,7671.750000000001,3072.7500000000005
2025-01-24,SKU004,Household,Western Cape,Supermarket,102.41,61.32,96.91,98.87,0.0537,0,0,99.94,30.41,83,73,7074.429999999999,2598.0699999999997
2025-01-25,SKU004,Household,Western Cape,Supermarket,102.41,61.32,85.02,99.87,0.1698,1,0,99.83,30.86,125,102,8672.039999999999,2417.3999999999996
2025-01-26,SKU004,Household,Gauteng,Supermarket,102.41,61.32,93.28,104.21,0.0892,0,0,100.58,30.67,88,88,8208.64,2812.48
2025-01-27,SKU004,Household,Western Cape,Convenience,102.41,61.32,95.25,101.02,0.0699,0,0,100.15,30.55,86,57,5429.25,1934.01
2025-01-28,SKU004,Household,Gauteng,Convenience,102.41,61.32,97.45,109.66,0.0485,0,0,100.31,30.76,102,72,7016.400000000001,2601.36
2025-01-29,SKU004,Household,Western Cape,Hyper,102.41,61.32,110.21,103.23,0.0,0,0,100.41,30.74,76,53,5841.13,2591.1699999999996
2025-01-30,SKU004,Household,Western Cape,Supermarket,102.41,61.32,82.15,104.93,0.1978,1,0,99.62,30.7,209,147,12076.050000000001,3062.0100000000007
2025-01-31,SKU004,Household,Western Cape,Convenience,102.41,61.32,95.63,104.96,0.0662,0,0,100.54,30.77,94,71,6789.73,2436.0099999999998
2025-02-01,SKU004,Household,Western Cape,Supermarket,102.41,61.32,104.16,100.52,0.0,0,0,100.54,30.86,47,47,4895.5199999999995,2013.4799999999998
2025-02-02,SKU004,Household,Gauteng,Convenience,102.41,61.32,107.1,104.88,0.0,0,0,100.25,30.72,61,52,5569.2,2380.5599999999995
2025-02-03,SKU004,Household,Western Cape,Supermarket,102.41,61.32,109.2,104.92,0.0,0,0,100.47,31.21,81,59,6442.8,2824.92
2025-02-04,SKU004,Household,Gauteng,Supermarket,102.41,61.32,97.65,100.57,0.0465,1,0,100.36,30.85,137,98,9569.7,3560.3400000000006
2025-02-05,SKU004,Household,Western Cape,Supermarket,102.41,61.32,101.15,105.98,0.0123,0,0,100.66,30.78,103,76,7687.400000000001,3027.0800000000004
2025-02-06,SKU004,Household,KwaZulu-Natal,Convenience,102.41,61.32,94.56,100.91,0.0766,0,0,100.05,31.06,59,58,5484.4800000000005,1927.92
2025-02-07,SKU004,Household,KwaZulu-Natal,Supermarket,102.41,61.32,94.13,107.32,0.0808,0,0,100.21,31.12,112,81,7624.53,2657.6099999999997
2025-02-08,SKU004,Household,KwaZulu-Natal,Supermarket,102.41,61.32,105.21,103.23,0.0,0,0,100.41,31.0,93,68,7154.28,2984.5199999999995
2025-02-09,SKU004,Household,Gauteng,Supermarket,102.41,61.32,102.37,103.47,0.0004,0,0,100.11,31.15,99,75,7677.75,3078.7500000000005
2025-02-10,SKU004,Household,Western Cape,Supermarket,102.41,61.32,99.41,108.14,0.0293,0,0,100.29,31.12,68,68,6759.88,2590.12
2025-02-11,SKU004,Household,KwaZulu-Natal,Supermarket,102.41,61.32,92.99,102.42,0.092,1,0,100.68,31.14,98,83,7718.169999999999,2628.6099999999997
2025-02-12,SKU004,Household,Western Cape,Convenience,102.41,61.32,96.97,98.65,0.0531,0,0,100.76,31.15,100,55,5333.35,1960.75
2025-02-13,SKU004,Household,Western Cape,Convenience,102.41,61.32,99.0,102.74,0.0333,0,0,100.17,31.07,61,61,6039.0,2298.48
2025-02-14,SKU004,Household,Gauteng,Hyper,102.41,61.32,104.15,105.75,0.0,0,0,100.77,31.16,81,70,7290.5,2998.1000000000004
2025-02-15,SKU004,Household,Western Cape,Supermarket,102.41,61.32,105.7,101.69,0.0,0,0,99.81,31.14,88,61,6447.7,2707.1800000000003
2025-02-16,SKU004,Household,KwaZulu-Natal,Supermarket,102.41,61.32,112.41,107.72,0.0,0,0,100.44,30.91,60,54,6070.139999999999,2758.8599999999997
2025-02-17,SKU004,Household,Gauteng,Supermarket,102.41,61.32,107.95,103.69,0.0,0,0,100.49,31.37,65,53,5721.35,2471.3900000000003
2025-02-18,SKU004,Household,Gauteng,Supermarket,102.41,61.32,103.02,101.72,0.0,0,0,100.83,30.99,97,69,7108.38,2877.2999999999997
2025-02-19,SKU004,Household,Gauteng,Supermarket,102.41,61.32,97.99,101.61,0.0432,1,0,100.12,31.25,104,104,10190.96,3813.6799999999994
2025-02-20,SKU004,Household,Gauteng,Convenience,102.41,61.32,91.14,104.94,0.1101,1,0,100.02,31.2,113,86,7838.04,2564.52
2025-02-21,SKU004,Household,Western Cape,Supermarket,102.41,61.32,100.05,101.12,0.023,0,0,100.5,31.24,91,82,8204.1,3175.8599999999997
2025-02-22,SKU004,Household,Western Cape,Supermarket,102.41,61.32,106.21,102.28,0.0,0,0,99.88,31.11,59,59,6266.389999999999,2648.5099999999998
2025-02-23,SKU004,Household,KwaZulu-Natal,Supermarket,102.41,61.32,98.07,99.46,0.0424,0,0,100.51,31.31,81,80,7845.599999999999,2939.9999999999995
2025-02-24,SKU004,Household,Western Cape,Supermarket,102.41,61.32,92.15,103.91,0.1002,1,0,100.47,31.09,95,95,8754.25,2928.8500000000004
2025-02-25,SKU004,Household,Gauteng,Supermarket,102.41,61.32,103.99,106.91,0.0,0,0,100.3,31.01,97,82,8527.18,3498.9399999999996
2025-02-26,SKU004,Household,Gauteng,Supermarket,102.41,61.32,92.49,105.46,0.0968,0,0,100.37,31.11,72,72,6659.28,2244.24
2025-02-27,SKU004,Household,Gauteng,Supermarket,102.41,61.32,110.01,100.97,0.0,0,0,100.93,31.35,90,66,7260.660000000001,3213.5400000000004
2025-02-28,SKU004,Household,Gauteng,Supermarket,102.41,61.32,108.49,103.09,0.0,0,0,100.86,31.57,63,61,6617.889999999999,2877.37
2025-03-01,SKU004,Household,Gauteng,Hyper,102.41,61.32,106.71,104.99,0.0,0,0,100.71,31.04,72,71,7576.41,3222.6899999999996
2025-03-02,SKU004,Household,Western Cape,Supermarket,102.41,61.32,93.92,107.76,0.0829,0,0,100.99,31.16,128,96,9016.32,3129.6000000000004
2025-03-03,SKU004,Household,KwaZulu-Natal,Supermarket,102.41,61.32,94.59,108.24,0.0763,1,0,100.47,31.02,105,92,8702.28,3060.84
2025-03-04,SKU004,Household,Gauteng,Supermarket,102.41,61.32,79.76,98.02,0.2212,1,0,100.71,31.46,193,136,10847.36,2507.8400000000006
2025-03-05,SKU004,Household,Gauteng,Supermarket,102.41,61.32,112.03,101.31,0.0,0,0,100.18,31.2,78,62,6945.86,3144.02
2025-03-06,SKU004,Household,KwaZulu-Natal,Convenience,102.41,61.32,106.68,101.67,0.0,0,0,101.17,31.39,61,56,5974.08,2540.1600000000003
2025-03-07,SKU004,Household,Gauteng,Supermarket,102.41,61.32,92.77,103.25,0.0942,0,0,100.58,30.93,131,84,7792.679999999999,2641.7999999999997
2025-03-08,SKU004,Household,KwaZulu-Natal,Hyper,102.41,61.32,96.39,105.04,0.0588,0,0,100.73,31.37,91,86,8289.54,3016.02
2025-03-09,SKU004,Household,Western Cape,Convenience,102.41,61.32,107.42,107.27,0.0,0,0,100.72,31.17,78,59,6337.78,2719.9
2025-03-10,SKU004,Household,KwaZulu-Natal,Supermarket,102.41,61.32,109.0,108.4,0.0,0,0,100.75,31.29,55,55,5995.0,2622.4
2025-03-11,SKU004,Household,KwaZulu-Natal,Hyper,102.41,61.32,109.17,102.34,0.0,0,0,100.83,31.5,74,59,6441.03,2823.15
2025-03-12,SKU004,Household,Western Cape,Supermarket,102.41,61.32,102.76,102.96,0.0,0,0,100.69,31.21,68,60,6165.6,2486.4
2025-03-13,SKU004,Household,Gauteng,Supermarket,102.41,61.32,100.3,100.14,0.0206,0,0,101.25,31.14,127,82,8224.6,3196.3599999999997
2025-03-14,SKU004,Household,Western Cape,Supermarket,102.41,61.32,105.75,99.79,0.0,0,0,100.27,31.42,71,64,6768.0,2843.52
2025-03-15,SKU004,Household,KwaZulu-Natal,Supermarket,102.41,61.32,104.58,104.39,0.0,0,0,101.01,31.03,94,69,7216.0199999999995,2984.94
2025-03-16,SKU004,Household,Gauteng,Supermarket,102.41,61.32,101.48,107.2,0.0091,0,0,101.05,31.14,115,94,9539.12,3775.0400000000004
2025-03-17,SKU004,Household,Gauteng,Convenience,102.41,61.32,94.9,97.42,0.0733,0,0,100.35,31.04,106,81,7686.900000000001,2719.9800000000005
2025-03-18,SKU004,Household,Gauteng,Supermarket,102.41,61.32,85.71,101.44,0.1631,1,0,100.73,31.01,138,122,10456.619999999999,2975.579999999999
2025-03-19,SKU004,Household,Gauteng,Supermarket,102.41,61.32,100.69,100.27,0.0168,0,0,100.84,31.2,82,82,8256.58,3228.3399999999997
2025-03-20,SKU004,Household,KwaZulu-Natal,Supermarket,102.41,61.32,101.21,104.88,0.0117,0,0,101.06,31.27,61,61,6173.8099999999995,2433.2899999999995
2025-03-21,SKU004,Household,Western Cape,Convenience,102.41,61.32,108.63,105.31,0.0,0,0,101.34,31.05,34,34,3693.42,1608.5399999999997
2025-03-22,SKU004,Household,Western Cape,Supermarket,102.41,61.32,106.61,104.14,0.0,0,0,100.75,30.82,82,65,6929.65,2943.85
2025-03-23,SKU004,Household,KwaZulu-Natal,Supermarket,102.41,61.32,111.26,103.54,0.0,0,0,100.7,31.09,86,62,6898.12,3096.28
2025-03-24,SKU004,Household,Gauteng,Supermarket,102.41,61.32,93.83,103.51,0.0838,1,0,101.05,30.98,93,93,8726.19,3023.43
2025-03-25,SKU004,Household,Gauteng,Supermarket,102.41,61.32,92.18,101.62,0.0999,0,0,100.98,31.11,135,107,9863.26,3302.020000000001
2025-03-26,SKU004,Household,Western Cape,Hyper,102.41,61.32,111.75,100.29,0.0,0,0,101.23,31.19,77,64,7152.0,3227.52
2025-03-27,SKU004,Household,Gauteng,Supermarket,102.41,61.32,103.18,100.18,0.0,0,0,101.18,30.97,88,78,8048.040000000001,3265.0800000000004
2025-03-28,SKU004,Household,Gauteng,Hyper,102.41,61.32,94.96,97.69,0.0727,0,0,101.38,31.03,136,113,10730.48,3801.3199999999993
2025-03-29,SKU004,Household,Gauteng,Hyper,102.41,61.32,100.32,107.19,0.0204,0,0,101.26,31.06,138,112,11235.84,4367.999999999999
2025-03-30,SKU004,Household,Gauteng,Supermarket,102.41,61.32,93.54,109.04,0.0866,0,0,100.66,31.22,143,94,8792.76,3028.6800000000007
2025-03-31,SKU004,Household,Western Cape,Convenience,102.41,61.32,102.11,104.84,0.0029,0,0,101.13,31.06,83,68,6943.48,2773.72
2025-04-01,SKU004,Household,Gauteng,Supermarket,102.41,61.32,109.81,100.69,0.0,0,0,100.53,30.69,80,64,7027.84,3103.36
2025-04-02,SKU004,Household,Gauteng,Supermarket,102.41,61.32,110.3,101.42,0.0,0,0,100.86,31.03,59,59,6507.7,2889.8199999999997
2025-04-03,SKU004,Household,KwaZulu-Natal,Hyper,102.41,61.32,107.33,106.36,0.0,0,0,101.64,30.9,118,74,7942.42,3404.74
2025-04-04,SKU004,Household,Gauteng,Hyper,102.41,61.32,109.81,101.85,0.0,0,1,101.77,31.1,80,80,8784.8,3879.2000000000003
2025-04-05,SKU004,Household,Gauteng,Supermarket,102.41,61.32,112.51,106.37,0.0,0,1,101.3,30.88,81,70,7875.700000000001,3583.3
2025-04-06,SKU004,Household,KwaZulu-Natal,Supermarket,102.41,61.32,92.59,103.83,0.0959,0,1,100.94,30.99,114,83,7684.97,2595.4100000000003
2025-04-07,SKU004,Household,Western Cape,Hyper,102.41,61.32,98.09,103.53,0.0422,0,0,100.73,30.89,119,89,8730.01,3272.53
2025-04-08,SKU004,Household,Gauteng,Supermarket,102.41,61.32,97.81,107.64,0.0449,0,0,101.24,30.72,76,76,7433.56,2773.2400000000002
2025-04-09,SKU004,Household,Gauteng,Supermarket,102.41,61.32,96.83,102.64,0.0544,0,0,100.81,30.85,63,63,6100.29,2237.1299999999997
2025-04-10,SKU004,Household,Gauteng,Supermarket,102.41,61.32,92.9,99.19,0.0929,0,0,101.45,30.42,143,120,11148.0,3789.600000000001
2025-04-11,SKU004,Household,Gauteng,Supermarket,102.41,61.32,93.4,99.15,0.088,0,1,101.33,30.6,102,100,9340.0,3208.0000000000005
2025-04-12,SKU004,Household,Gauteng,Supermarket,102.41,61.32,99.07,100.14,0.0326,0,1,100.99,30.73,102,74,7331.179999999999,2793.4999999999995
2025-04-13,SKU004,Household,Western Cape,Supermarket,102.41,61.32,99.66,111.41,0.0268,1,1,101.69,30.52,172,97,9667.02,3718.9799999999996
2025-04-14,SKU004,Household,KwaZulu-Natal,Supermarket,102.41,61.32,102.5,101.09,0.0,0,0,100.84,30.5,105,66,6765.0,2717.88
2025-04-15,SKU004,Household,Gauteng,Hyper,102.41,61.32,96.68,106.76,0.056,1,0,101.44,30.41,153,111,10731.480000000001,3924.960000000001
2025-04-16,SKU004,Household,Western Cape,Hyper,102.41,61.32,109.9,99.69,0.0,0,0,101.27,30.49,98,63,6923.700000000001,3060.5400000000004
2025-04-17,SKU004,Household,Gauteng,Supermarket,102.41,61.32,100.07,102.87,0.0228,0,0,101.34,30.43,81,68,6804.759999999999,2634.9999999999995
2025-04-18,SKU004,Household,Western Cape,Supermarket,102.41,61.32,83.49,109.43,0.1848,1,1,101.25,30.29,299,150,12523.5,3325.499999999999
2025-04-19,SKU004,Household,Western Cape,Supermarket,102.41,61.32,89.5,101.86,0.1261,1,1,101.26,30.36,122,108,9666.0,3043.44
2025-04-20,SKU004,Household,Western Cape,Supermarket,102.41,61.32,95.54,103.98,0.0671,0,1,101.37,30.6,127,94,8980.76,3216.6800000000007
2025-04-21,SKU004,Household,Gauteng,Supermarket,102.41,61.32,93.19,97.23,0.09,1,0,100.96,30.3,127,119,11089.61,3792.5299999999997
2025-04-22,SKU004,Household,KwaZulu-Natal,Supermarket,102.41,61.32,89.56,109.74,0.1255,1,0,101.58,30.52,131,104,9314.24,2936.96
2025-04-23,SKU004,Household,KwaZulu-Natal,Supermarket,102.41,61.32,94.97,97.48,0.0726,0,0,101.37,30.27,69,69,6552.93,2321.85
2025-04-24,SKU004,Household,KwaZulu-Natal,Supermarket,102.41,61.32,106.23,103.77,0.0,0,0,101.26,30.38,92,63,6692.490000000001,2829.3300000000004
2025-04-25,SKU004,Household,Western Cape,Supermarket,102.41,61.32,105.58,102.47,0.0,0,1,101.13,30.12,109,80,8446.4,3540.7999999999997
2025-04-26,SKU004,Household,Gauteng,Supermarket,102.41,61.32,105.49,105.99,0.0,0,1,101.77,30.23,64,64,6751.36,2826.8799999999997
2025-04-27,SKU004,Household,Gauteng,Supermarket,102.41,61.32,111.02,112.11,0.0,0,1,101.31,30.53,93,75,8326.5,3727.4999999999995
2025-04-28,SKU004,Household,Western Cape,Convenience,102.41,61.32,101.16,105.48,0.0122,0,0,101.12,30.26,73,61,6170.76,2430.24
2025-04-29,SKU004,Household,Gauteng,Supermarket,102.41,61.32,109.8,108.01,0.0,0,0,101.88,30.37,74,70,7686.0,3393.6
2025-04-30,SKU004,Household,Gauteng,Supermarket,102.41,61.32,99.82,101.71,0.0253,0,0,101.83,30.13,80,80,7985.599999999999,3079.9999999999995
2025-05-01,SKU004,Household,Western Cape,Supermarket,102.41,61.32,98.54,106.75,0.0378,0,0,101.5,30.28,104,90,8868.6,3349.8000000000006
2025-05-02,SKU004,Household,KwaZulu-Natal,Supermarket,102.41,61.32,93.71,98.27,0.085,0,0,101.19,30.23,112,84,7871.639999999999,2720.7599999999993
2025-05-03,SKU004,Household,KwaZulu-Natal,Hyper,102.41,61.32,103.51,108.0,0.0,0,0,101.83,30.28,120,91,9419.41,3839.2900000000004
2025-05-04,SKU004,Household,Western Cape,Supermarket,102.41,61.32,101.26,103.98,0.0112,0,0,101.46,30.24,146,82,8303.32,3275.0800000000004
2025-05-05,SKU004,Household,Gauteng,Convenience,102.41,61.32,88.79,100.2,0.133,1,0,101.46,29.85,94,94,8346.26,2582.1800000000007
2025-05-06,SKU004,Household,Gauteng,Supermarket,102.41,61.32,110.47,104.56,0.0,0,0,101.22,29.89,57,56,6186.32,2752.4
2025-05-07,SKU004,Household,Gauteng,Convenience,102.41,61.32,111.23,104.9,0.0,0,0,101.33,30.03,72,55,6117.650000000001,2745.05
2025-05-08,SKU004,Household,KwaZulu-Natal,Supermarket,102.41,61.32,98.78,106.2,0.0355,0,0,100.95,29.64,105,80,7902.4,2996.8
2025-05-09,SKU004,Household,KwaZulu-Natal,Supermarket,102.41,61.32,105.72,103.9,0.0,0,0,100.58,30.06,94,61,6448.92,2708.4
2025-05-10,SKU004,Household,Western Cape,Supermarket,102.41,61.32,93.8,105.88,0.0841,0,0,101.6,29.64,73,73,6847.4,2371.04
2025-05-11,SKU004,Household,Gauteng,Hyper,102.41,61.32,103.5,107.82,0.0,0,0,101.79,29.72,127,95,9832.5,4007.1
2025-05-12,SKU004,Household,Gauteng,Supermarket,102.41,61.32,101.93,100.35,0.0047,0,0,101.4,29.72,59,59,6013.870000000001,2395.9900000000002
2025-05-13,SKU004,Household,KwaZulu-Natal,Supermarket,102.41,61.32,99.14,110.02,0.0319,0,0,101.99,29.81,88,65,6444.1,2458.3
2025-05-14,SKU004,Household,Gauteng,Supermarket,102.41,61.32,93.24,103.11,0.0895,0,0,100.95,29.65,104,87,8111.879999999999,2777.0399999999995
2025-05-15,SKU004,Household,KwaZulu-Natal,Supermarket,102.41,61.32,86.82,103.67,0.1522,1,0,101.1,29.85,169,116,10071.119999999999,2957.999999999999
2025-05-16,SKU004,Household,KwaZulu-Natal,Supermarket,102.41,61.32,91.65,100.85,0.105,1,0,100.89,29.89,122,108,9898.2,3275.640000000001
2025-05-17,SKU004,Household,KwaZulu-Natal,Hyper,102.41,61.32,80.51,102.88,0.2139,1,0,101.36,29.61,163,122,9822.220000000001,2341.1800000000007
2025-05-18,SKU004,Household,KwaZulu-Natal,Supermarket,102.41,61.32,103.96,103.23,0.0,0,0,101.54,29.62,62,58,6029.679999999999,2473.1199999999994
2025-05-19,SKU004,Household,KwaZulu-Natal,Convenience,102.41,61.32,97.36,93.77,0.0493,0,0,101.36,29.81,65,59,5744.24,2126.36
2025-05-20,SKU004,Household,KwaZulu-Natal,Hyper,102.41,61.32,90.66,95.55,0.1147,1,0,101.54,29.67,160,116,10516.56,3403.4399999999996
2025-05-21,SKU004,Household,Western Cape,Supermarket,102.41,61.32,95.0,101.38,0.0724,0,0,100.93,29.5,113,88,8360.0,2963.84
2025-05-22,SKU004,Household,Gauteng,Supermarket,102.41,61.32,106.55,101.37,0.0,0,0,101.54,29.52,90,74,7884.7,3347.02
2025-05-23,SKU004,Household,Western Cape,Convenience,102.41,61.32,106.84,101.82,0.0,0,0,101.92,29.21,63,56,5983.04,2549.1200000000003
2025-05-24,SKU004,Household,KwaZulu-Natal,Supermarket,102.41,61.32,91.12,104.11,0.1103,1,0,101.36,29.5,91,81,7380.72,2413.8
2025-05-25,SKU004,Household,Gauteng,Convenience,102.41,61.32,100.22,106.13,0.0214,0,0,101.56,29.59,80,67,6714.74,2606.2999999999997
2025-05-26,SKU004,Household,Gauteng,Convenience,102.41,61.32,102.84,101.18,0.0,0,0,101.75,29.54,70,66,6787.4400000000005,2740.32
2025-05-27,SKU004,Household,Gauteng,Supermarket,102.41,61.32,111.87,99.78,0.0,0,0,102.32,29.33,95,59,6600.33,2982.4500000000003
2025-05-28,SKU004,Household,Gauteng,Supermarket,102.41,61.32,103.3,96.72,0.0,0,0,101.65,29.53,80,66,6817.8,2770.68
2025-05-29,SKU004,Household,Western Cape,Supermarket,102.41,61.32,110.79,100.57,0.0,0,0,101.68,29.44,101,68,7533.72,3363.9600000000005
2025-05-30,SKU004,Household,KwaZulu-Natal,Convenience,102.41,61.32,97.72,104.67,0.0458,0,0,101.84,29.28,57,57,5570.04,2074.7999999999997
2025-05-31,SKU004,Household,Western Cape,Supermarket,102.41,61.32,103.7,105.98,0.0,0,0,101.4,29.19,79,65,6740.5,2754.7000000000003
2025-06-01,SKU004,Household,Western Cape,Hyper,102.41,61.32,107.09,106.82,0.0,0,0,101.64,29.42,100,77,8245.93,3524.2900000000004
2025-06-02,SKU004,Household,Gauteng,Convenience,102.41,61.32,91.61,103.55,0.1054,1,0,101.89,29.52,158,96,8794.56,2907.84
2025-06-03,SKU004,Household,Gauteng,Convenience,102.41,61.32,98.92,103.6,0.0341,0,0,101.69,29.17,88,71,7023.32,2669.6
2025-06-04,SKU004,Household,Western Cape,Supermarket,102.41,61.32,111.16,105.3,0.0,0,0,101.96,29.56,79,56,6224.96,2791.04
2025-06-05,SKU004,Household,Gauteng,Supermarket,102.41,61.32,99.69,102.78,0.0266,0,0,101.64,29.43,110,91,9071.789999999999,3491.6699999999996
2025-06-06,SKU004,Household,Gauteng,Hyper,102.41,61.32,101.39,103.73,0.0099,0,0,101.7,29.44,99,92,9327.88,3686.44
2025-06-07,SKU004,Household,Gauteng,Supermarket,102.41,61.32,83.95,101.49,0.1803,1,0,101.44,29.29,142,131,10997.45,2964.53
2025-06-08,SKU004,Household,Gauteng,Supermarket,102.41,61.32,81.33,100.53,0.2058,1,0,102.05,29.33,153,121,9840.93,2421.2099999999996
2025-06-09,SKU004,Household,Gauteng,Hyper,102.41,61.32,103.25,100.76,0.0,0,0,101.17,28.9,98,82,8466.5,3438.2599999999998
2025-06-10,SKU004,Household,Western Cape,Convenience,102.41,61.32,96.71,102.67,0.0557,0,0,101.98,29.29,122,66,6382.86,2335.74
2025-06-11,SKU004,Household,Gauteng,Convenience,102.41,61.32,102.31,102.36,0.001,0,0,101.99,29.01,83,56,5729.360000000001,2295.44
2025-06-12,SKU004,Household,Western Cape,Supermarket,102.41,61.32,99.33,99.77,0.03,0,0,101.56,29.11,62,61,6059.13,2318.6099999999997
2025-06-13,SKU004,Household,Western Cape,Hyper,102.41,61.32,107.03,99.85,0.0,0,0,102.22,29.24,76,66,7063.9800000000005,3016.86
2025-06-14,SKU004,Household,Gauteng,Supermarket,102.41,61.32,107.85,105.66,0.0,0,0,101.62,28.83,104,65,7010.25,3024.45
2025-06-15,SKU004,Household,Western Cape,Hyper,102.41,61.32,103.26,102.42,0.0,0,0,101.68,29.28,98,73,7537.9800000000005,3061.6200000000003
2025-06-16,SKU004,Household,KwaZulu-Natal,Hyper,102.41,61.32,79.87,106.44,0.2201,1,0,101.94,29.1,175,132,10542.84,2448.6000000000004
2025-06-17,SKU004,Household,KwaZulu-Natal,Hyper,102.41,61.32,100.76,104.05,0.0162,0,0,101.98,29.15,68,67,6750.92,2642.4800000000005
2025-06-18,SKU004,Household,Gauteng,Hyper,102.41,61.32,93.19,101.84,0.09,0,0,101.97,29.14,139,100,9319.0,3186.9999999999995
2025-06-19,SKU004,Household,KwaZulu-Natal,Supermarket,102.41,61.32,103.12,107.48,0.0,0,0,101.55,28.64,49,49,5052.88,2048.2000000000003
2025-06-20,SKU004,Household,KwaZulu-Natal,Convenience,102.41,61.32,102.17,103.74,0.0023,0,0,102.11,28.78,65,49,5006.33,2001.65
2025-06-21,SKU004,Household,Western Cape,Supermarket,102.41,61.32,96.24,98.96,0.0602,0,0,101.35,28.93,78,64,6159.36,2234.8799999999997
2025-06-22,SKU004,Household,KwaZulu-Natal,Supermarket,102.41,61.32,102.98,99.09,0.0,0,0,101.66,28.88,88,63,6487.740000000001,2624.5800000000004
2025-06-23,SKU004,Household,Gauteng,Supermarket,102.41,61.32,101.03,102.3,0.0135,0,0,101.92,28.99,96,74,7476.22,2938.54
2025-06-24,SKU004,Household,Gauteng,Supermarket,102.41,61.32,92.19,100.97,0.0998,0,0,101.6,28.71,97,94,8665.86,2901.7799999999997
2025-06-25,SKU004,Household,Western Cape,Supermarket,102.41,61.32,101.51,103.71,0.0088,1,0,102.09,28.77,65,65,6598.150000000001,2612.3500000000004
2025-06-26,SKU004,Household,Gauteng,Supermarket,102.41,61.32,110.01,101.66,0.0,0,0,102.04,28.81,49,49,5390.490000000001,2385.8100000000004
2025-06-27,SKU004,Household,Western Cape,Hyper,102.41,61.32,111.72,103.63,0.0,0,0,102.33,29.05,62,49,5474.28,2469.6
2025-06-28,SKU004,Household,Gauteng,Convenience,102.41,61.32,108.64,106.38,0.0,0,0,101.85,28.93,56,44,4780.16,2082.08
2025-06-29,SKU004,Household,Western Cape,Supermarket,102.41,61.32,80.2,96.71,0.2169,1,0,102.22,28.83,128,128,10265.6,2416.6400000000003
2025-06-30,SKU004,Household,Gauteng,Supermarket,102.41,61.32,99.91,106.15,0.0244,0,0,102.5,28.84,77,76,7593.16,2932.8399999999997
2025-07-01,SKU004,Household,Western Cape,Supermarket,102.41,61.32,93.72,111.29,0.0848,0,0,101.97,29.08,134,87,8153.64,2818.7999999999997
2025-07-02,SKU004,Household,Gauteng,Hyper,102.41,61.32,111.4,106.87,0.0,0,0,101.29,28.91,62,57,6349.8,2854.5600000000004
2025-07-03,SKU004,Household,KwaZulu-Natal,Supermarket,102.41,61.32,100.74,102.55,0.0163,0,0,102.08,28.96,76,75,7555.5,2956.4999999999995
2025-07-04,SKU004,Household,Western Cape,Supermarket,102.41,61.32,99.01,102.46,0.0332,0,0,101.87,28.64,66,55,5445.55,2072.9500000000003
2025-07-05,SKU004,Household,Western Cape,Convenience,102.41,61.32,105.39,108.01,0.0,0,0,101.88,28.92,69,57,6007.2300000000005,2511.9900000000002
2025-07-06,SKU004,Household,KwaZulu-Natal,Supermarket,102.41,61.32,104.88,99.05,0.0,0,0,102.15,29.09,59,49,5139.12,2134.4399999999996
2025-07-07,SKU004,Household,Gauteng,Supermarket,102.41,61.32,106.87,100.29,0.0,0,0,102.36,28.57,56,55,5877.85,2505.2500000000005
2025-07-08,SKU004,Household,Western Cape,Supermarket,102.41,61.32,102.62,107.47,0.0,0,0,101.96,28.62,74,57,5849.34,2354.1000000000004
2025-07-09,SKU004,Household,Western Cape,Supermarket,102.41,61.32,97.12,103.71,0.0516,0,0,101.91,28.48,78,65,6312.8,2327.0000000000005
2025-07-10,SKU004,Household,Western Cape,Supermarket,102.41,61.32,96.38,103.72,0.0589,0,0,102.45,28.9,105,75,7228.5,2629.4999999999995
2025-07-11,SKU004,Household,KwaZulu-Natal,Supermarket,102.41,61.32,106.96,104.33,0.0,0,0,102.42,28.86,45,45,4813.2,2053.7999999999997
2025-07-12,SKU004,Household,Gauteng,Hyper,102.41,61.32,80.69,106.9,0.2121,1,0,101.64,28.65,186,141,11377.289999999999,2731.1699999999996
2025-07-13,SKU004,Household,Gauteng,Supermarket,102.41,61.32,81.32,102.74,0.206,1,0,101.87,28.8,115,95,7725.4,1899.9999999999993
2025-07-14,SKU004,Household,Gauteng,Hyper,102.41,61.32,82.31,99.72,0.1963,1,0,102.19,29.04,138,133,10947.23,2791.67
2025-07-15,SKU004,Household,Gauteng,Convenience,102.41,61.32,108.91,100.24,0.0,0,0,101.93,28.9,47,37,4029.67,1760.83
2025-07-16,SKU004,Household,Western Cape,Supermarket,102.41,61.32,106.47,103.08,0.0,0,0,102.37,28.68,57,57,6068.79,2573.5499999999997
2025-07-17,SKU004,Household,Gauteng,Convenience,102.41,61.32,98.91,101.41,0.0342,0,0,102.06,28.84,62,51,5044.41,1917.09
2025-07-18,SKU004,Household,KwaZulu-Natal,Supermarket,102.41,61.32,109.28,101.08,0.0,0,0,101.65,28.78,48,40,4371.2,1918.4
2025-07-19,SKU004,Household,KwaZulu-Natal,Supermarket,102.41,61.32,107.4,104.72,0.0,0,0,102.34,28.62,69,55,5907.0,2534.4
2025-07-20,SKU004,Household,Western Cape,Hyper,102.41,61.32,103.53,97.42,0.0,0,0,102.03,29.03,76,59,6108.27,2490.39
2025-07-21,SKU004,Household,Western Cape,Supermarket,102.41,61.32,97.74,103.79,0.0456,0,0,102.13,28.64,70,67,6548.58,2440.1399999999994
2025-07-22,SKU004,Household,Gauteng,Hyper,102.41,61.32,94.74,102.06,0.0749,0,0,102.03,28.94,107,82,7768.679999999999,2740.4399999999996
2025-07-23,SKU004,Household,KwaZulu-Natal,Hyper,102.41,61.32,92.54,106.62,0.0963,0,0,102.06,29.13,81,81,7495.740000000001,2528.8200000000006
2025-07-24,SKU004,Household,Western Cape,Convenience,102.41,61.32,81.16,106.96,0.2075,1,0,101.91,29.03,116,99,8034.839999999999,1964.1599999999996
2025-07-25,SKU004,Household,Gauteng,Hyper,102.41,61.32,91.21,101.07,0.1093,1,0,102.42,28.8,103,103,9394.63,3078.669999999999
2025-07-26,SKU004,Household,Western Cape,Convenience,102.41,61.32,99.11,105.52,0.0322,0,0,102.44,28.74,57,50,4955.5,1889.5
2025-07-27,SKU004,Household,Gauteng,Supermarket,102.41,61.32,100.21,107.93,0.0214,0,0,101.91,28.71,89,71,7114.91,2761.1899999999996
2025-07-28,SKU004,Household,KwaZulu-Natal,Supermarket,102.41,61.32,97.59,102.73,0.0471,0,0,102.29,28.73,116,64,6245.76,2321.28
2025-07-29,SKU004,Household,Gauteng,Supermarket,102.41,61.32,106.01,102.93,0.0,0,0,102.46,28.92,86,67,7102.67,2994.2300000000005
2025-07-30,SKU004,Household,Gauteng,Convenience,102.41,61.32,108.09,102.15,0.0,0,0,102.01,29.0,60,49,5296.41,2291.73
2025-07-31,SKU004,Household,Gauteng,Supermarket,102.41,61.32,107.56,99.44,0.0,0,0,102.36,29.2,69,51,5485.56,2358.2400000000002
2025-08-01,SKU004,Household,KwaZulu-Natal,Supermarket,102.41,61.32,110.51,100.76,0.0,0,0,102.8,29.05,62,54,5967.54,2656.26
2025-08-02,SKU004,Household,KwaZulu-Natal,Convenience,102.41,61.32,100.5,104.89,0.0186,0,0,102.48,28.94,66,46,4623.0,1802.28
2025-08-03,SKU004,Household,Gauteng,Hyper,102.41,61.32,103.65,101.24,0.0,0,0,102.68,29.09,69,69,7151.85,2920.7700000000004
2025-08-04,SKU004,Household,Gauteng,Convenience,102.41,61.32,92.27,106.8,0.099,0,0,102.23,29.16,64,56,5167.12,1733.1999999999998
2025-08-05,SKU004,Household,Western Cape,Supermarket,102.41,61.32,93.99,105.21,0.0822,0,0,101.86,29.11,71,60,5639.4,1960.1999999999996
2025-08-06,SKU004,Household,Gauteng,Supermarket,102.41,61.32,111.34,106.81,0.0,0,0,102.22,28.82,57,50,5567.0,2501.0
2025-08-07,SKU004,Household,KwaZulu-Natal,Supermarket,102.41,61.32,94.22,106.85,0.08,0,0,102.71,28.98,98,69,6501.18,2270.1
2025-08-08,SKU004,Household,Western Cape,Supermarket,102.41,61.32,103.61,102.66,0.0,0,0,102.76,29.0,70,51,5284.11,2156.79
2025-08-09,SKU004,Household,Western Cape,Supermarket,102.41,61.32,109.99,98.57,0.0,0,0,102.12,29.5,66,42,4619.58,2044.1399999999999
2025-08-10,SKU004,Household,Western Cape,Supermarket,102.41,61.32,92.23,102.81,0.0994,0,0,102.87,29.16,71,62,5718.26,1916.4200000000003
2025-08-11,SKU004,Household,Gauteng,Convenience,102.41,61.32,97.69,101.28,0.046,0,0,102.06,29.36,26,26,2539.94,945.6199999999999
2025-08-12,SKU004,Household,Gauteng,Supermarket,102.41,61.32,99.33,102.21,0.0301,0,0,102.62,29.14,89,64,6357.12,2432.64
2025-08-13,SKU004,Household,Western Cape,Supermarket,102.41,61.32,103.75,102.28,0.0,0,0,102.28,29.67,68,63,6536.25,2673.09
2025-08-14,SKU004,Household,Western Cape,Supermarket,102.41,61.32,95.98,101.66,0.0628,0,0,102.57,29.28,79,66,6334.68,2287.5600000000004
2025-08-15,SKU004,Household,Gauteng,Supermarket,102.41,61.32,98.18,97.91,0.0413,0,0,102.0,29.45,50,50,4909.0,1843.0000000000002
2025-08-16,SKU004,Household,KwaZulu-Natal,Supermarket,102.41,61.32,96.62,105.6,0.0566,0,0,102.33,29.32,47,47,4541.14,1659.1000000000001
2025-08-17,SKU004,Household,Gauteng,Supermarket,102.41,61.32,107.1,105.19,0.0,0,0,102.89,29.47,61,52,5569.2,2380.5599999999995
2025-08-18,SKU004,Household,Western Cape,Supermarket,102.41,61.32,97.5,103.06,0.048,0,0,102.68,29.33,72,55,5362.5,1989.9
2025-08-19,SKU004,Household,KwaZulu-Natal,Hyper,102.41,61.32,98.14,106.17,0.0417,0,0,102.62,29.53,63,63,6182.82,2319.66
2025-08-20,SKU004,Household,Western Cape,Supermarket,102.41,61.32,104.85,104.85,0.0,0,0,102.59,29.67,75,50,5242.5,2176.4999999999995
2025-08-21,SKU004,Household,Gauteng,Supermarket,102.41,61.32,98.66,104.27,0.0367,0,0,101.74,29.29,64,64,6314.24,2389.7599999999998
2025-08-22,SKU004,Household,Gauteng,Hyper,102.41,61.32,103.01,108.96,0.0,1,0,102.7,29.5,118,81,8343.810000000001,3376.8900000000003
2025-08-23,SKU004,Household,KwaZulu-Natal,Supermarket,102.41,61.32,105.6,108.02,0.0,0,0,102.49,29.32,65,59,6230.4,2612.5199999999995
2025-08-24,SKU004,Household,Gauteng,Supermarket,102.41,61.32,96.7,106.09,0.0557,0,0,102.59,29.43,64,64,6188.8,2264.32
2025-08-25,SKU004,Household,KwaZulu-Natal,Supermarket,102.41,61.32,112.08,101.77,0.0,0,0,103.08,29.68,51,41,4595.28,2081.16
2025-08-26,SKU004,Household,Gauteng,Supermarket,102.41,61.32,98.72,98.46,0.0361,0,0,102.62,29.62,64,61,6021.92,2281.4
2025-08-27,SKU004,Household,Gauteng,Supermarket,102.41,61.32,78.69,104.49,0.2316,1,0,102.69,29.51,153,119,9364.11,2067.0299999999997
2025-08-28,SKU004,Household,KwaZulu-Natal,Supermarket,102.41,61.32,99.68,107.22,0.0266,1,0,102.8,29.71,64,64,6379.52,2455.0400000000004
2025-01-01,SKU005,Personal Care,Western Cape,Supermarket,46.95,31.49,43.44,46.12,0.0748,1,0,100.27,30.32,168,107,4648.08,1278.6499999999999
2025-01-02,SKU005,Personal Care,KwaZulu-Natal,Supermarket,46.95,31.49,50.6,48.25,0.0,0,0,99.62,30.01,64,64,3238.4,1223.0400000000002
2025-01-03,SKU005,Personal Care,KwaZulu-Natal,Supermarket,46.95,31.49,40.5,49.78,0.1375,1,0,99.81,29.98,105,105,4252.5,946.0500000000002
2025-01-04,SKU005,Personal Care,Gauteng,Supermarket,46.95,31.49,44.53,45.19,0.0515,0,0,99.76,30.13,141,91,4052.23,1186.6400000000003
2025-01-05,SKU005,Personal Care,Gauteng,Hyper,46.95,31.49,46.9,48.89,0.001,0,0,99.35,30.06,105,89,4174.099999999999,1371.49
2025-01-06,SKU005,Personal Care,Western Cape,Supermarket,46.95,31.49,50.98,47.32,0.0,0,0,100.01,30.14,103,74,3772.52,1442.26
2025-01-07,SKU005,Personal Care,Western Cape,Supermarket,46.95,31.49,44.18,45.53,0.059,0,0,99.92,30.07,92,84,3711.12,1065.96
2025-01-08,SKU005,Personal Care,Gauteng,Convenience,46.95,31.49,44.22,46.32,0.0582,1,0,100.23,30.12,139,93,4112.46,1183.89
2025-01-09,SKU005,Personal Care,Gauteng,Supermarket,46.95,31.49,48.89,46.85,0.0,0,0,100.45,30.41,82,76,3715.64,1322.4
2025-01-10,SKU005,Personal Care,Gauteng,Supermarket,46.95,31.49,49.76,48.4,0.0,0,0,100.28,30.28,112,86,4279.36,1571.22
2025-01-11,SKU005,Personal Care,KwaZulu-Natal,Supermarket,46.95,31.49,44.76,44.01,0.0467,0,0,99.68,30.36,105,77,3446.52,1021.79
2025-01-12,SKU005,Personal Care,Gauteng,Supermarket,46.95,31.49,45.29,48.43,0.0354,1,0,100.09,30.53,85,80,3623.2,1104.0
2025-01-13,SKU005,Personal Care,Gauteng,Supermarket,46.95,31.49,50.05,50.06,0.0,0,0,100.25,30.38,73,73,3653.6499999999996,1354.8799999999999
2025-01-14,SKU005,Personal Care,Gauteng,Convenience,46.95,31.49,43.18,45.49,0.0803,0,0,99.57,30.39,92,71,3065.78,829.9900000000001
2025-01-15,SKU005,Personal Care,Western Cape,Supermarket,46.95,31.49,50.2,46.2,0.0,0,0,100.11,30.74,94,67,3363.4,1253.5700000000004
2025-01-16,SKU005,Personal Care,Western Cape,Convenience,46.95,31.49,47.25,46.5,0.0,0,0,99.89,30.48,64,54,2551.5,851.0400000000001
2025-01-17,SKU005,Personal Care,Western Cape,Supermarket,46.95,31.49,50.45,46.73,0.0,0,0,100.04,30.27,78,58,2926.1000000000004,1099.6800000000003
2025-01-18,SKU005,Personal Care,Gauteng,Supermarket,46.95,31.49,39.8,47.91,0.1522,1,0,100.7,30.42,149,118,4696.4,980.5799999999998
2025-01-19,SKU005,Personal Care,KwaZulu-Natal,Supermarket,46.95,31.49,47.69,44.32,0.0,0,0,100.45,30.55,98,92,4387.48,1490.3999999999999
2025-01-20,SKU005,Personal Care,Gauteng,Supermarket,46.95,31.49,43.2,48.58,0.0799,0,0,100.32,30.49,141,110,4752.0,1288.1000000000006
2025-01-21,SKU005,Personal Care,KwaZulu-Natal,Convenience,46.95,31.49,45.68,49.05,0.027,0,0,100.09,30.77,94,77,3517.36,1092.63
2025-01-22,SKU005,Personal Care,KwaZulu-Natal,Supermarket,46.95,31.49,49.9,44.94,0.0,0,0,100.52,30.64,99,73,3642.7,1343.93
2025-01-23,SKU005,Personal Care,Western Cape,Convenience,46.95,31.49,48.32,46.95,0.0,0,0,100.23,30.67,75,70,3382.4,1178.1000000000001
2025-01-24,SKU005,Personal Care,Gauteng,Hyper,46.95,31.49,43.87,48.54,0.0656,0,0,100.28,30.1,123,111,4869.57,1374.1799999999998
2025-01-25,SKU005,Personal Care,KwaZulu-Natal,Supermarket,46.95,31.49,49.71,45.29,0.0,0,0,100.46,30.47,79,75,3728.25,1366.5000000000002
2025-01-26,SKU005,Personal Care,KwaZulu-Natal,Convenience,46.95,31.49,46.18,47.14,0.0163,0,0,100.51,30.65,78,61,2816.98,896.09
2025-01-27,SKU005,Personal Care,Gauteng,Supermarket,46.95,31.49,43.23,48.09,0.0793,0,0,100.46,30.82,122,105,4539.15,1232.6999999999998
2025-01-28,SKU005,Personal Care,Gauteng,Supermarket,46.95,31.49,39.56,47.83,0.1574,1,0,100.38,30.74,131,120,4747.200000000001,968.4000000000004
2025-01-29,SKU005,Personal Care,KwaZulu-Natal,Convenience,46.95,31.49,51.59,46.42,0.0,0,0,100.09,31.03,80,68,3508.1200000000003,1366.8000000000004
2025-01-30,SKU005,Personal Care,Gauteng,Supermarket,46.95,31.49,47.19,51.57,0.0,0,0,100.73,30.93,92,92,4341.48,1444.3999999999999
2025-01-31,SKU005,Personal Care,Gauteng,Hyper,46.95,31.49,43.5,47.28,0.0736,0,0,101.12,30.97,144,131,5698.5,1573.3100000000002
2025-02-01,SKU005,Personal Care,Western Cape,Supermarket,46.95,31.49,48.78,45.75,0.0,0,0,100.87,30.67,105,76,3707.28,1314.0400000000002
2025-02-02,SKU005,Personal Care,KwaZulu-Natal,Supermarket,46.95,31.49,35.91,45.21,0.235,1,0,100.41,30.97,184,143,5135.129999999999,632.0599999999997
2025-02-03,SKU005,Personal Care,Gauteng,Supermarket,46.95,31.49,49.73,48.4,0.0,0,0,100.07,30.77,54,54,2685.4199999999996,984.9599999999999
2025-02-04,SKU005,Personal Care,Gauteng,Supermarket,46.95,31.49,48.33,45.91,0.0,0,0,100.43,30.77,127,73,3528.0899999999997,1229.32
2025-02-05,SKU005,Personal Care,Gauteng,Hyper,46.95,31.49,50.46,47.33,0.0,0,0,100.36,31.24,69,69,3481.7400000000002,1308.93
2025-02-06,SKU005,Personal Care,Gauteng,Supermarket,46.95,31.49,45.36,44.8,0.0339,0,0,100.65,31.08,142,114,5171.04,1581.18
2025-02-07,SKU005,Personal Care,Western Cape,Supermarket,46.95,31.49,50.76,47.88,0.0,0,0,100.16,31.11,93,78,3959.2799999999997,1503.06
2025-02-08,SKU005,Personal Care,Western Cape,Supermarket,46.95,31.49,49.3,49.34,0.0,0,0,99.82,30.79,90,90,4437.0,1602.8999999999999
2025-02-09,SKU005,Personal Care,Western Cape,Convenience,46.95,31.49,42.69,46.46,0.0907,0,0,100.45,30.99,115,88,3756.72,985.5999999999999
2025-02-10,SKU005,Personal Care,KwaZulu-Natal,Supermarket,46.95,31.49,50.76,45.44,0.0,0,0,100.76,31.08,68,60,3045.6,1156.2
2025-02-11,SKU005,Personal Care,Gauteng,Supermarket,46.95,31.49,42.96,47.27,0.085,0,0,100.82,30.74,132,107,4596.72,1227.2900000000002
2025-02-12,SKU005,Personal Care,KwaZulu-Natal,Hyper,46.95,31.49,42.33,47.4,0.0983,1,0,100.02,30.97,163,136,5756.88,1474.24
2025-02-13,SKU005,Personal Care,Western Cape,Hyper,46.95,31.49,44.21,47.92,0.0585,0,0,100.22,31.04,150,116,5128.36,1475.5200000000002
2025-02-14,SKU005,Personal Care,KwaZulu-Natal,Supermarket,46.95,31.49,47.06,45.16,0.0,0,0,100.32,31.14,79,67,3153.02,1043.1900000000003
2025-02-15,SKU005,Personal Care,Western Cape,Supermarket,46.95,31.49,47.19,47.43,0.0,0,0,100.44,31.24,75,75,3539.25,1177.5
2025-02-16,SKU005,Personal Care,KwaZulu-Natal,Supermarket,46.95,31.49,49.35,46.71,0.0,0,0,100.09,30.9,79,77,3799.9500000000003,1375.2200000000003
2025-02-17,SKU005,Personal Care,KwaZulu-Natal,Supermarket,46.95,31.49,50.02,47.06,0.0,0,0,100.79,31.18,108,73,3651.46,1352.6900000000003
2025-02-18,SKU005,Personal Care,KwaZulu-Natal,Supermarket,46.95,31.49,42.71,45.18,0.0904,0,0,99.85,31.38,140,118,5039.78,1323.9600000000003
2025-02-19,SKU005,Personal Care,Western Cape,Supermarket,46.95,31.49,43.19,45.37,0.0802,0,0,100.85,31.26,122,98,4232.62,1146.6
2025-02-20,SKU005,Personal Care,Western Cape,Supermarket,46.95,31.49,44.93,45.11,0.0429,0,0,100.69,31.2,130,96,4313.28,1290.2400000000002
2025-02-21,SKU005,Personal Care,Gauteng,Supermarket,46.95,31.49,42.92,44.22,0.0858,0,0,100.56,31.1,142,103,4420.76,1177.2900000000004
2025-02-22,SKU005,Personal Care,Western Cape,Convenience,46.95,31.49,45.74,49.27,0.0259,0,0,100.65,31.14,89,76,3476.2400000000002,1083.0000000000002
2025-02-23,SKU005,Personal Care,KwaZulu-Natal,Supermarket,46.95,31.49,47.31,48.55,0.0,0,0,100.2,31.44,103,80,3784.8,1265.6000000000004
2025-02-24,SKU005,Personal Care,Western Cape,Convenience,46.95,31.49,50.59,46.87,0.0,0,0,100.84,31.01,56,55,2782.4500000000003,1050.5000000000002
2025-02-25,SKU005,Personal Care,Gauteng,Supermarket,46.95,31.49,50.26,48.74,0.0,0,0,101.09,30.97,141,93,4674.179999999999,1745.61
2025-02-26,SKU005,Personal Care,Western Cape,Hyper,46.95,31.49,49.55,46.15,0.0,0,0,100.16,31.18,114,91,4509.05,1643.4599999999998
2025-02-27,SKU005,Personal Care,Gauteng,Convenience,46.95,31.49,42.4,48.32,0.0969,0,0,100.17,31.17,108,108,4579.2,1178.28
2025-02-28,SKU005,Personal Care,Gauteng,Supermarket,46.95,31.49,48.92,45.71,0.0,0,0,100.32,31.27,121,102,4989.84,1777.8600000000004
2025-03-01,SKU005,Personal Care,Western Cape,Hyper,46.95,31.49,45.57,49.31,0.0293,0,0,100.49,31.38,157,141,6425.37,1985.2800000000002
2025-03-02,SKU005,Personal Care,Gauteng,Supermarket,46.95,31.49,44.16,47.89,0.0595,0,0,100.49,31.1,146,120,5299.2,1520.3999999999999
2025-03-03,SKU005,Personal Care,Gauteng,Hyper,46.95,31.49,45.44,45.93,0.0322,0,0,100.85,31.37,150,119,5407.36,1660.05
2025-03-04,SKU005,Personal Care,Gauteng,Supermarket,46.95,31.49,50.12,46.42,0.0,0,0,101.06,31.09,84,82,4109.84,1527.6599999999999
2025-03-05,SKU005,Personal Care,Gauteng,Hyper,46.95,31.49,50.08,47.25,0.0,0,0,100.27,31.13,171,108,5408.639999999999,2007.72
2025-03-06,SKU005,Personal Care,Gauteng,Supermarket,46.95,31.49,47.01,47.35,0.0,0,0,100.64,30.78,114,93,4371.929999999999,1443.36
2025-03-07,SKU005,Personal Care,Western Cape,Supermarket,46.95,31.49,51.33,44.43,0.0,0,0,101.08,31.2,102,82,4209.0599999999995,1626.8799999999999
2025-03-08,SKU005,Personal Care,Gauteng,Convenience,46.95,31.49,50.29,45.82,0.0,0,0,101.06,31.18,95,67,3369.43,1259.6000000000001
2025-03-09,SKU005,Personal Care,Western Cape,Supermarket,46.95,31.49,49.71,44.79,0.0,0,0,100.81,31.41,69,69,3429.9900000000002,1257.18
2025-03-10,SKU005,Personal Care,Western Cape,Hyper,46.95,31.49,47.01,45.74,0.0,0,0,100.92,31.21,71,71,3337.71,1101.92
2025-03-11,SKU005,Personal Care,Gauteng,Supermarket,46.95,31.49,39.43,46.44,0.1603,1,0,100.9,31.25,169,137,5401.91,1087.7800000000002
2025-03-12,SKU005,Personal Care,Gauteng,Supermarket,46.95,31.49,42.78,49.52,0.0889,0,0,101.21,30.93,162,116,4962.4800000000005,1309.6400000000003
2025-03-13,SKU005,Personal Care,KwaZulu-Natal,Supermarket,46.95,31.49,40.24,48.27,0.1428,1,0,100.62,31.1,129,123,4949.52,1076.2500000000005
2025-03-14,SKU005,Personal Care,Gauteng,Hyper,46.95,31.49,46.15,45.76,0.0171,0,0,101.14,31.4,95,86,3968.9,1260.76
2025-03-15,SKU005,Personal Care,Gauteng,Supermarket,46.95,31.49,40.62,46.65,0.1348,1,0,100.99,31.52,167,118,4793.16,1077.34
2025-03-16,SKU005,Personal Care,KwaZulu-Natal,Supermarket,46.95,31.49,43.54,48.24,0.0725,1,0,100.74,31.32,152,112,4876.48,1349.6000000000001
2025-03-17,SKU005,Personal Care,Western Cape,Convenience,46.95,31.49,48.47,46.53,0.0,0,0,100.63,31.14,57,57,2762.79,967.86
2025-03-18,SKU005,Personal Care,Gauteng,Supermarket,46.95,31.49,48.85,46.4,0.0,0,0,100.63,31.23,140,95,4640.75,1649.2000000000003
2025-03-19,SKU005,Personal Care,Gauteng,Supermarket,46.95,31.49,43.81,46.38,0.0668,0,0,100.91,31.23,106,106,4643.860000000001,1305.9200000000003
2025-03-20,SKU005,Personal Care,Western Cape,Supermarket,46.95,31.49,49.17,47.79,0.0,0,0,101.22,31.23,139,81,3982.77,1432.0800000000002
2025-03-21,SKU005,Personal Care,Gauteng,Convenience,46.95,31.49,44.26,45.43,0.0572,0,0,100.46,30.89,125,90,3983.3999999999996,1149.3
2025-03-22,SKU005,Personal Care,Gauteng,Convenience,46.95,31.49,48.82,47.67,0.0,0,0,101.22,31.07,95,73,3563.86,1265.0900000000001
2025-03-23,SKU005,Personal Care,Western Cape,Supermarket,46.95,31.49,51.16,46.61,0.0,0,0,100.42,31.02,107,83,4246.28,1632.61
2025-03-24,SKU005,Personal Care,Gauteng,Supermarket,46.95,31.49,50.93,47.57,0.0,0,0,100.98,31.06,109,82,4176.26,1594.0800000000002
2025-03-25,SKU005,Personal Care,KwaZulu-Natal,Hyper,46.95,31.49,47.57,45.19,0.0,0,0,100.98,30.6,93,93,4424.01,1495.4400000000003
2025-03-26,SKU005,Personal Care,Western Cape,Supermarket,46.95,31.49,44.65,47.0,0.0491,0,0,101.19,31.12,172,107,4777.55,1408.1200000000001
2025-03-27,SKU005,Personal Care,Gauteng,Supermarket,46.95,31.49,43.82,44.41,0.0666,0,0,101.14,30.79,166,124,5433.68,1528.9200000000003
2025-03-28,SKU005,Personal Care,Gauteng,Supermarket,46.95,31.49,47.25,46.97,0.0,0,0,101.24,31.11,106,82,3874.5,1292.3200000000002
2025-03-29,SKU005,Personal Care,Western Cape,Supermarket,46.95,31.49,44.83,47.96,0.0452,0,0,100.89,30.61,123,106,4751.98,1414.04
2025-03-30,SKU005,Personal Care,Western Cape,Supermarket,46.95,31.49,47.51,47.94,0.0,0,0,101.42,31.07,153,92,4370.92,1473.84
2025-03-31,SKU005,Personal Care,KwaZulu-Natal,Supermarket,46.95,31.49,45.21,43.93,0.0371,0,0,100.78,30.88,138,103,4656.63,1413.1600000000003
2025-04-01,SKU005,Personal Care,KwaZulu-Natal,Supermarket,46.95,31.49,43.23,48.69,0.0792,0,0,101.1,30.99,125,100,4323.0,1173.9999999999998
2025-04-02,SKU005,Personal Care,Gauteng,Hyper,46.95,31.49,50.49,44.31,0.0,0,0,101.45,31.17,140,101,5099.49,1919.0000000000005
2025-04-03,SKU005,Personal Care,Gauteng,Hyper,46.95,31.49,46.0,47.89,0.0202,0,0,100.86,30.69,188,128,5888.0,1857.2800000000002
2025-04-04,SKU005,Personal Care,Western Cape,Supermarket,46.95,31.49,43.78,49.41,0.0676,0,1,100.98,30.95,142,124,5428.72,1523.9600000000003
2025-04-05,SKU005,Personal Care,KwaZulu-Natal,Hyper,46.95,31.49,50.28,48.07,0.0,0,1,100.93,31.14,117,95,4776.6,1785.0500000000002
2025-04-06,SKU005,Personal Care,Gauteng,Convenience,46.95,31.49,43.94,46.59,0.0641,0,1,100.97,30.86,164,111,4877.34,1381.9499999999998
2025-04-07,SKU005,Personal Care,Western Cape,Convenience,46.95,31.49,44.22,45.8,0.0583,0,0,100.84,30.96,85,84,3714.48,1069.32
2025-04-08,SKU005,Personal Care,Gauteng,Convenience,46.95,31.49,47.46,47.02,0.0,0,0,101.07,30.82,99,81,3844.26,1293.5700000000002
2025-04-09,SKU005,Personal Care,Western Cape,Hyper,46.95,31.49,48.27,45.08,0.0,0,0,101.61,30.87,102,102,4923.54,1711.5600000000004
2025-04-10,SKU005,Personal Care,Gauteng,Supermarket,46.95,31.49,45.33,46.08,0.0346,0,0,101.2,30.83,131,108,4895.639999999999,1494.72
2025-04-11,SKU005,Personal Care,Gauteng,Supermarket,46.95,31.49,44.4,46.87,0.0543,0,1,101.22,30.73,138,115,5106.0,1484.65
2025-04-12,SKU005,Personal Care,Gauteng,Hyper,46.95,31.49,42.29,44.61,0.0992,1,1,101.03,30.61,179,150,6343.5,1620.0
2025-04-13,SKU005,Personal Care,KwaZulu-Natal,Convenience,46.95,31.49,44.76,47.22,0.0466,0,1,100.65,30.37,125,82,3670.3199999999997,1088.1399999999999
2025-04-14,SKU005,Personal Care,Western Cape,Hyper,46.95,31.49,47.22,44.88,0.0,0,0,101.06,30.63,140,96,4533.12,1510.08
2025-04-15,SKU005,Personal Care,Western Cape,Convenience,46.95,31.49,46.71,47.6,0.0051,0,0,101.07,30.41,63,63,2942.73,958.8600000000001
2025-04-16,SKU005,Personal Care,Gauteng,Hyper,46.95,31.49,42.49,46.62,0.095,0,0,100.75,30.62,161,139,5906.110000000001,1529.0000000000005
2025-04-17,SKU005,Personal Care,Western Cape,Supermarket,46.95,31.49,48.59,47.55,0.0,0,0,100.84,30.85,90,84,4081.5600000000004,1436.4000000000003
2025-04-18,SKU005,Personal Care,Gauteng,Supermarket,46.95,31.49,40.07,45.73,0.1465,1,1,101.05,30.45,221,162,6491.34,1389.9600000000003
2025-04-19,SKU005,Personal Care,Western Cape,Convenience,46.95,31.49,45.24,47.78,0.0364,0,1,100.97,30.19,153,96,4343.04,1320.0000000000005
2025-04-20,SKU005,Personal Care,Western Cape,Supermarket,46.95,31.49,38.6,45.61,0.1779,1,1,101.32,30.51,144,144,5558.400000000001,1023.8400000000004
2025-04-21,SKU005,Personal Care,Western Cape,Supermarket,46.95,31.49,43.55,46.83,0.0724,1,0,101.11,30.46,106,106,4616.299999999999,1278.36
2025-04-22,SKU005,Personal Care,KwaZulu-Natal,Supermarket,46.95,31.49,42.69,47.41,0.0907,0,0,101.9,30.18,131,102,4354.38,1142.3999999999999
2025-04-23,SKU005,Personal Care,Western Cape,Convenience,46.95,31.49,43.93,44.26,0.0644,0,0,101.01,30.45,100,87,3821.91,1082.2800000000002
2025-04-24,SKU005,Personal Care,Western Cape,Supermarket,46.95,31.49,51.19,48.07,0.0,0,0,101.56,30.29,93,80,4095.2,1576.0
2025-04-25,SKU005,Personal Care,Western Cape,Supermarket,46.95,31.49,47.79,46.99,0.0,0,1,101.65,30.38,111,98,4683.42,1597.4
2025-04-26,SKU005,Personal Care,Gauteng,Supermarket,46.95,31.49,51.47,49.05,0.0,0,1,101.72,30.2,114,97,4992.59,1938.06
2025-04-27,SKU005,Personal Care,Western Cape,Hyper,46.95,31.49,46.64,49.1,0.0066,0,1,101.52,30.24,123,115,5363.6,1742.2500000000002
2025-04-28,SKU005,Personal Care,KwaZulu-Natal,Supermarket,46.95,31.49,46.78,48.17,0.0037,0,0,101.11,30.06,112,91,4256.9800000000005,1391.3900000000003
2025-04-29,SKU005,Personal Care,Western Cape,Hyper,46.95,31.49,41.83,47.97,0.109,1,0,101.69,30.27,136,136,5688.88,1406.24
2025-04-30,SKU005,Personal Care,KwaZulu-Natal,Supermarket,46.95,31.49,44.06,48.41,0.0616,0,0,101.36,30.22,187,104,4582.24,1307.2800000000004
2025-05-01,SKU005,Personal Care,Western Cape,Supermarket,46.95,31.49,49.37,46.53,0.0,0,0,100.82,30.03,145,90,4443.3,1609.1999999999998
2025-05-02,SKU005,Personal Care,KwaZulu-Natal,Supermarket,46.95,31.49,43.2,48.31,0.08,0,0,101.42,30.04,109,92,3974.4,1077.3200000000004
2025-05-03,SKU005,Personal Care,KwaZulu-Natal,Supermarket,46.95,31.49,50.61,47.89,0.0,0,0,101.36,30.28,82,77,3896.97,1472.24
2025-05-04,SKU005,Personal Care,Western Cape,Supermarket,46.95,31.49,50.67,46.72,0.0,0,0,101.65,30.24,93,77,3901.59,1476.8600000000004
2025-05-05,SKU005,Personal Care,Western Cape,Hyper,46.95,31.49,50.75,44.35,0.0,0,0,101.35,29.97,94,83,4212.25,1598.5800000000002
2025-05-06,SKU005,Personal Care,Gauteng,Supermarket,46.95,31.49,39.26,46.85,0.1638,1,0,101.53,29.97,181,160,6281.599999999999,1243.1999999999998
2025-05-07,SKU005,Personal Care,Western Cape,Convenience,46.95,31.49,42.09,47.38,0.1035,1,0,101.92,29.87,118,91,3830.1900000000005,964.6000000000005
2025-05-08,SKU005,Personal Care,Gauteng,Supermarket,46.95,31.49,45.48,45.18,0.0313,0,0,101.75,29.88,123,112,5093.759999999999,1566.8799999999999
2025-05-09,SKU005,Personal Care,KwaZulu-Natal,Supermarket,46.95,31.49,42.76,49.66,0.0893,0,0,101.83,29.84,105,105,4489.8,1183.35
2025-05-10,SKU005,Personal Care,Western Cape,Convenience,46.95,31.49,47.36,48.6,0.0,0,0,101.22,29.7,67,67,3173.12,1063.29
2025-05-11,SKU005,Personal Care,Western Cape,Supermarket,46.95,31.49,45.78,47.83,0.0249,0,0,101.33,29.99,133,101,4623.78,1443.2900000000002
2025-05-12,SKU005,Personal Care,Gauteng,Supermarket,46.95,31.49,43.29,47.39,0.0779,0,0,101.22,30.04,161,108,4675.32,1274.4
2025-05-13,SKU005,Personal Care,KwaZulu-Natal,Supermarket,46.95,31.49,47.83,46.82,0.0,0,0,101.78,29.73,118,84,4017.72,1372.56
2025-05-14,SKU005,Personal Care,KwaZulu-Natal,Supermarket,46.95,31.49,43.9,44.8,0.0649,1,0,101.63,29.42,132,108,4741.2,1340.28
2025-05-15,SKU005,Personal Care,Gauteng,Hyper,46.95,31.49,49.97,48.34,0.0,0,0,101.77,29.96,84,84,4197.48,1552.32
2025-05-16,SKU005,Personal Care,Gauteng,Hyper,46.95,31.49,49.34,46.79,0.0,0,0,101.33,29.55,76,76,3749.84,1356.6000000000004
2025-05-17,SKU005,Personal Care,Western Cape,Hyper,46.95,31.49,41.55,47.14,0.1151,1,0,101.62,29.52,189,144,5983.2,1448.6399999999999
2025-05-18,SKU005,Personal Care,Gauteng,Hyper,46.95,31.49,49.62,46.66,0.0,0,0,101.43,29.55,150,91,4515.42,1649.83
2025-05-19,SKU005,Personal Care,Western Cape,Supermarket,46.95,31.49,44.27,45.26,0.057,0,0,101.61,29.66,89,89,3940.03,1137.4200000000005
2025-05-20,SKU005,Personal Care,KwaZulu-Natal,Hyper,46.95,31.49,45.56,46.05,0.0297,0,0,102.0,29.77,123,105,4783.8,1477.3500000000004
2025-05-21,SKU005,Personal Care,Western Cape,Convenience,46.95,31.49,42.87,44.4,0.087,0,0,101.49,29.54,62,62,2657.94,705.56
2025-05-22,SKU005,Personal Care,KwaZulu-Natal,Convenience,46.95,31.49,45.26,47.29,0.0361,0,0,101.5,29.62,72,72,3258.72,991.4399999999999
2025-05-23,SKU005,Personal Care,Gauteng,Supermarket,46.95,31.49,45.56,46.11,0.0295,0,0,102.07,29.42,111,96,4373.76,1350.7200000000003
2025-05-24,SKU005,Personal Care,Gauteng,Supermarket,46.95,31.49,51.18,48.05,0.0,0,0,101.56,29.51,96,86,4401.48,1693.3400000000001
2025-05-25,SKU005,Personal Care,Gauteng,Hyper,46.95,31.49,48.72,48.49,0.0,0,0,101.4,29.62,118,105,5115.599999999999,1809.15
2025-05-26,SKU005,Personal Care,Western Cape,Supermarket,46.95,31.49,47.27,44.65,0.0,0,0,101.44,29.56,90,81,3828.8700000000003,1278.1800000000003
2025-05-27,SKU005,Personal Care,Gauteng,Supermarket,46.95,31.49,45.34,46.9,0.0342,0,0,101.6,29.49,93,93,4216.62,1288.0500000000004
2025-05-28,SKU005,Personal Care,KwaZulu-Natal,Convenience,46.95,31.49,46.61,45.1,0.0071,0,0,101.89,29.24,77,63,2936.43,952.5600000000001
2025-05-29,SKU005,Personal Care,Western Cape,Hyper,46.95,31.49,44.19,45.67,0.0588,0,0,102.03,29.09,137,130,5744.7,1651.0
2025-05-30,SKU005,Personal Care,Western Cape,Supermarket,46.95,31.49,47.6,46.45,0.0,0,0,101.59,29.73,86,76,3617.6,1224.3600000000001
2025-05-31,SKU005,Personal Care,Western Cape,Supermarket,46.95,31.49,46.47,46.45,0.0101,0,0,101.37,29.39,104,74,3438.7799999999997,1108.52
2025-06-01,SKU005,Personal Care,Gauteng,Supermarket,46.95,31.49,45.14,44.18,0.0385,0,0,102.11,29.17,100,100,4514.0,1365.0000000000002
2025-06-02,SKU005,Personal Care,Gauteng,Supermarket,46.95,31.49,50.8,47.4,0.0,0,0,101.74,28.86,138,84,4267.2,1622.04
2025-06-03,SKU005,Personal Care,Gauteng,Supermarket,46.95,31.49,36.91,45.4,0.2139,1,0,101.72,29.51,161,152,5610.32,823.8399999999997
2025-06-04,SKU005,Personal Care,Western Cape,Supermarket,46.95,31.49,47.53,45.14,0.0,0,0,102.04,29.22,129,90,4277.7,1443.6000000000001
2025-06-05,SKU005,Personal Care,KwaZulu-Natal,Convenience,46.95,31.49,48.28,49.42,0.0,0,0,101.99,28.93,84,71,3427.88,1192.0900000000001
2025-06-06,SKU005,Personal Care,Gauteng,Supermarket,46.95,31.49,51.58,44.9,0.0,0,0,101.37,29.1,72,64,3301.12,1285.76
2025-06-07,SKU005,Personal Care,Gauteng,Supermarket,46.95,31.49,45.16,45.71,0.0381,0,0,101.61,29.24,131,97,4380.5199999999995,1325.9899999999998
2025-06-08,SKU005,Personal Care,KwaZulu-Natal,Hyper,46.95,31.49,49.78,46.72,0.0,0,0,101.45,28.92,93,76,3783.28,1390.0400000000002
2025-06-09,SKU005,Personal Care,Western Cape,Supermarket,46.95,31.49,43.88,46.99,0.0655,0,0,101.76,29.06,108,92,4036.96,1139.8800000000003
2025-06-10,SKU005,Personal Care,Gauteng,Convenience,46.95,31.49,43.38,47.34,0.076,0,0,101.59,29.22,69,69,2993.2200000000003,820.4100000000003
2025-06-11,SKU005,Personal Care,KwaZulu-Natal,Convenience,46.95,31.49,48.17,46.56,0.0,0,0,101.92,29.06,73,59,2842.03,984.1200000000002
2025-06-12,SKU005,Personal Care,Gauteng,Convenience,46.95,31.49,44.29,46.76,0.0567,0,0,102.36,28.88,92,85,3764.65,1088.0
2025-06-13,SKU005,Personal Care,Western Cape,Supermarket,46.95,31.49,42.78,45.45,0.0889,0,0,101.9,29.26,90,90,3850.2000000000003,1016.1000000000003
2025-06-14,SKU005,Personal Care,Western Cape,Supermarket,46.95,31.49,49.36,49.17,0.0,0,0,101.9,29.1,80,67,3307.12,1197.29
2025-06-15,SKU005,Personal Care,Western Cape,Convenience,46.95,31.49,50.89,47.43,0.0,0,0,102.27,28.79,64,58,2951.62,1125.2
2025-06-16,SKU005,Personal Care,Western Cape,Supermarket,46.95,31.49,47.57,47.89,0.0,0,0,101.82,28.91,65,65,3092.05,1045.2
2025-06-17,SKU005,Personal Care,Gauteng,Supermarket,46.95,31.49,43.47,46.75,0.0742,0,0,101.71,28.82,114,101,4390.47,1209.98
2025-06-18,SKU005,Personal Care,KwaZulu-Natal,Supermarket,46.95,31.49,50.2,48.04,0.0,0,0,101.96,28.68,89,70,3514.0,1309.7000000000003
2025-06-19,SKU005,Personal Care,KwaZulu-Natal,Convenience,46.95,31.49,44.1,47.99,0.0608,0,0,101.9,28.86,95,57,2513.7000000000003,718.7700000000002
2025-06-20,SKU005,Personal Care,Western Cape,Supermarket,46.95,31.49,48.1,45.41,0.0,0,0,101.76,28.95,79,64,3078.4,1063.0400000000002
2025-06-21,SKU005,Personal Care,KwaZulu-Natal,Supermarket,46.95,31.49,42.29,46.19,0.0993,0,0,101.85,28.8,103,84,3552.36,907.2
2025-06-22,SKU005,Personal Care,Gauteng,Supermarket,46.95,31.49,45.23,47.33,0.0366,0,0,102.05,28.8,98,91,4115.929999999999,1250.34
2025-06-23,SKU005,Personal Care,KwaZulu-Natal,Supermarket,46.95,31.49,50.42,47.84,0.0,0,0,101.98,28.86,85,70,3529.4,1325.1000000000001
2025-06-24,SKU005,Personal Care,Western Cape,Convenience,46.95,31.49,50.11,45.88,0.0,0,0,101.8,28.94,90,59,2956.49,1098.5800000000002
2025-06-25,SKU005,Personal Care,KwaZulu-Natal,Supermarket,46.95,31.49,45.16,49.74,0.0381,0,0,101.37,28.61,84,69,3116.04,943.2299999999999
2025-06-26,SKU005,Personal Care,Gauteng,Convenience,46.95,31.49,44.2,47.06,0.0586,0,0,101.47,28.89,79,79,3491.8,1004.0900000000004
2025-06-27,SKU005,Personal Care,Gauteng,Hyper,46.95,31.49,51.49,45.65,0.0,0,0,102.34,28.81,106,81,4170.6900000000005,1620.0000000000002
2025-06-28,SKU005,Personal Care,Western Cape,Hyper,46.95,31.49,46.36,48.74,0.0126,0,0,102.2,28.96,123,98,4543.28,1457.26
2025-06-29,SKU005,Personal Care,KwaZulu-Natal,Supermarket,46.95,31.49,46.28,47.08,0.0143,0,0,101.67,28.91,108,78,3609.84,1153.6200000000001
2025-06-30,SKU005,Personal Care,Gauteng,Supermarket,46.95,31.49,47.4,46.51,0.0,0,0,101.95,28.9,143,88,4171.2,1400.08
2025-07-01,SKU005,Personal Care,Western Cape,Supermarket,46.95,31.49,42.5,44.78,0.0947,1,0,102.35,28.95,120,92,3910.0,1012.9200000000002
2025-07-02,SKU005,Personal Care,Western Cape,Convenience,46.95,31.49,49.23,47.05,0.0,0,0,101.65,28.88,59,59,2904.5699999999997,1046.6599999999999
2025-07-03,SKU005,Personal Care,KwaZulu-Natal,Hyper,46.95,31.49,49.38,46.14,0.0,0,0,102.53,28.93,62,62,3061.56,1109.1800000000003
2025-07-04,SKU005,Personal Care,Western Cape,Hyper,46.95,31.49,49.66,48.78,0.0,0,0,102.26,28.72,86,82,4072.12,1489.9399999999998
2025-07-05,SKU005,Personal Care,Gauteng,Convenience,46.95,31.49,44.78,46.48,0.0461,0,0,102.41,28.89,95,90,4030.2000000000003,1196.1000000000001
2025-07-06,SKU005,Personal Care,Western Cape,Supermarket,46.95,31.49,43.22,47.6,0.0795,0,0,101.95,28.68,129,101,4365.22,1184.73
2025-07-07,SKU005,Personal Care,Gauteng,Supermarket,46.95,31.49,42.52,46.27,0.0943,0,0,102.38,29.12,81,81,3444.1200000000003,893.4300000000004
2025-07-08,SKU005,Personal Care,Western Cape,Hyper,46.95,31.49,45.79,45.28,0.0246,0,0,101.59,28.91,119,86,3937.94,1229.8
2025-07-09,SKU005,Personal Care,Gauteng,Supermarket,46.95,31.49,47.45,47.62,0.0,0,0,102.72,28.86,62,62,2941.9,989.5200000000003
2025-07-10,SKU005,Personal Care,Western Cape,Convenience,46.95,31.49,46.81,46.95,0.003,0,0,102.47,28.97,66,57,2668.17,873.2400000000002
2025-07-11,SKU005,Personal Care,Gauteng,Supermarket,46.95,31.49,48.85,46.27,0.0,0,0,101.94,28.83,127,73,3566.05,1267.2800000000002
2025-07-12,SKU005,Personal Care,Gauteng,Supermarket,46.95,31.49,49.82,46.1,0.0,0,0,102.15,28.9,63,57,2839.7400000000002,1044.8100000000002
2025-07-13,SKU005,Personal Care,Western Cape,Hyper,46.95,31.49,42.9,46.09,0.0863,0,0,101.88,28.87,114,80,3432.0,912.8
2025-07-14,SKU005,Personal Care,Gauteng,Supermarket,46.95,31.49,43.21,49.62,0.0797,0,0,101.88,29.12,98,89,3845.69,1043.0800000000002
2025-07-15,SKU005,Personal Care,Western Cape,Supermarket,46.95,31.49,37.68,48.9,0.1974,1,0,102.08,28.81,132,102,3843.36,631.3800000000001
2025-07-16,SKU005,Personal Care,KwaZulu-Natal,Supermarket,46.95,31.49,51.57,46.39,0.0,0,0,102.12,28.61,87,60,3094.2,1204.8000000000002
2025-07-17,SKU005,Personal Care,Gauteng,Hyper,46.95,31.49,47.52,48.01,0.0,0,0,102.37,28.58,120,96,4561.92,1538.8800000000006
2025-07-18,SKU005,Personal Care,Gauteng,Hyper,46.95,31.49,45.67,46.23,0.0274,0,0,102.24,28.8,92,91,4155.97,1290.3800000000003
2025-07-19,SKU005,Personal Care,Western Cape,Convenience,46.95,31.49,45.92,48.51,0.0218,0,0,102.27,28.7,100,65,2984.8,937.9500000000002
2025-07-20,SKU005,Personal Care,Gauteng,Supermarket,46.95,31.49,45.0,47.87,0.0415,0,0,101.7,28.76,72,72,3240.0,972.7200000000001
2025-07-21,SKU005,Personal Care,Gauteng,Supermarket,46.95,31.49,47.88,48.19,0.0,0,0,101.76,28.86,77,74,3543.1200000000003,1212.8600000000004
2025-07-22,SKU005,Personal Care,Gauteng,Supermarket,46.95,31.49,51.26,46.86,0.0,0,0,102.45,28.91,74,56,2870.56,1107.12
2025-07-23,SKU005,Personal Care,Gauteng,Supermarket,46.95,31.49,44.28,45.2,0.0569,0,0,101.99,29.06,88,77,3409.56,984.8300000000002
2025-07-24,SKU005,Personal Care,KwaZulu-Natal,Supermarket,46.95,31.49,40.26,47.7,0.1426,1,0,101.85,28.96,150,114,4589.639999999999,999.78
2025-07-25,SKU005,Personal Care,KwaZulu-Natal,Convenience,46.95,31.49,44.02,46.38,0.0623,0,0,101.89,28.8,90,74,3257.48,927.2200000000004
2025-07-26,SKU005,Personal Care,Gauteng,Supermarket,46.95,31.49,39.99,48.71,0.1482,1,0,102.65,28.74,174,123,4918.77,1045.5000000000005
2025-07-27,SKU005,Personal Care,Western Cape,Supermarket,46.95,31.49,49.52,46.03,0.0,0,0,102.4,29.03,64,64,3169.28,1153.9200000000003
2025-07-28,SKU005,Personal Care,Western Cape,Hyper,46.95,31.49,45.59,47.2,0.0289,0,0,102.33,28.87,123,89,4057.51,1254.9000000000005
2025-07-29,SKU005,Personal Care,Gauteng,Supermarket,46.95,31.49,40.81,46.45,0.1308,1,0,102.15,29.04,195,121,4938.01,1127.7200000000005
2025-07-30,SKU005,Personal Care,Western Cape,Supermarket,46.95,31.49,49.35,44.8,0.0,0,0,101.14,29.03,87,65,3207.75,1160.9
2025-07-31,SKU005,Personal Care,Gauteng,Convenience,46.95,31.49,50.03,47.32,0.0,0,0,102.31,29.13,54,54,2701.62,1001.1600000000002
2025-08-01,SKU005,Personal Care,Gauteng,Supermarket,46.95,31.49,42.78,44.6,0.0887,1,0,102.39,29.27,139,100,4278.0,1129.0000000000002
2025-08-02,SKU005,Personal Care,KwaZulu-Natal,Supermarket,46.95,31.49,45.7,47.32,0.0267,0,0,102.45,29.25,95,73,3336.1000000000004,1037.3300000000004
2025-08-03,SKU005,Personal Care,Gauteng,Hyper,46.95,31.49,45.34,44.64,0.0343,1,0,102.31,29.24,97,97,4397.9800000000005,1343.4500000000005
2025-08-04,SKU005,Personal Care,Gauteng,Supermarket,46.95,31.49,50.08,45.82,0.0,0,0,102.49,28.99,90,72,3605.7599999999998,1338.48
2025-08-05,SKU005,Personal Care,Western Cape,Supermarket,46.95,31.49,50.49,45.27,0.0,0,0,102.41,29.09,72,66,3332.34,1254.0000000000002
2025-08-06,SKU005,Personal Care,Western Cape,Supermarket,46.95,31.49,39.99,45.96,0.1483,1,0,102.66,28.86,98,95,3799.05,807.5000000000003
2025-08-07,SKU005,Personal Care,Western Cape,Supermarket,46.95,31.49,45.36,45.16,0.0339,0,0,102.87,29.25,76,76,3447.36,1054.1200000000001
2025-08-08,SKU005,Personal Care,Gauteng,Supermarket,46.95,31.49,42.86,47.51,0.087,0,0,102.81,29.09,108,79,3385.94,898.2300000000001
2025-08-09,SKU005,Personal Care,Western Cape,Supermarket,46.95,31.49,43.52,45.93,0.0732,0,0,102.6,29.26,91,68,2959.36,818.0400000000003
2025-08-10,SKU005,Personal Care,KwaZulu-Natal,Hyper,46.95,31.49,51.48,48.91,0.0,0,0,103.05,29.02,79,63,3243.24,1259.37
2025-08-11,SKU005,Personal Care,KwaZulu-Natal,Supermarket,46.95,31.49,51.52,45.14,0.0,0,0,102.88,29.23,65,40,2060.8,801.2000000000002
2025-08-12,SKU005,Personal Care,KwaZulu-Natal,Hyper,46.95,31.49,39.28,46.74,0.1634,1,0,102.05,29.21,118,107,4202.96,833.5300000000003
2025-08-13,SKU005,Personal Care,Western Cape,Supermarket,46.95,31.49,44.65,48.56,0.049,0,0,102.54,29.1,104,77,3438.0499999999997,1013.32
2025-08-14,SKU005,Personal Care,Western Cape,Supermarket,46.95,31.49,48.29,48.13,0.0,0,0,102.45,29.53,89,61,2945.69,1024.8
2025-08-15,SKU005,Personal Care,Western Cape,Hyper,46.95,31.49,44.99,48.29,0.0418,1,0,102.68,29.66,109,103,4633.97,1390.5000000000005
2025-08-16,SKU005,Personal Care,KwaZulu-Natal,Supermarket,46.95,31.49,42.81,48.06,0.0881,0,0,102.74,29.45,84,67,2868.27,758.4400000000003
2025-08-17,SKU005,Personal Care,KwaZulu-Natal,Supermarket,46.95,31.49,47.34,46.43,0.0,0,0,102.58,29.22,62,60,2840.4,951.0000000000003
2025-08-18,SKU005,Personal Care,KwaZulu-Natal,Hyper,46.95,31.49,44.73,47.62,0.0473,0,0,102.45,29.31,88,84,3757.3199999999997,1112.1599999999999
2025-08-19,SKU005,Personal Care,Gauteng,Convenience,46.95,31.49,42.55,45.74,0.0937,0,0,102.15,29.65,74,68,2893.3999999999996,752.0799999999999
2025-08-20,SKU005,Personal Care,Gauteng,Supermarket,46.95,31.49,45.9,43.93,0.0223,0,0,103.08,29.07,107,72,3304.7999999999997,1037.52
2025-08-21,SKU005,Personal Care,KwaZulu-Natal,Convenience,46.95,31.49,48.35,47.46,0.0,0,0,102.46,29.55,63,49,2369.15,826.1400000000001
2025-08-22,SKU005,Personal Care,KwaZulu-Natal,Convenience,46.95,31.49,44.51,45.41,0.0519,0,0,102.25,29.4,72,62,2759.62,807.24
2025-08-23,SKU005,Personal Care,Gauteng,Supermarket,46.95,31.49,49.87,47.79,0.0,0,0,103.11,29.57,94,61,3042.0699999999997,1121.1799999999998
2025-08-24,SKU005,Personal Care,Gauteng,Hyper,46.95,31.49,44.17,46.36,0.0592,0,0,102.42,29.38,126,100,4417.0,1268.0000000000002
2025-08-25,SKU005,Personal Care,Western Cape,Supermarket,46.95,31.49,42.33,47.89,0.0984,0,0,102.06,29.52,119,78,3301.74,845.52
2025-08-26,SKU005,Personal Care,Gauteng,Hyper,46.95,31.49,45.51,49.6,0.0307,0,0,102.67,29.5,132,97,4414.47,1359.94
2025-08-27,SKU005,Personal Care,Western Cape,Supermarket,46.95,31.49,49.33,46.59,0.0,0,0,102.67,29.51,87,61,3009.13,1088.24
2025-08-28,SKU005,Personal Care,Western Cape,Hyper,46.95,31.49,44.23,48.85,0.0579,0,0,102.4,29.57,119,97,4290.3099999999995,1235.7799999999997
2025-01-01,SKU006,Beverages,Gauteng,Supermarket,79.24,46.13,82.76,83.4,0.0,0,0,100.47,30.12,92,92,7613.92,3369.96
2025-01-02,SKU006,Beverages,KwaZulu-Natal,Supermarket,79.24,46.13,83.27,79.93,0.0,0,0,100.13,29.8,99,75,6245.25,2785.4999999999995
2025-01-03,SKU006,Beverages,Western Cape,Hyper,79.24,46.13,81.81,79.39,0.0,0,0,99.44,30.02,96,96,7853.76,3425.2799999999997
2025-01-04,SKU006,Beverages,Western Cape,Hyper,79.24,46.13,66.57,80.42,0.1598,1,0,100.09,30.08,228,180,11982.599999999999,3679.1999999999985
2025-01-05,SKU006,Beverages,KwaZulu-Natal,Supermarket,79.24,46.13,74.05,82.76,0.0655,0,0,99.75,30.05,104,89,6590.45,2484.8799999999997
2025-01-06,SKU006,Beverages,Gauteng,Convenience,79.24,46.13,80.55,82.99,0.0,0,0,99.56,30.3,83,70,5638.5,2409.3999999999996
2025-01-07,SKU006,Beverages,Western Cape,Supermarket,79.24,46.13,73.49,79.43,0.0726,0,0,99.86,30.29,151,105,7716.45,2872.7999999999993
2025-01-08,SKU006,Beverages,KwaZulu-Natal,Supermarket,79.24,46.13,81.15,79.06,0.0,0,0,100.23,30.1,89,89,7222.35,3116.78
2025-01-09,SKU006,Beverages,Gauteng,Hyper,79.24,46.13,81.0,83.4,0.0,0,0,100.05,30.32,111,99,8019.0,3452.1299999999997
2025-01-10,SKU006,Beverages,Gauteng,Supermarket,79.24,46.13,78.94,80.31,0.0037,0,0,99.77,30.3,132,103,8130.82,3379.4299999999994
2025-01-11,SKU006,Beverages,Western Cape,Supermarket,79.24,46.13,67.78,76.82,0.1446,1,0,100.11,30.38,150,126,8540.28,2727.8999999999996
2025-01-12,SKU006,Beverages,KwaZulu-Natal,Supermarket,79.24,46.13,80.17,84.61,0.0,0,0,100.29,30.25,97,85,6814.45,2893.4
2025-01-13,SKU006,Beverages,KwaZulu-Natal,Convenience,79.24,46.13,67.61,86.14,0.1468,1,0,99.92,30.21,123,106,7166.66,2276.8799999999997
2025-01-14,SKU006,Beverages,Western Cape,Hyper,79.24,46.13,66.54,81.36,0.1603,1,0,100.12,30.4,186,148,9847.92,3020.6800000000007
2025-01-15,SKU006,Beverages,KwaZulu-Natal,Supermarket,79.24,46.13,77.23,77.6,0.0253,0,0,99.91,30.4,71,71,5483.33,2208.1
2025-01-16,SKU006,Beverages,KwaZulu-Natal,Supermarket,79.24,46.13,84.85,78.14,0.0,0,0,99.97,30.38,109,64,5430.4,2478.0799999999995
2025-01-17,SKU006,Beverages,Gauteng,Supermarket,79.24,46.13,75.27,79.03,0.0501,1,0,100.2,30.37,103,103,7752.8099999999995,3001.419999999999
2025-01-18,SKU006,Beverages,Gauteng,Supermarket,79.24,46.13,86.53,77.43,0.0,0,0,100.01,30.42,82,62,5364.86,2504.7999999999997
2025-01-19,SKU006,Beverages,KwaZulu-Natal,Supermarket,79.24,46.13,85.29,83.11,0.0,0,0,100.31,30.36,88,82,6993.780000000001,3211.1200000000003
2025-01-20,SKU006,Beverages,Gauteng,Hyper,79.24,46.13,74.57,84.9,0.0589,0,0,100.16,30.66,189,140,10439.8,3981.5999999999985
2025-01-21,SKU006,Beverages,Gauteng,Supermarket,79.24,46.13,83.73,80.71,0.0,0,0,100.16,30.51,112,89,7451.97,3346.4
2025-01-22,SKU006,Beverages,KwaZulu-Natal,Supermarket,79.24,46.13,85.17,77.77,0.0,0,0,100.88,30.62,99,74,6302.58,2888.96
2025-01-23,SKU006,Beverages,KwaZulu-Natal,Convenience,79.24,46.13,75.71,81.44,0.0445,1,0,100.69,30.93,67,67,5072.57,1981.8599999999994
2025-01-24,SKU006,Beverages,Western Cape,Supermarket,79.24,46.13,78.07,81.09,0.0147,0,0,100.26,30.63,134,99,7728.929999999999,3162.059999999999
2025-01-25,SKU006,Beverages,Gauteng,Supermarket,79.24,46.13,79.77,83.29,0.0,0,0,100.63,30.78,154,103,8216.31,3464.919999999999
2025-01-26,SKU006,Beverages,Gauteng,Supermarket,79.24,46.13,75.8,78.16,0.0435,0,0,99.9,30.65,151,107,8110.599999999999,3174.6899999999996
2025-01-27,SKU006,Beverages,Gauteng,Supermarket,79.24,46.13,77.98,76.51,0.0158,0,0,100.64,30.72,135,117,9123.66,3726.4500000000003
2025-01-28,SKU006,Beverages,Western Cape,Supermarket,79.24,46.13,72.28,81.36,0.0878,0,0,100.53,30.7,103,103,7444.84,2693.45
2025-01-29,SKU006,Beverages,Gauteng,Supermarket,79.24,46.13,86.88,78.78,0.0,0,0,100.56,30.8,111,97,8427.359999999999,3952.749999999999
2025-01-30,SKU006,Beverages,Western Cape,Hyper,79.24,46.13,67.74,76.88,0.1452,1,0,100.37,30.83,221,191,12938.339999999998,4127.509999999998
2025-01-31,SKU006,Beverages,Western Cape,Supermarket,79.24,46.13,86.22,79.5,0.0,0,0,100.1,30.84,107,78,6725.16,3127.0199999999995
2025-02-01,SKU006,Beverages,Western Cape,Convenience,79.24,46.13,81.42,77.04,0.0,0,0,100.47,30.9,96,72,5862.24,2540.88
2025-02-02,SKU006,Beverages,Gauteng,Convenience,79.24,46.13,85.05,80.27,0.0,0,0,99.66,31.05,98,79,6718.95,3074.6799999999994
2025-02-03,SKU006,Beverages,Western Cape,Supermarket,79.24,46.13,75.35,78.87,0.049,0,0,100.47,30.82,91,91,6856.849999999999,2659.019999999999
2025-02-04,SKU006,Beverages,Western Cape,Supermarket,79.24,46.13,84.43,85.06,0.0,0,0,100.51,31.22,135,82,6923.26,3140.6000000000004
2025-02-05,SKU006,Beverages,KwaZulu-Natal,Supermarket,79.24,46.13,80.2,81.28,0.0,0,0,100.1,30.78,121,93,7458.6,3168.51
2025-02-06,SKU006,Beverages,Gauteng,Convenience,79.24,46.13,71.83,76.3,0.0935,0,0,100.25,30.97,121,111,7973.13,2852.6999999999994
2025-02-07,SKU006,Beverages,Western Cape,Supermarket,79.24,46.13,80.85,80.64,0.0,0,0,100.66,30.97,173,103,8327.55,3576.159999999999
2025-02-08,SKU006,Beverages,Gauteng,Supermarket,79.24,46.13,81.23,81.63,0.0,0,0,100.35,31.04,134,101,8204.23,3545.1000000000004
2025-02-09,SKU006,Beverages,KwaZulu-Natal,Supermarket,79.24,46.13,82.44,77.04,0.0,0,0,100.76,31.0,102,85,7007.4,3086.3499999999995
2025-02-10,SKU006,Beverages,Gauteng,Supermarket,79.24,46.13,78.63,79.75,0.0077,0,0,100.13,30.96,108,101,7941.629999999999,3282.499999999999
2025-02-11,SKU006,Beverages,KwaZulu-Natal,Hyper,79.24,46.13,85.72,83.9,0.0,0,0,100.17,30.84,81,81,6943.32,3206.7899999999995
2025-02-12,SKU006,Beverages,Gauteng,Supermarket,79.24,46.13,67.02,81.49,0.1543,1,0,99.85,31.1,168,167,11192.34,3488.6299999999987
2025-02-13,SKU006,Beverages,Western Cape,Supermarket,79.24,46.13,68.96,81.68,0.1298,1,0,100.52,30.93,204,127,8757.92,2899.409999999999
2025-02-14,SKU006,Beverages,KwaZulu-Natal,Convenience,79.24,46.13,81.0,80.33,0.0,0,0,100.25,30.86,102,72,5832.0,2510.64
2025-02-15,SKU006,Beverages,Western Cape,Supermarket,79.24,46.13,72.3,78.4,0.0875,0,0,100.74,30.91,133,113,8169.9,2957.2099999999996
2025-02-16,SKU006,Beverages,Western Cape,Supermarket,79.24,46.13,72.13,79.42,0.0897,0,0,100.83,31.45,103,103,7429.389999999999,2677.999999999999
2025-02-17,SKU006,Beverages,Gauteng,Supermarket,79.24,46.13,84.66,77.32,0.0,0,0,100.4,30.82,98,95,8042.7,3660.3499999999995
2025-02-18,SKU006,Beverages,Gauteng,Supermarket,79.24,46.13,84.77,80.17,0.0,0,0,100.27,31.12,90,80,6781.599999999999,3091.1999999999994
2025-02-19,SKU006,Beverages,Gauteng,Supermarket,79.24,46.13,60.94,80.4,0.231,1,0,100.86,30.81,345,260,15844.4,3850.5999999999985
2025-02-20,SKU006,Beverages,Gauteng,Convenience,79.24,46.13,82.02,80.16,0.0,0,0,100.88,31.21,92,82,6725.639999999999,2942.9799999999996
2025-02-21,SKU006,Beverages,Western Cape,Supermarket,79.24,46.13,84.62,77.12,0.0,0,0,100.43,31.32,62,62,5246.4400000000005,2386.38
2025-02-22,SKU006,Beverages,KwaZulu-Natal,Convenience,79.24,46.13,73.05,84.01,0.0781,0,0,100.13,31.11,134,90,6574.5,2422.7999999999997
2025-02-23,SKU006,Beverages,Gauteng,Convenience,79.24,46.13,81.17,77.6,0.0,1,0,100.51,31.29,110,94,7629.9800000000005,3293.7599999999998
2025-02-24,SKU006,Beverages,Gauteng,Hyper,79.24,46.13,71.67,80.83,0.0955,1,0,100.25,31.36,127,127,9102.09,3243.58
2025-02-25,SKU006,Beverages,Western Cape,Supermarket,79.24,46.13,71.9,78.42,0.0927,0,0,100.4,31.14,140,134,9634.6,3453.1800000000003
2025-02-26,SKU006,Beverages,Gauteng,Hyper,79.24,46.13,74.05,78.93,0.0655,0,0,100.78,31.2,214,137,10144.85,3825.039999999999
2025-02-27,SKU006,Beverages,Gauteng,Hyper,79.24,46.13,83.54,79.53,0.0,0,0,100.86,31.36,129,119,9941.26,4451.790000000001
2025-02-28,SKU006,Beverages,Gauteng,Convenience,79.24,46.13,79.76,77.76,0.0,0,0,100.57,31.34,106,86,6859.360000000001,2892.1800000000003
2025-03-01,SKU006,Beverages,Western Cape,Supermarket,79.24,46.13,67.23,79.5,0.1515,1,0,100.36,31.09,235,189,12706.470000000001,3987.9
2025-03-02,SKU006,Beverages,Gauteng,Supermarket,79.24,46.13,81.4,76.9,0.0,0,0,100.09,31.22,106,106,8628.400000000001,3738.6200000000003
2025-03-03,SKU006,Beverages,Gauteng,Convenience,79.24,46.13,76.69,81.73,0.0322,0,0,100.68,31.47,147,87,6672.03,2658.72
2025-03-04,SKU006,Beverages,Western Cape,Supermarket,79.24,46.13,84.99,80.37,0.0,0,0,100.38,31.02,117,75,6374.25,2914.4999999999995
2025-03-05,SKU006,Beverages,Western Cape,Supermarket,79.24,46.13,72.02,79.05,0.0911,0,0,100.54,31.36,135,135,9722.699999999999,3495.149999999999
2025-03-06,SKU006,Beverages,Gauteng,Supermarket,79.24,46.13,75.45,82.38,0.0478,0,0,100.62,31.0,164,127,9582.15,3723.64
2025-03-07,SKU006,Beverages,Gauteng,Supermarket,79.24,46.13,66.74,78.04,0.1577,1,0,100.99,31.04,155,155,10344.699999999999,3194.549999999999
2025-03-08,SKU006,Beverages,Western Cape,Convenience,79.24,46.13,71.59,79.07,0.0965,0,0,100.7,31.4,115,110,7874.900000000001,2800.6
2025-03-09,SKU006,Beverages,KwaZulu-Natal,Convenience,79.24,46.13,72.64,81.7,0.0832,0,0,101.41,31.38,107,102,7409.28,2704.02
2025-03-10,SKU006,Beverages,Gauteng,Supermarket,79.24,46.13,72.33,77.45,0.0872,0,0,100.39,31.25,132,132,9547.56,3458.3999999999996
2025-03-11,SKU006,Beverages,Western Cape,Supermarket,79.24,46.13,72.04,86.86,0.0908,0,0,100.55,31.02,172,112,8068.4800000000005,2901.9200000000005
2025-03-12,SKU006,Beverages,Western Cape,Supermarket,79.24,46.13,73.24,81.08,0.0757,0,0,101.03,31.22,119,115,8422.599999999999,3117.649999999999
2025-03-13,SKU006,Beverages,KwaZulu-Natal,Hyper,79.24,46.13,85.1,82.25,0.0,0,0,100.77,31.24,133,91,7744.099999999999,3546.269999999999
2025-03-14,SKU006,Beverages,Western Cape,Supermarket,79.24,46.13,76.63,81.24,0.033,0,0,100.85,30.88,141,106,8122.78,3232.999999999999
2025-03-15,SKU006,Beverages,Gauteng,Hyper,79.24,46.13,74.92,80.83,0.0546,0,0,100.93,31.18,192,136,10189.12,3915.44
2025-03-16,SKU006,Beverages,KwaZulu-Natal,Supermarket,79.24,46.13,71.62,83.01,0.0962,0,0,100.96,31.35,128,116,8307.92,2956.84
2025-03-17,SKU006,Beverages,Gauteng,Supermarket,79.24,46.13,75.04,80.38,0.053,0,0,100.5,31.32,126,108,8104.320000000001,3122.28
2025-03-18,SKU006,Beverages,Western Cape,Supermarket,79.24,46.13,78.11,80.78,0.0142,0,0,100.71,31.12,127,98,7654.78,3134.0399999999995
2025-03-19,SKU006,Beverages,Gauteng,Supermarket,79.24,46.13,65.51,80.93,0.1733,1,0,101.09,31.41,227,179,11726.29,3469.0200000000004
2025-03-20,SKU006,Beverages,Gauteng,Hyper,79.24,46.13,82.55,79.54,0.0,0,0,101.06,31.07,146,107,8832.85,3896.9399999999996
2025-03-21,SKU006,Beverages,Western Cape,Supermarket,79.24,46.13,83.94,81.93,0.0,0,0,100.52,31.1,83,83,6967.0199999999995,3138.2299999999996
2025-03-22,SKU006,Beverages,KwaZulu-Natal,Hyper,79.24,46.13,75.59,79.82,0.046,0,0,100.4,31.44,114,114,8617.26,3358.44
2025-03-23,SKU006,Beverages,KwaZulu-Natal,Supermarket,79.24,46.13,67.13,80.63,0.1529,1,0,100.75,31.09,120,120,8055.599999999999,2519.999999999999
2025-03-24,SKU006,Beverages,Gauteng,Supermarket,79.24,46.13,78.75,78.9,0.0062,0,0,101.27,30.97,143,123,9686.25,4012.2599999999998
2025-03-25,SKU006,Beverages,Gauteng,Supermarket,79.24,46.13,84.17,75.11,0.0,0,0,101.02,31.11,112,104,8753.68,3956.16
2025-03-26,SKU006,Beverages,Western Cape,Hyper,79.24,46.13,80.84,79.69,0.0,0,0,100.94,30.89,84,84,6790.56,2915.64
2025-03-27,SKU006,Beverages,Western Cape,Supermarket,79.24,46.13,79.84,81.93,0.0,0,0,101.32,31.01,144,100,7984.0,3371.0
2025-03-28,SKU006,Beverages,KwaZulu-Natal,Hyper,79.24,46.13,85.9,79.08,0.0,0,0,101.15,30.88,103,87,7473.3,3459.9900000000002
2025-03-29,SKU006,Beverages,Gauteng,Supermarket,79.24,46.13,78.8,78.83,0.0055,0,0,101.27,30.89,138,114,8983.199999999999,3724.379999999999
2025-03-30,SKU006,Beverages,Gauteng,Hyper,79.24,46.13,63.94,82.46,0.1931,1,0,100.85,30.73,386,243,15537.42,4327.829999999999
2025-03-31,SKU006,Beverages,Gauteng,Supermarket,79.24,46.13,70.07,78.86,0.1158,1,0,100.96,30.93,266,156,10930.919999999998,3734.6399999999985
2025-04-01,SKU006,Beverages,Gauteng,Supermarket,79.24,46.13,81.8,81.11,0.0,0,0,100.95,30.9,133,101,8261.8,3602.6699999999996
2025-04-02,SKU006,Beverages,Gauteng,Hyper,79.24,46.13,81.54,83.92,0.0,0,0,101.2,30.44,212,152,12394.080000000002,5382.320000000001
2025-04-03,SKU006,Beverages,Gauteng,Hyper,79.24,46.13,71.34,76.35,0.0997,0,0,101.62,30.91,266,159,11343.060000000001,4008.3900000000003
2025-04-04,SKU006,Beverages,Gauteng,Supermarket,79.24,46.13,80.97,82.07,0.0,0,1,101.44,30.74,193,117,9473.49,4076.2799999999997
2025-04-05,SKU006,Beverages,Gauteng,Supermarket,79.24,46.13,77.23,80.26,0.0253,0,1,100.96,30.76,162,136,10503.28,4229.6
2025-04-06,SKU006,Beverages,KwaZulu-Natal,Convenience,79.24,46.13,83.83,83.06,0.0,0,1,101.35,30.82,78,78,6538.74,2940.5999999999995
2025-04-07,SKU006,Beverages,Western Cape,Hyper,79.24,46.13,81.32,78.59,0.0,0,0,100.89,30.79,119,119,9677.08,4187.609999999999
2025-04-08,SKU006,Beverages,KwaZulu-Natal,Hyper,79.24,46.13,65.69,84.22,0.171,1,0,100.85,30.76,216,167,10970.23,3266.519999999999
2025-04-09,SKU006,Beverages,KwaZulu-Natal,Supermarket,79.24,46.13,74.67,79.67,0.0577,0,0,101.21,30.67,167,109,8139.03,3110.86
2025-04-10,SKU006,Beverages,Western Cape,Supermarket,79.24,46.13,74.8,81.86,0.056,0,0,101.18,30.6,119,110,8228.0,3153.6999999999994
2025-04-11,SKU006,Beverages,Western Cape,Convenience,79.24,46.13,85.12,79.26,0.0,0,1,101.31,30.83,90,79,6724.4800000000005,3080.21
2025-04-12,SKU006,Beverages,Gauteng,Supermarket,79.24,46.13,74.69,82.29,0.0574,0,1,101.06,30.84,148,131,9784.39,3741.359999999999
2025-04-13,SKU006,Beverages,Western Cape,Supermarket,79.24,46.13,78.68,79.03,0.0071,0,1,100.58,30.76,138,114,8969.52,3710.7000000000003
2025-04-14,SKU006,Beverages,KwaZulu-Natal,Hyper,79.24,46.13,73.53,80.07,0.0721,1,0,101.04,30.49,139,139,10220.67,3808.6
2025-04-15,SKU006,Beverages,KwaZulu-Natal,Hyper,79.24,46.13,87.09,81.73,0.0,0,0,101.58,30.3,99,99,8621.91,4055.04
2025-04-16,SKU006,Beverages,Gauteng,Supermarket,79.24,46.13,75.29,82.72,0.0498,0,0,100.89,30.7,118,118,8884.220000000001,3440.8800000000006
2025-04-17,SKU006,Beverages,KwaZulu-Natal,Convenience,79.24,46.13,83.97,80.05,0.0,0,0,101.2,30.61,84,73,6129.8099999999995,2762.3199999999997
2025-04-18,SKU006,Beverages,Western Cape,Supermarket,79.24,46.13,80.65,78.84,0.0,0,1,100.89,30.37,98,96,7742.400000000001,3313.92
2025-04-19,SKU006,Beverages,Gauteng,Supermarket,79.24,46.13,80.81,79.95,0.0,0,1,101.03,30.38,140,116,9373.960000000001,4022.88
2025-04-20,SKU006,Beverages,Western Cape,Supermarket,79.24,46.13,77.21,79.44,0.0256,1,1,100.72,30.3,138,138,10654.98,4289.039999999999
2025-04-21,SKU006,Beverages,KwaZulu-Natal,Supermarket,79.24,46.13,73.87,75.79,0.0678,0,0,101.04,30.49,111,111,8199.57,3079.1400000000003
2025-04-22,SKU006,Beverages,Gauteng,Supermarket,79.24,46.13,72.84,80.23,0.0807,0,0,101.16,30.44,159,140,10197.6,3739.4
2025-04-23,SKU006,Beverages,KwaZulu-Natal,Supermarket,79.24,46.13,77.39,77.6,0.0234,1,0,100.74,30.25,154,106,8203.34,3313.56
2025-04-24,SKU006,Beverages,Gauteng,Supermarket,79.24,46.13,81.51,82.59,0.0,0,0,101.43,30.24,150,105,8558.550000000001,3714.9
2025-04-25,SKU006,Beverages,Gauteng,Supermarket,79.24,46.13,68.0,72.98,0.1418,1,1,101.37,30.34,211,165,11220.0,3608.5499999999997
2025-04-26,SKU006,Beverages,Western Cape,Supermarket,79.24,46.13,84.63,81.94,0.0,0,1,101.22,30.45,122,104,8801.52,4003.999999999999
2025-04-27,SKU006,Beverages,Gauteng,Supermarket,79.24,46.13,84.6,81.2,0.0,0,1,101.18,30.18,84,84,7106.4,3231.479999999999
2025-04-28,SKU006,Beverages,Western Cape,Convenience,79.24,46.13,73.52,79.08,0.0722,0,0,101.38,30.31,139,110,8087.2,3012.899999999999
2025-04-29,SKU006,Beverages,KwaZulu-Natal,Hyper,79.24,46.13,72.07,77.08,0.0904,0,0,101.39,30.22,151,139,10017.73,3605.6599999999985
2025-04-30,SKU006,Beverages,Western Cape,Supermarket,79.24,46.13,85.49,82.84,0.0,0,0,101.19,29.91,108,83,7095.669999999999,3266.879999999999
2025-05-01,SKU006,Beverages,KwaZulu-Natal,Supermarket,79.24,46.13,85.86,78.52,0.0,0,0,101.18,30.1,95,80,6868.8,3178.3999999999996
2025-05-02,SKU006,Beverages,KwaZulu-Natal,Convenience,79.24,46.13,77.69,80.67,0.0196,0,0,101.1,30.04,115,77,5982.13,2430.1199999999994
2025-05-03,SKU006,Beverages,Gauteng,Convenience,79.24,46.13,85.51,83.85,0.0,0,0,100.92,30.09,90,83,7097.330000000001,3268.5400000000004
2025-05-04,SKU006,Beverages,Western Cape,Supermarket,79.24,46.13,84.67,79.69,0.0,0,0,101.53,30.02,84,84,7112.28,3237.36
2025-05-05,SKU006,Beverages,Gauteng,Supermarket,79.24,46.13,77.04,77.1,0.0278,0,0,101.18,29.97,142,121,9321.84,3740.1100000000006
2025-05-06,SKU006,Beverages,Gauteng,Supermarket,79.24,46.13,72.73,80.37,0.0821,0,0,101.7,29.96,221,131,9527.630000000001,3484.6000000000004
2025-05-07,SKU006,Beverages,KwaZulu-Natal,Supermarket,79.24,46.13,83.56,79.62,0.0,0,0,101.4,30.34,93,90,7520.400000000001,3368.7
2025-05-08,SKU006,Beverages,Western Cape,Convenience,79.24,46.13,75.69,79.31,0.0448,0,0,101.2,29.98,87,81,6130.889999999999,2394.3599999999997
2025-05-09,SKU006,Beverages,Gauteng,Hyper,79.24,46.13,75.2,80.2,0.051,0,0,101.36,29.77,213,138,10377.6,4011.66
2025-05-10,SKU006,Beverages,Gauteng,Supermarket,79.24,46.13,72.48,77.64,0.0853,0,0,101.55,29.93,119,119,8625.12,3135.65
2025-05-11,SKU006,Beverages,Western Cape,Convenience,79.24,46.13,74.49,76.75,0.0599,1,0,101.9,29.68,121,107,7970.429999999999,3034.519999999999
2025-05-12,SKU006,Beverages,KwaZulu-Natal,Convenience,79.24,46.13,83.29,83.98,0.0,0,0,101.81,29.37,83,77,6413.330000000001,2861.32
2025-05-13,SKU006,Beverages,Gauteng,Supermarket,79.24,46.13,80.71,81.02,0.0,0,0,101.63,29.75,104,92,7425.32,3181.359999999999
2025-05-14,SKU006,Beverages,Western Cape,Hyper,79.24,46.13,83.17,76.91,0.0,0,0,101.24,29.72,127,103,8566.51,3815.12
2025-05-15,SKU006,Beverages,Gauteng,Convenience,79.24,46.13,82.23,81.12,0.0,0,0,101.81,29.87,102,79,6496.17,2851.9
2025-05-16,SKU006,Beverages,Western Cape,Supermarket,79.24,46.13,80.23,82.47,0.0,0,0,101.68,29.59,109,100,8023.0,3410.0
2025-05-17,SKU006,Beverages,KwaZulu-Natal,Supermarket,79.24,46.13,63.63,77.82,0.197,1,0,101.56,29.46,139,139,8844.57,2432.5
2025-05-18,SKU006,Beverages,Gauteng,Hyper,79.24,46.13,73.12,82.78,0.0772,0,0,101.95,29.77,178,126,9213.12,3400.7400000000002
2025-05-19,SKU006,Beverages,Gauteng,Supermarket,79.24,46.13,65.22,77.47,0.1769,1,0,102.08,29.56,125,125,8152.5,2386.2499999999995
2025-05-20,SKU006,Beverages,Gauteng,Supermarket,79.24,46.13,81.78,80.58,0.0,0,0,101.79,29.92,103,92,7523.76,3279.7999999999997
2025-05-21,SKU006,Beverages,Gauteng,Convenience,79.24,46.13,76.13,81.71,0.0392,1,0,101.19,29.5,128,113,8602.689999999999,3389.999999999999
2025-05-22,SKU006,Beverages,Gauteng,Supermarket,79.24,46.13,76.9,80.46,0.0295,0,0,101.61,29.51,165,123,9458.7,3784.7100000000005
2025-05-23,SKU006,Beverages,KwaZulu-Natal,Supermarket,79.24,46.13,76.31,79.14,0.037,0,0,101.34,29.52,114,100,7631.0,3018.0
2025-05-24,SKU006,Beverages,Gauteng,Supermarket,79.24,46.13,72.29,84.59,0.0878,0,0,101.83,29.29,179,148,10698.92,3871.6800000000007
2025-05-25,SKU006,Beverages,Western Cape,Supermarket,79.24,46.13,77.88,77.19,0.0172,1,0,101.82,29.58,190,143,11136.84,4540.249999999999
2025-05-26,SKU006,Beverages,Gauteng,Convenience,79.24,46.13,77.48,79.2,0.0222,0,0,101.75,29.51,95,89,6895.72,2790.15
2025-05-27,SKU006,Beverages,Gauteng,Convenience,79.24,46.13,79.52,86.65,0.0,0,0,101.87,28.97,104,104,8270.08,3472.5599999999995
2025-05-28,SKU006,Beverages,KwaZulu-Natal,Convenience,79.24,46.13,79.39,80.56,0.0,0,0,101.82,29.35,92,83,6589.37,2760.58
2025-05-29,SKU006,Beverages,KwaZulu-Natal,Supermarket,79.24,46.13,84.27,83.24,0.0,0,0,101.53,29.37,100,86,7247.219999999999,3280.0399999999995
2025-05-30,SKU006,Beverages,Western Cape,Supermarket,79.24,46.13,78.82,79.51,0.0053,0,0,101.79,29.5,148,107,8433.74,3497.829999999999
2025-05-31,SKU006,Beverages,KwaZulu-Natal,Supermarket,79.24,46.13,74.04,73.56,0.0656,0,0,101.56,29.38,105,105,7774.200000000001,2930.55
2025-06-01,SKU006,Beverages,Western Cape,Supermarket,79.24,46.13,85.47,83.41,0.0,0,0,101.51,29.31,141,98,8376.06,3855.3199999999997
2025-06-02,SKU006,Beverages,Gauteng,Hyper,79.24,46.13,84.21,81.83,0.0,0,0,101.46,29.36,143,118,9936.779999999999,4493.439999999999
2025-06-03,SKU006,Beverages,Western Cape,Hyper,79.24,46.13,73.63,79.32,0.0708,0,0,101.63,29.54,137,126,9277.38,3464.999999999999
2025-06-04,SKU006,Beverages,Western Cape,Supermarket,79.24,46.13,73.32,81.89,0.0747,0,0,101.46,29.49,154,125,9165.0,3398.7499999999986
2025-06-05,SKU006,Beverages,KwaZulu-Natal,Convenience,79.24,46.13,76.02,77.17,0.0406,0,0,101.65,28.91,75,75,5701.5,2241.7499999999995
2025-06-06,SKU006,Beverages,Gauteng,Convenience,79.24,46.13,73.58,77.74,0.0714,0,0,101.5,28.83,87,87,6401.46,2388.1499999999996
2025-06-07,SKU006,Beverages,Western Cape,Supermarket,79.24,46.13,72.81,76.98,0.0811,0,0,101.64,29.0,138,114,8300.34,3041.52
2025-06-08,SKU006,Beverages,KwaZulu-Natal,Convenience,79.24,46.13,86.99,79.96,0.0,0,0,102.01,29.17,73,56,4871.44,2288.1599999999994
2025-06-09,SKU006,Beverages,KwaZulu-Natal,Supermarket,79.24,46.13,76.14,82.32,0.0391,0,0,101.85,29.16,113,82,6243.4800000000005,2460.8199999999997
2025-06-10,SKU006,Beverages,KwaZulu-Natal,Convenience,79.24,46.13,65.74,76.7,0.1704,1,0,101.92,29.24,137,108,7099.919999999999,2117.879999999999
2025-06-11,SKU006,Beverages,Gauteng,Convenience,79.24,46.13,83.82,79.86,0.0,0,0,101.56,28.95,83,68,5699.759999999999,2562.919999999999
2025-06-12,SKU006,Beverages,Gauteng,Hyper,79.24,46.13,66.91,81.24,0.1556,1,0,102.32,28.73,305,200,13382.0,4155.999999999999
2025-06-13,SKU006,Beverages,KwaZulu-Natal,Supermarket,79.24,46.13,81.97,81.63,0.0,0,0,102.03,29.03,81,79,6475.63,2831.3599999999997
2025-06-14,SKU006,Beverages,Gauteng,Supermarket,79.24,46.13,82.72,79.58,0.0,0,0,101.55,29.02,152,93,7692.96,3402.8699999999994
2025-06-15,SKU006,Beverages,Western Cape,Supermarket,79.24,46.13,76.84,79.51,0.0303,0,0,101.6,29.02,119,102,7837.68,3132.42
2025-06-16,SKU006,Beverages,Gauteng,Convenience,79.24,46.13,74.41,76.69,0.061,0,0,101.97,28.97,99,77,5729.57,2177.5599999999995
2025-06-17,SKU006,Beverages,KwaZulu-Natal,Hyper,79.24,46.13,80.59,79.45,0.0,0,0,101.68,29.04,113,97,7817.2300000000005,3342.62
2025-06-18,SKU006,Beverages,Western Cape,Convenience,79.24,46.13,72.59,78.12,0.0839,0,0,102.01,28.58,94,81,5879.79,2143.26
2025-06-19,SKU006,Beverages,Western Cape,Supermarket,79.24,46.13,85.1,77.53,0.0,0,0,101.87,28.83,97,71,6042.099999999999,2766.8699999999994
2025-06-20,SKU006,Beverages,Gauteng,Supermarket,79.24,46.13,77.21,78.58,0.0256,1,0,101.78,29.14,116,95,7334.95,2952.599999999999
2025-06-21,SKU006,Beverages,Gauteng,Convenience,79.24,46.13,75.79,79.67,0.0436,1,0,101.69,28.99,123,97,7351.630000000001,2877.0200000000004
2025-06-22,SKU006,Beverages,Gauteng,Supermarket,79.24,46.13,83.77,79.93,0.0,0,0,100.9,28.8,112,92,7706.839999999999,3462.879999999999
2025-06-23,SKU006,Beverages,Gauteng,Supermarket,79.24,46.13,79.62,83.19,0.0,0,0,101.47,28.85,137,114,9076.68,3817.86
2025-06-24,SKU006,Beverages,Gauteng,Supermarket,79.24,46.13,63.4,82.44,0.1999,1,0,101.8,28.99,126,126,7988.4,2176.0199999999995
2025-06-25,SKU006,Beverages,Gauteng,Supermarket,79.24,46.13,73.32,82.65,0.0747,0,0,101.62,28.66,165,126,9238.32,3425.9399999999987
2025-06-26,SKU006,Beverages,Gauteng,Supermarket,79.24,46.13,84.43,80.0,0.0,0,0,102.56,28.91,79,79,6669.97,3025.7000000000003
2025-06-27,SKU006,Beverages,KwaZulu-Natal,Hyper,79.24,46.13,86.24,79.28,0.0,0,0,101.9,28.65,118,95,8192.8,3810.4499999999994
2025-06-28,SKU006,Beverages,Western Cape,Convenience,79.24,46.13,71.99,79.89,0.0915,0,0,101.62,28.84,56,56,4031.4399999999996,1448.1599999999996
2025-06-29,SKU006,Beverages,Gauteng,Convenience,79.24,46.13,72.74,77.17,0.0821,0,0,101.64,28.88,150,100,7273.999999999999,2660.999999999999
2025-06-30,SKU006,Beverages,KwaZulu-Natal,Convenience,79.24,46.13,84.83,82.29,0.0,0,0,101.88,28.79,80,60,5089.8,2321.9999999999995
2025-07-01,SKU006,Beverages,Gauteng,Supermarket,79.24,46.13,82.37,82.31,0.0,0,0,102.37,28.89,126,102,8401.74,3696.48
2025-07-02,SKU006,Beverages,Gauteng,Hyper,79.24,46.13,85.4,77.16,0.0,0,0,102.31,28.81,126,84,7173.6,3298.6800000000003
2025-07-03,SKU006,Beverages,Western Cape,Hyper,79.24,46.13,82.31,81.5,0.0,0,0,101.14,28.71,113,87,7160.97,3147.66
2025-07-04,SKU006,Beverages,Gauteng,Hyper,79.24,46.13,81.11,81.93,0.0,0,0,102.18,29.13,123,115,9327.65,4022.7
2025-07-05,SKU006,Beverages,Gauteng,Convenience,79.24,46.13,79.91,80.71,0.0,0,0,102.37,28.58,88,88,7032.08,2972.6399999999994
2025-07-06,SKU006,Beverages,KwaZulu-Natal,Hyper,79.24,46.13,79.8,78.59,0.0,0,0,101.73,28.9,129,104,8299.199999999999,3501.6799999999994
2025-07-07,SKU006,Beverages,Gauteng,Hyper,79.24,46.13,70.97,74.21,0.1044,1,0,101.73,28.8,188,143,10148.71,3552.1199999999994
2025-07-08,SKU006,Beverages,Western Cape,Hyper,79.24,46.13,68.89,79.12,0.1307,1,0,102.37,28.76,163,149,10264.61,3391.24
2025-07-09,SKU006,Beverages,KwaZulu-Natal,Convenience,79.24,46.13,74.34,79.1,0.0618,0,0,102.22,28.97,115,79,5872.860000000001,2228.59
2025-07-10,SKU006,Beverages,Western Cape,Supermarket,79.24,46.13,80.41,80.18,0.0,0,0,101.72,28.73,96,79,6352.389999999999,2708.1199999999994
2025-07-11,SKU006,Beverages,Gauteng,Supermarket,79.24,46.13,72.15,78.65,0.0895,0,0,102.36,28.79,118,89,6421.35,2315.78
2025-07-12,SKU006,Beverages,Western Cape,Convenience,79.24,46.13,75.3,79.49,0.0498,0,0,102.46,28.57,94,69,5195.7,2012.7299999999996
2025-07-13,SKU006,Beverages,KwaZulu-Natal,Convenience,79.24,46.13,71.61,84.84,0.0963,0,0,102.91,28.88,109,77,5513.97,1961.9599999999998
2025-07-14,SKU006,Beverages,Gauteng,Hyper,79.24,46.13,80.05,76.59,0.0,0,0,101.85,28.79,81,77,6163.849999999999,2611.8399999999997
2025-07-15,SKU006,Beverages,Gauteng,Supermarket,79.24,46.13,80.98,83.86,0.0,0,0,101.96,28.84,115,92,7450.160000000001,3206.2000000000003
2025-07-16,SKU006,Beverages,Gauteng,Convenience,79.24,46.13,73.13,79.93,0.0771,1,0,101.98,28.51,107,105,7678.65,2834.999999999999
2025-07-17,SKU006,Beverages,Gauteng,Convenience,79.24,46.13,71.54,82.5,0.0971,1,0,102.44,28.86,164,104,7440.160000000001,2642.6400000000003
2025-07-18,SKU006,Beverages,KwaZulu-Natal,Supermarket,79.24,46.13,72.3,77.54,0.0876,1,0,102.59,28.63,127,112,8097.599999999999,2931.0399999999995
2025-07-19,SKU006,Beverages,KwaZulu-Natal,Hyper,79.24,46.13,75.92,78.31,0.0419,0,0,101.82,28.86,146,102,7743.84,3038.58
2025-07-20,SKU006,Beverages,Western Cape,Supermarket,79.24,46.13,78.4,76.94,0.0107,0,0,101.72,28.86,75,75,5880.0,2420.2500000000005
2025-07-21,SKU006,Beverages,Western Cape,Supermarket,79.24,46.13,71.67,79.44,0.0955,1,0,102.3,28.72,170,128,9173.76,3269.12
2025-07-22,SKU006,Beverages,Gauteng,Hyper,79.24,46.13,83.36,75.43,0.0,0,0,102.74,28.78,86,78,6502.08,2903.9399999999996
2025-07-23,SKU006,Beverages,Gauteng,Supermarket,79.24,46.13,83.78,80.98,0.0,0,0,101.93,29.09,107,69,5780.82,2597.85
2025-07-24,SKU006,Beverages,Gauteng,Hyper,79.24,46.13,82.15,80.16,0.0,0,0,102.2,28.69,158,108,8872.2,3890.1600000000003
2025-07-25,SKU006,Beverages,Gauteng,Supermarket,79.24,46.13,71.99,82.3,0.0914,0,0,102.35,29.08,167,104,7486.959999999999,2689.439999999999
2025-07-26,SKU006,Beverages,Gauteng,Supermarket,79.24,46.13,66.59,82.17,0.1597,1,0,101.73,28.73,203,161,10720.99,3294.06
2025-07-27,SKU006,Beverages,KwaZulu-Natal,Supermarket,79.24,46.13,72.26,86.0,0.0881,1,0,102.42,28.79,128,108,7804.080000000001,2822.0400000000004
2025-07-28,SKU006,Beverages,KwaZulu-Natal,Hyper,79.24,46.13,73.85,80.28,0.068,0,0,102.02,28.94,124,102,7532.7,2827.439999999999
2025-07-29,SKU006,Beverages,Western Cape,Supermarket,79.24,46.13,73.56,77.95,0.0717,1,0,102.27,29.07,131,108,7944.4800000000005,2962.44
2025-07-30,SKU006,Beverages,Western Cape,Supermarket,79.24,46.13,72.28,77.9,0.0878,1,0,102.51,29.21,141,114,8239.92,2981.1
2025-07-31,SKU006,Beverages,KwaZulu-Natal,Convenience,79.24,46.13,75.53,87.5,0.0469,0,0,102.84,29.15,103,75,5664.75,2205.0
2025-08-01,SKU006,Beverages,Gauteng,Supermarket,79.24,46.13,78.75,78.79,0.0062,1,0,103.2,29.04,115,102,8032.5,3327.24
2025-08-02,SKU006,Beverages,Gauteng,Supermarket,79.24,46.13,73.5,78.1,0.0725,0,0,102.66,28.98,66,66,4851.0,1806.4199999999998
2025-08-03,SKU006,Beverages,Gauteng,Supermarket,79.24,46.13,85.41,83.98,0.0,0,0,102.16,29.22,106,82,7003.62,3220.9599999999996
2025-08-04,SKU006,Beverages,Gauteng,Hyper,79.24,46.13,78.16,78.8,0.0137,0,0,102.7,29.27,79,79,6174.639999999999,2530.3699999999994
2025-08-05,SKU006,Beverages,KwaZulu-Natal,Supermarket,79.24,46.13,79.95,80.3,0.0,0,0,102.22,29.03,97,72,5756.400000000001,2435.04
2025-08-06,SKU006,Beverages,Western Cape,Supermarket,79.24,46.13,83.89,83.89,0.0,0,0,102.09,29.07,111,76,6375.64,2869.7599999999998
2025-08-07,SKU006,Beverages,KwaZulu-Natal,Supermarket,79.24,46.13,74.13,81.86,0.0644,0,0,102.24,28.92,119,96,7116.48,2687.999999999999
2025-08-08,SKU006,Beverages,Gauteng,Hyper,79.24,46.13,74.26,80.42,0.0629,0,0,102.31,29.03,105,102,7574.52,2869.26
2025-08-09,SKU006,Beverages,Gauteng,Supermarket,79.24,46.13,74.37,84.63,0.0614,0,0,102.42,29.23,93,93,6916.410000000001,2626.32
2025-08-10,SKU006,Beverages,Western Cape,Hyper,79.24,46.13,79.04,76.98,0.0025,0,0,102.71,29.35,89,89,7034.56,2928.9900000000002
2025-08-11,SKU006,Beverages,Western Cape,Convenience,79.24,46.13,85.09,78.77,0.0,0,0,102.81,29.29,59,41,3488.69,1597.3600000000001
2025-08-12,SKU006,Beverages,Western Cape,Hyper,79.24,46.13,64.27,84.06,0.1889,1,0,101.73,29.34,108,108,6941.16,1959.1199999999992
2025-08-13,SKU006,Beverages,KwaZulu-Natal,Supermarket,79.24,46.13,81.95,78.64,0.0,0,0,102.44,29.41,77,68,5572.6,2435.76
2025-08-14,SKU006,Beverages,Western Cape,Supermarket,79.24,46.13,67.76,79.56,0.1449,1,0,102.02,29.24,134,104,7047.040000000001,2249.5200000000004
2025-08-15,SKU006,Beverages,KwaZulu-Natal,Supermarket,79.24,46.13,72.0,80.22,0.0914,0,0,102.39,29.33,99,92,6624.0,2380.04
2025-08-16,SKU006,Beverages,Gauteng,Supermarket,79.24,46.13,75.2,79.46,0.051,0,0,102.43,29.2,89,89,6692.8,2587.23
2025-08-17,SKU006,Beverages,Western Cape,Hyper,79.24,46.13,76.13,79.54,0.0393,0,0,101.83,29.22,186,114,8678.82,3419.999999999999
2025-08-18,SKU006,Beverages,Gauteng,Supermarket,79.24,46.13,78.74,76.96,0.0062,1,0,102.72,29.43,96,91,7165.339999999999,2967.5099999999993
2025-08-19,SKU006,Beverages,Western Cape,Hyper,79.24,46.13,85.49,81.35,0.0,0,0,102.66,29.45,100,81,6924.69,3188.1599999999994
2025-08-20,SKU006,Beverages,Western Cape,Supermarket,79.24,46.13,75.65,81.17,0.0453,0,0,102.36,29.26,136,80,6052.0,2361.6000000000004
2025-08-21,SKU006,Beverages,Gauteng,Supermarket,79.24,46.13,86.87,81.49,0.0,0,0,102.27,29.33,79,74,6428.38,3014.76
2025-08-22,SKU006,Beverages,KwaZulu-Natal,Hyper,79.24,46.13,84.8,78.57,0.0,0,0,103.06,29.55,107,87,7377.599999999999,3364.2899999999995
2025-08-23,SKU006,Beverages,Gauteng,Supermarket,79.24,46.13,79.13,74.02,0.0014,0,0,102.37,29.23,96,93,7359.089999999999,3068.9999999999995
2025-08-24,SKU006,Beverages,Western Cape,Supermarket,79.24,46.13,66.46,81.28,0.1613,1,0,102.44,29.47,157,132,8772.72,2683.559999999999
2025-08-25,SKU006,Beverages,Western Cape,Supermarket,79.24,46.13,71.48,80.31,0.0979,0,0,102.35,29.59,116,112,8005.76,2839.2000000000003
2025-08-26,SKU006,Beverages,Western Cape,Supermarket,79.24,46.13,75.26,78.17,0.0503,0,0,103.15,29.46,108,97,7300.22,2825.61
2025-08-27,SKU006,Beverages,Western Cape,Supermarket,79.24,46.13,79.05,76.93,0.0024,0,0,102.73,29.97,115,77,6086.849999999999,2534.8399999999997
2025-08-28,SKU006,Beverages,Western Cape,Supermarket,79.24,46.13,84.91,82.26,0.0,0,0,102.5,29.68,74,70,5943.7,2714.5999999999995
2025-01-01,SKU007,Snacks,Western Cape,Supermarket,62.89,45.94,67.83,65.04,0.0,0,0,100.32,29.99,124,94,6376.0199999999995,2057.66
2025-01-02,SKU007,Snacks,Gauteng,Supermarket,62.89,45.94,63.87,61.68,0.0,0,0,99.67,29.73,140,116,7408.92,2079.88
2025-01-03,SKU007,Snacks,Gauteng,Supermarket,62.89,45.94,60.02,64.61,0.0457,0,0,100.19,30.01,160,131,7862.620000000001,1844.4800000000007
2025-01-04,SKU007,Snacks,KwaZulu-Natal,Hyper,62.89,45.94,64.67,62.09,0.0,0,0,99.89,30.19,170,129,8342.43,2416.1700000000005
2025-01-05,SKU007,Snacks,Gauteng,Hyper,62.89,45.94,57.61,60.53,0.084,0,0,99.78,30.06,269,179,10312.19,2088.9300000000003
2025-01-06,SKU007,Snacks,Gauteng,Supermarket,62.89,45.94,68.72,65.65,0.0,0,0,99.85,29.99,141,101,6940.72,2300.78
2025-01-07,SKU007,Snacks,KwaZulu-Natal,Hyper,62.89,45.94,65.3,64.07,0.0,0,0,100.17,30.3,180,124,8097.2,2400.64
2025-01-08,SKU007,Snacks,Western Cape,Hyper,62.89,45.94,61.4,62.86,0.0236,0,0,99.89,30.01,162,128,7859.2,1978.88
2025-01-09,SKU007,Snacks,KwaZulu-Natal,Convenience,62.89,45.94,63.97,64.53,0.0,0,0,99.84,30.34,108,79,5053.63,1424.3700000000001
2025-01-10,SKU007,Snacks,KwaZulu-Natal,Supermarket,62.89,45.94,55.03,64.51,0.125,1,0,100.35,30.6,185,153,8419.59,1390.7700000000004
2025-01-11,SKU007,Snacks,Gauteng,Hyper,62.89,45.94,65.48,61.56,0.0,0,0,100.5,30.34,109,109,7137.320000000001,2129.8600000000006
2025-01-12,SKU007,Snacks,Gauteng,Convenience,62.89,45.94,53.2,59.27,0.1541,1,0,99.92,30.54,179,156,8299.2,1132.5600000000009
2025-01-13,SKU007,Snacks,KwaZulu-Natal,Supermarket,62.89,45.94,60.61,62.77,0.0362,0,0,100.3,30.6,143,121,7333.8099999999995,1775.0700000000002
2025-01-14,SKU007,Snacks,Gauteng,Supermarket,62.89,45.94,51.75,65.05,0.1772,1,0,100.49,30.64,297,225,11643.75,1307.2500000000005
2025-01-15,SKU007,Snacks,KwaZulu-Natal,Supermarket,62.89,45.94,59.51,63.41,0.0537,0,0,100.07,30.55,145,124,7379.24,1682.68
2025-01-16,SKU007,Snacks,Western Cape,Convenience,62.89,45.94,68.18,61.94,0.0,0,0,99.68,30.6,61,61,4158.9800000000005,1356.6400000000006
2025-01-17,SKU007,Snacks,Gauteng,Hyper,62.89,45.94,68.33,62.36,0.0,0,0,99.87,30.55,165,118,8062.94,2642.02
2025-01-18,SKU007,Snacks,Western Cape,Supermarket,62.89,45.94,67.71,66.12,0.0,0,0,99.93,30.58,102,102,6906.419999999999,2220.5399999999995
2025-01-19,SKU007,Snacks,Western Cape,Supermarket,62.89,45.94,59.32,65.32,0.0568,0,0,99.55,30.51,150,116,6881.12,1552.0800000000004
2025-01-20,SKU007,Snacks,Gauteng,Supermarket,62.89,45.94,64.34,64.42,0.0,0,0,100.27,30.51,151,118,7592.120000000001,2171.2000000000007
2025-01-21,SKU007,Snacks,Gauteng,Supermarket,62.89,45.94,62.36,67.87,0.0085,0,0,100.21,30.61,151,134,8356.24,2200.28
2025-01-22,SKU007,Snacks,Gauteng,Supermarket,62.89,45.94,69.04,63.82,0.0,0,0,99.62,30.4,109,89,6144.56,2055.9000000000005
2025-01-23,SKU007,Snacks,KwaZulu-Natal,Supermarket,62.89,45.94,61.24,63.86,0.0262,0,0,100.41,30.94,163,116,7103.84,1774.8000000000004
2025-01-24,SKU007,Snacks,KwaZulu-Natal,Hyper,62.89,45.94,57.29,64.05,0.0891,0,0,100.1,30.78,257,171,9796.59,1940.8500000000001
2025-01-25,SKU007,Snacks,Gauteng,Supermarket,62.89,45.94,58.32,60.61,0.0726,1,0,100.37,30.95,253,181,10555.92,2240.7800000000007
2025-01-26,SKU007,Snacks,Western Cape,Supermarket,62.89,45.94,59.0,66.84,0.0619,0,0,100.46,30.72,171,115,6785.0,1501.9000000000003
2025-01-27,SKU007,Snacks,KwaZulu-Natal,Supermarket,62.89,45.94,67.22,63.43,0.0,0,0,99.99,30.96,115,106,7125.32,2255.6800000000003
2025-01-28,SKU007,Snacks,Western Cape,Supermarket,62.89,45.94,65.71,63.5,0.0,0,0,100.71,30.82,124,104,6833.839999999999,2056.0799999999995
2025-01-29,SKU007,Snacks,Gauteng,Supermarket,62.89,45.94,57.88,63.63,0.0796,1,0,100.35,30.97,183,179,10360.52,2137.2600000000007
2025-01-30,SKU007,Snacks,KwaZulu-Natal,Supermarket,62.89,45.94,60.18,62.58,0.0431,0,0,100.34,30.89,231,138,8304.84,1965.1200000000003
2025-01-31,SKU007,Snacks,Gauteng,Supermarket,62.89,45.94,56.88,60.68,0.0955,0,0,100.58,31.02,214,177,10067.76,1936.3800000000008
2025-02-01,SKU007,Snacks,Western Cape,Supermarket,62.89,45.94,68.16,62.04,0.0,0,0,100.77,31.03,147,104,7088.639999999999,2310.88
2025-02-02,SKU007,Snacks,KwaZulu-Natal,Supermarket,62.89,45.94,58.54,59.26,0.0692,0,0,100.1,30.77,202,140,8195.6,1764.0000000000002
2025-02-03,SKU007,Snacks,KwaZulu-Natal,Supermarket,62.89,45.94,62.43,60.81,0.0073,0,0,100.33,30.94,178,132,8240.76,2176.6800000000003
2025-02-04,SKU007,Snacks,KwaZulu-Natal,Supermarket,62.89,45.94,59.22,62.46,0.0584,0,0,100.46,30.71,130,128,7580.16,1699.8400000000001
2025-02-05,SKU007,Snacks,Gauteng,Supermarket,62.89,45.94,49.62,65.49,0.211,1,0,100.32,31.09,324,238,11809.56,875.8399999999999
2025-02-06,SKU007,Snacks,KwaZulu-Natal,Supermarket,62.89,45.94,65.23,64.3,0.0,0,0,100.21,31.08,137,102,6653.46,1967.5800000000006
2025-02-07,SKU007,Snacks,Gauteng,Supermarket,62.89,45.94,60.49,62.43,0.0382,0,0,100.99,31.11,217,166,10041.34,2415.3000000000006
2025-02-08,SKU007,Snacks,Gauteng,Supermarket,62.89,45.94,60.68,62.57,0.0352,0,0,100.54,31.06,231,162,9830.16,2387.88
2025-02-09,SKU007,Snacks,Western Cape,Supermarket,62.89,45.94,65.13,63.03,0.0,0,0,100.52,31.07,128,107,6968.91,2053.33
2025-02-10,SKU007,Snacks,Western Cape,Convenience,62.89,45.94,60.23,64.81,0.0423,0,0,100.37,31.27,141,107,6444.61,1529.03
2025-02-11,SKU007,Snacks,Western Cape,Supermarket,62.89,45.94,59.62,61.72,0.052,0,0,100.6,31.15,170,121,7214.0199999999995,1655.28
2025-02-12,SKU007,Snacks,KwaZulu-Natal,Supermarket,62.89,45.94,61.36,63.04,0.0243,0,0,100.03,30.92,155,109,6688.24,1680.7800000000002
2025-02-13,SKU007,Snacks,Western Cape,Supermarket,62.89,45.94,65.22,62.03,0.0,0,0,100.65,31.09,125,113,7369.86,2178.6400000000003
2025-02-14,SKU007,Snacks,KwaZulu-Natal,Supermarket,62.89,45.94,56.72,64.93,0.0981,0,0,100.73,31.11,188,136,7713.92,1466.0800000000002
2025-02-15,SKU007,Snacks,Western Cape,Supermarket,62.89,45.94,57.65,66.81,0.0834,0,0,100.71,31.14,121,121,6975.65,1416.91
2025-02-16,SKU007,Snacks,Gauteng,Hyper,62.89,45.94,56.96,62.65,0.0943,0,0,99.94,31.1,192,168,9569.28,1851.3600000000006
2025-02-17,SKU007,Snacks,Western Cape,Supermarket,62.89,45.94,68.46,63.27,0.0,0,0,100.1,31.0,116,111,7599.0599999999995,2499.7199999999993
2025-02-18,SKU007,Snacks,Western Cape,Hyper,62.89,45.94,59.33,61.72,0.0566,0,0,100.53,31.03,247,178,10560.74,2383.42
2025-02-19,SKU007,Snacks,Gauteng,Supermarket,62.89,45.94,66.05,61.67,0.0,0,0,100.75,30.94,87,87,5746.349999999999,1749.57
2025-02-20,SKU007,Snacks,Gauteng,Convenience,62.89,45.94,57.36,64.26,0.0879,0,0,100.45,31.46,224,149,8546.64,1701.5800000000002
2025-02-21,SKU007,Snacks,Gauteng,Convenience,62.89,45.94,59.96,64.91,0.0466,0,0,100.52,31.23,130,120,7195.2,1682.4000000000003
2025-02-22,SKU007,Snacks,Western Cape,Supermarket,62.89,45.94,59.75,64.87,0.0499,0,0,100.72,31.0,178,170,10157.5,2347.7000000000003
2025-02-23,SKU007,Snacks,KwaZulu-Natal,Convenience,62.89,45.94,64.69,63.53,0.0,0,0,100.52,31.27,104,97,6274.929999999999,1818.75
2025-02-24,SKU007,Snacks,Gauteng,Hyper,62.89,45.94,68.67,60.78,0.0,0,0,100.13,31.12,134,114,7828.38,2591.2200000000003
2025-02-25,SKU007,Snacks,KwaZulu-Natal,Supermarket,62.89,45.94,67.67,60.79,0.0,0,0,101.04,31.1,105,87,5887.29,1890.5100000000004
2025-02-26,SKU007,Snacks,Gauteng,Supermarket,62.89,45.94,65.6,63.35,0.0,0,0,100.5,31.14,188,122,8003.199999999999,2398.5199999999995
2025-02-27,SKU007,Snacks,KwaZulu-Natal,Supermarket,62.89,45.94,63.83,63.82,0.0,0,0,100.32,31.24,135,120,7659.599999999999,2146.8
2025-02-28,SKU007,Snacks,Gauteng,Supermarket,62.89,45.94,58.21,62.27,0.0745,0,0,100.7,31.15,180,141,8207.61,1730.0700000000004
2025-03-01,SKU007,Snacks,Gauteng,Convenience,62.89,45.94,68.35,64.85,0.0,0,0,101.06,31.22,79,79,5399.65,1770.3899999999996
2025-03-02,SKU007,Snacks,Gauteng,Hyper,62.89,45.94,54.47,60.67,0.1338,1,0,100.51,31.26,293,249,13563.029999999999,2123.9700000000003
2025-03-03,SKU007,Snacks,KwaZulu-Natal,Supermarket,62.89,45.94,57.66,62.25,0.0831,0,0,100.76,31.2,194,153,8821.98,1793.1599999999999
2025-03-04,SKU007,Snacks,Gauteng,Supermarket,62.89,45.94,64.79,62.79,0.0,0,0,100.58,31.33,95,95,6155.05,1790.750000000001
2025-03-05,SKU007,Snacks,Western Cape,Supermarket,62.89,45.94,60.55,62.09,0.0372,0,0,101.29,31.2,158,149,9021.949999999999,2176.89
2025-03-06,SKU007,Snacks,Gauteng,Supermarket,62.89,45.94,67.35,63.09,0.0,0,0,100.94,31.2,99,99,6667.65,2119.5899999999997
2025-03-07,SKU007,Snacks,Gauteng,Convenience,62.89,45.94,59.93,61.7,0.047,0,0,100.91,31.03,129,119,7131.67,1664.8100000000002
2025-03-08,SKU007,Snacks,KwaZulu-Natal,Supermarket,62.89,45.94,58.33,62.66,0.0726,1,0,100.54,31.08,223,168,9799.44,2081.52
2025-03-09,SKU007,Snacks,KwaZulu-Natal,Convenience,62.89,45.94,67.66,63.01,0.0,0,0,100.27,31.15,103,85,5751.099999999999,1846.1999999999998
2025-03-10,SKU007,Snacks,Gauteng,Supermarket,62.89,45.94,57.0,62.95,0.0937,0,0,100.98,31.14,160,160,9120.0,1769.6000000000004
2025-03-11,SKU007,Snacks,KwaZulu-Natal,Supermarket,62.89,45.94,58.39,60.1,0.0716,0,0,100.64,31.27,122,122,7123.58,1518.9000000000003
2025-03-12,SKU007,Snacks,Gauteng,Supermarket,62.89,45.94,66.79,61.44,0.0,0,0,100.68,31.06,133,112,7480.4800000000005,2335.2000000000007
2025-03-13,SKU007,Snacks,Western Cape,Supermarket,62.89,45.94,59.94,65.71,0.0469,0,0,101.27,31.22,191,125,7492.5,1750.0
2025-03-14,SKU007,Snacks,Gauteng,Supermarket,62.89,45.94,67.36,66.7,0.0,0,0,100.98,31.21,176,118,7948.48,2527.5600000000004
2025-03-15,SKU007,Snacks,Western Cape,Hyper,62.89,45.94,60.77,67.22,0.0337,0,0,100.77,31.21,252,159,9662.43,2357.9700000000007
2025-03-16,SKU007,Snacks,Gauteng,Convenience,62.89,45.94,65.62,63.13,0.0,0,0,101.03,31.16,128,98,6430.76,1928.6400000000008
2025-03-17,SKU007,Snacks,Western Cape,Supermarket,62.89,45.94,50.64,60.21,0.1948,1,0,100.91,31.11,254,213,10786.32,1001.1000000000006
2025-03-18,SKU007,Snacks,Gauteng,Convenience,62.89,45.94,57.99,66.74,0.0779,0,0,100.91,30.91,200,132,7654.68,1590.6000000000006
2025-03-19,SKU007,Snacks,Gauteng,Hyper,62.89,45.94,62.38,62.41,0.008,0,0,100.78,31.2,186,163,10167.94,2679.7200000000007
2025-03-20,SKU007,Snacks,KwaZulu-Natal,Supermarket,62.89,45.94,57.98,59.69,0.0781,0,0,101.22,31.03,181,159,9218.82,1914.36
2025-03-21,SKU007,Snacks,KwaZulu-Natal,Supermarket,62.89,45.94,66.13,63.81,0.0,0,0,101.16,31.32,173,131,8663.029999999999,2644.89
2025-03-22,SKU007,Snacks,KwaZulu-Natal,Hyper,62.89,45.94,58.13,61.38,0.0757,0,0,100.77,31.07,191,161,9358.93,1962.5900000000008
2025-03-23,SKU007,Snacks,Western Cape,Supermarket,62.89,45.94,68.73,60.02,0.0,0,0,100.88,31.14,103,98,6735.54,2233.4200000000005
2025-03-24,SKU007,Snacks,KwaZulu-Natal,Supermarket,62.89,45.94,58.98,64.31,0.0622,1,0,100.43,31.1,228,172,10144.56,2242.8799999999997
2025-03-25,SKU007,Snacks,Gauteng,Hyper,62.89,45.94,68.92,62.59,0.0,0,0,100.97,31.18,122,103,7098.76,2366.9400000000005
2025-03-26,SKU007,Snacks,KwaZulu-Natal,Hyper,62.89,45.94,66.65,62.46,0.0,0,0,100.95,30.93,95,95,6331.750000000001,1967.4500000000007
2025-03-27,SKU007,Snacks,KwaZulu-Natal,Convenience,62.89,45.94,59.55,61.19,0.0532,0,0,100.79,30.81,174,122,7265.099999999999,1660.4199999999998
2025-03-28,SKU007,Snacks,Gauteng,Supermarket,62.89,45.94,62.15,64.55,0.0117,0,0,101.25,31.0,183,146,9073.9,2366.6600000000003
2025-03-29,SKU007,Snacks,Western Cape,Supermarket,62.89,45.94,64.66,61.41,0.0,0,0,100.99,30.57,128,110,7112.599999999999,2059.2
2025-03-30,SKU007,Snacks,KwaZulu-Natal,Supermarket,62.89,45.94,67.76,61.19,0.0,0,0,101.03,30.91,149,121,8198.960000000001,2640.2200000000007
2025-03-31,SKU007,Snacks,Western Cape,Supermarket,62.89,45.94,57.45,62.05,0.0866,0,0,101.11,30.66,164,153,8789.85,1761.0300000000009
2025-04-01,SKU007,Snacks,Gauteng,Supermarket,62.89,45.94,69.03,62.92,0.0,0,0,100.6,30.64,217,131,9042.93,3024.7900000000004
2025-04-02,SKU007,Snacks,Gauteng,Convenience,62.89,45.94,55.27,59.94,0.1211,1,0,100.77,30.98,213,180,9948.6,1679.400000000001
2025-04-03,SKU007,Snacks,Gauteng,Supermarket,62.89,45.94,65.04,64.2,0.0,0,0,101.15,30.75,184,132,8585.28,2521.200000000001
2025-04-04,SKU007,Snacks,KwaZulu-Natal,Hyper,62.89,45.94,54.18,63.45,0.1385,1,1,101.63,30.86,382,281,15224.58,2315.4400000000005
2025-04-05,SKU007,Snacks,KwaZulu-Natal,Supermarket,62.89,45.94,57.88,63.45,0.0797,0,1,101.34,30.66,99,99,5730.12,1182.0600000000004
2025-04-06,SKU007,Snacks,Gauteng,Supermarket,62.89,45.94,61.12,63.68,0.0281,0,1,101.03,30.87,128,128,7823.36,1943.04
2025-04-07,SKU007,Snacks,KwaZulu-Natal,Supermarket,62.89,45.94,52.97,64.93,0.1578,1,0,100.96,30.83,228,190,10064.3,1335.7000000000003
2025-04-08,SKU007,Snacks,Gauteng,Supermarket,62.89,45.94,63.43,61.89,0.0,0,0,101.3,30.62,107,107,6787.01,1871.4300000000003
2025-04-09,SKU007,Snacks,Gauteng,Supermarket,62.89,45.94,57.25,62.69,0.0897,0,0,100.8,30.48,183,164,9389.0,1854.8400000000004
2025-04-10,SKU007,Snacks,KwaZulu-Natal,Supermarket,62.89,45.94,68.62,61.93,0.0,0,0,101.61,30.8,159,115,7891.3,2608.2000000000007
2025-04-11,SKU007,Snacks,Gauteng,Hyper,62.89,45.94,59.27,62.06,0.0576,0,1,101.16,30.79,185,185,10964.95,2466.050000000001
2025-04-12,SKU007,Snacks,Western Cape,Hyper,62.89,45.94,58.88,65.69,0.0638,0,1,101.16,30.65,217,175,10304.0,2264.500000000001
2025-04-13,SKU007,Snacks,Western Cape,Supermarket,62.89,45.94,55.34,61.49,0.12,1,1,101.25,30.7,304,180,9961.2,1692.000000000001
2025-04-14,SKU007,Snacks,Gauteng,Supermarket,62.89,45.94,64.04,60.38,0.0,0,0,101.15,30.8,131,117,7492.68,2117.700000000001
2025-04-15,SKU007,Snacks,Gauteng,Hyper,62.89,45.94,65.77,57.79,0.0,0,0,100.93,30.5,180,135,8878.949999999999,2677.0499999999997
2025-04-16,SKU007,Snacks,KwaZulu-Natal,Convenience,62.89,45.94,59.55,63.4,0.0531,0,0,100.73,30.6,141,113,6729.15,1537.9299999999998
2025-04-17,SKU007,Snacks,Gauteng,Hyper,62.89,45.94,61.0,62.97,0.03,0,0,101.23,30.63,122,122,7442.0,1837.3200000000002
2025-04-18,SKU007,Snacks,Gauteng,Hyper,62.89,45.94,54.53,65.44,0.133,1,1,101.43,30.4,303,263,14341.39,2259.170000000001
2025-04-19,SKU007,Snacks,Western Cape,Hyper,62.89,45.94,56.19,63.32,0.1065,1,1,101.31,30.49,198,198,11125.619999999999,2029.5
2025-04-20,SKU007,Snacks,Gauteng,Supermarket,62.89,45.94,59.8,60.93,0.0491,0,1,100.97,30.7,182,153,9149.4,2120.58
2025-04-21,SKU007,Snacks,KwaZulu-Natal,Supermarket,62.89,45.94,62.66,62.22,0.0037,0,0,100.97,30.41,160,118,7393.879999999999,1972.9599999999998
2025-04-22,SKU007,Snacks,Gauteng,Supermarket,62.89,45.94,48.82,63.18,0.2237,1,0,101.24,30.56,367,244,11912.08,702.7200000000006
2025-04-23,SKU007,Snacks,Western Cape,Supermarket,62.89,45.94,58.44,62.1,0.0708,1,0,100.9,30.43,199,132,7714.08,1650.0
2025-04-24,SKU007,Snacks,Gauteng,Convenience,62.89,45.94,59.11,63.81,0.0602,0,0,101.36,30.31,174,143,8452.73,1883.3100000000002
2025-04-25,SKU007,Snacks,Gauteng,Hyper,62.89,45.94,64.29,63.89,0.0,0,1,101.36,30.53,171,166,10672.140000000001,3046.1000000000013
2025-04-26,SKU007,Snacks,Western Cape,Supermarket,62.89,45.94,65.2,66.54,0.0,0,1,101.65,30.31,124,124,8084.8,2388.2400000000007
2025-04-27,SKU007,Snacks,Gauteng,Supermarket,62.89,45.94,64.92,61.43,0.0,0,1,101.55,30.35,187,128,8309.76,2429.4400000000005
2025-04-28,SKU007,Snacks,Gauteng,Supermarket,62.89,45.94,65.31,62.18,0.0,0,0,101.61,30.13,170,134,8751.54,2595.580000000001
2025-04-29,SKU007,Snacks,Gauteng,Convenience,62.89,45.94,67.14,62.55,0.0,0,0,101.06,30.32,136,102,6848.28,2162.4
2025-04-30,SKU007,Snacks,Western Cape,Supermarket,62.89,45.94,59.59,61.64,0.0525,0,0,101.05,30.25,127,127,7567.93,1733.5500000000006
2025-05-01,SKU007,Snacks,Gauteng,Hyper,62.89,45.94,66.54,58.97,0.0,0,0,101.09,29.87,180,150,9981.000000000002,3090.0000000000014
2025-05-02,SKU007,Snacks,Gauteng,Convenience,62.89,45.94,60.4,63.1,0.0396,0,0,101.18,30.16,111,109,6583.599999999999,1576.14
2025-05-03,SKU007,Snacks,Gauteng,Supermarket,62.89,45.94,58.59,62.44,0.0683,1,0,101.24,29.98,177,177,10370.43,2239.050000000001
2025-05-04,SKU007,Snacks,Gauteng,Supermarket,62.89,45.94,67.67,62.61,0.0,0,0,101.23,30.0,141,141,9541.47,3063.9300000000007
2025-05-05,SKU007,Snacks,KwaZulu-Natal,Supermarket,62.89,45.94,58.84,61.98,0.0645,0,0,101.61,30.01,196,147,8649.480000000001,1896.3000000000009
2025-05-06,SKU007,Snacks,Gauteng,Hyper,62.89,45.94,57.97,61.9,0.0783,0,0,101.52,30.27,237,164,9507.08,1972.92
2025-05-07,SKU007,Snacks,Gauteng,Hyper,62.89,45.94,56.93,65.35,0.0947,0,0,100.99,30.19,321,205,11670.65,2252.9500000000003
2025-05-08,SKU007,Snacks,Gauteng,Supermarket,62.89,45.94,58.61,63.05,0.068,0,0,101.31,29.8,162,143,8381.23,1811.8100000000002
2025-05-09,SKU007,Snacks,KwaZulu-Natal,Supermarket,62.89,45.94,56.6,63.97,0.0999,0,0,101.57,30.23,231,166,9395.6,1769.5600000000006
2025-05-10,SKU007,Snacks,KwaZulu-Natal,Convenience,62.89,45.94,69.14,64.09,0.0,0,0,101.67,30.23,67,67,4632.38,1554.4
2025-05-11,SKU007,Snacks,KwaZulu-Natal,Hyper,62.89,45.94,65.39,63.1,0.0,0,0,101.65,29.91,192,116,7585.24,2256.2000000000003
2025-05-12,SKU007,Snacks,Gauteng,Convenience,62.89,45.94,57.15,61.67,0.0913,0,0,101.6,29.73,102,102,5829.3,1143.42
2025-05-13,SKU007,Snacks,Gauteng,Supermarket,62.89,45.94,64.67,63.94,0.0,0,0,101.32,29.8,121,109,7049.03,2041.5700000000004
2025-05-14,SKU007,Snacks,Gauteng,Convenience,62.89,45.94,64.17,60.34,0.0,0,0,101.88,29.79,103,80,5133.6,1458.4000000000003
2025-05-15,SKU007,Snacks,Western Cape,Supermarket,62.89,45.94,57.22,62.05,0.0901,0,0,100.92,29.85,164,132,7553.04,1488.96
2025-05-16,SKU007,Snacks,Gauteng,Convenience,62.89,45.94,62.79,61.94,0.0016,0,0,101.67,30.1,172,109,6844.11,1836.65
2025-05-17,SKU007,Snacks,Western Cape,Supermarket,62.89,45.94,67.0,63.75,0.0,0,0,101.22,29.66,94,80,5360.0,1684.8000000000002
2025-05-18,SKU007,Snacks,Gauteng,Supermarket,62.89,45.94,62.87,65.39,0.0003,0,0,101.33,29.63,135,119,7481.53,2014.67
2025-05-19,SKU007,Snacks,Western Cape,Supermarket,62.89,45.94,63.71,63.15,0.0,0,0,101.71,29.59,120,120,7645.2,2132.4000000000005
2025-05-20,SKU007,Snacks,Gauteng,Convenience,62.89,45.94,54.86,65.56,0.1277,1,0,101.73,29.44,239,147,8064.42,1311.2400000000002
2025-05-21,SKU007,Snacks,Gauteng,Supermarket,62.89,45.94,67.73,61.73,0.0,0,0,101.75,29.53,114,112,7585.76,2440.4800000000005
2025-05-22,SKU007,Snacks,Gauteng,Supermarket,62.89,45.94,60.58,62.95,0.0367,0,0,101.31,29.8,180,135,8178.3,1976.4
2025-05-23,SKU007,Snacks,Gauteng,Hyper,62.89,45.94,57.56,66.08,0.0847,0,0,102.19,29.46,220,196,11281.76,2277.520000000001
2025-05-24,SKU007,Snacks,Western Cape,Supermarket,62.89,45.94,59.52,63.59,0.0535,0,0,102.31,29.45,110,110,6547.200000000001,1493.8000000000006
2025-05-25,SKU007,Snacks,Gauteng,Hyper,62.89,45.94,57.26,67.73,0.0895,0,0,101.83,29.57,293,212,12139.119999999999,2399.84
2025-05-26,SKU007,Snacks,KwaZulu-Natal,Supermarket,62.89,45.94,63.36,63.41,0.0,0,0,101.2,29.6,157,128,8110.08,2229.76
2025-05-27,SKU007,Snacks,KwaZulu-Natal,Supermarket,62.89,45.94,58.9,63.45,0.0634,0,0,101.98,29.4,179,136,8010.4,1762.5600000000002
2025-05-28,SKU007,Snacks,Gauteng,Hyper,62.89,45.94,67.91,66.71,0.0,0,0,101.99,29.21,289,147,9982.769999999999,3229.5899999999997
2025-05-29,SKU007,Snacks,KwaZulu-Natal,Supermarket,62.89,45.94,54.33,63.36,0.1361,1,0,102.05,29.36,241,165,8964.449999999999,1384.3500000000001
2025-05-30,SKU007,Snacks,Gauteng,Hyper,62.89,45.94,64.75,64.83,0.0,0,0,101.7,28.99,204,145,9388.75,2727.4500000000003
2025-05-31,SKU007,Snacks,Gauteng,Supermarket,62.89,45.94,61.16,68.06,0.0274,0,0,101.65,29.17,206,145,8868.199999999999,2206.8999999999996
2025-06-01,SKU007,Snacks,Gauteng,Supermarket,62.89,45.94,58.4,62.29,0.0713,0,0,101.75,29.13,226,159,9285.6,1981.14
2025-06-02,SKU007,Snacks,KwaZulu-Natal,Hyper,62.89,45.94,65.18,62.48,0.0,0,0,101.86,29.23,172,128,8343.04,2462.720000000001
2025-06-03,SKU007,Snacks,Gauteng,Supermarket,62.89,45.94,63.17,62.74,0.0,0,0,101.77,29.15,167,125,7896.25,2153.7500000000005
2025-06-04,SKU007,Snacks,Western Cape,Supermarket,62.89,45.94,57.94,62.28,0.0787,0,0,101.45,29.2,248,146,8459.24,1752.0
2025-06-05,SKU007,Snacks,Gauteng,Convenience,62.89,45.94,57.69,63.84,0.0827,1,0,102.07,29.08,213,154,8884.26,1809.5
2025-06-06,SKU007,Snacks,Gauteng,Hyper,62.89,45.94,56.82,64.64,0.0966,0,0,101.34,29.33,227,181,10284.42,1969.2800000000004
2025-06-07,SKU007,Snacks,KwaZulu-Natal,Hyper,62.89,45.94,60.53,59.78,0.0376,0,0,101.75,29.07,113,113,6839.89,1648.6700000000003
2025-06-08,SKU007,Snacks,Gauteng,Hyper,62.89,45.94,67.94,65.41,0.0,0,0,101.45,29.01,235,136,9239.84,2992.0
2025-06-09,SKU007,Snacks,Gauteng,Supermarket,62.89,45.94,60.76,59.9,0.0339,1,0,101.87,29.1,282,163,9903.88,2415.66
2025-06-10,SKU007,Snacks,KwaZulu-Natal,Supermarket,62.89,45.94,56.7,64.01,0.0985,0,0,101.52,28.96,222,167,9468.9,1796.9200000000008
2025-06-11,SKU007,Snacks,Western Cape,Supermarket,62.89,45.94,62.25,62.16,0.0102,0,0,102.03,28.94,125,125,7781.25,2038.7500000000002
2025-06-12,SKU007,Snacks,Gauteng,Supermarket,62.89,45.94,62.27,63.06,0.0099,0,0,101.83,29.09,149,116,7223.320000000001,1894.2800000000007
2025-06-13,SKU007,Snacks,Gauteng,Supermarket,62.89,45.94,61.95,64.86,0.015,0,0,101.76,29.15,146,123,7619.85,1969.2300000000007
2025-06-14,SKU007,Snacks,Gauteng,Supermarket,62.89,45.94,67.61,61.52,0.0,0,0,101.76,28.81,148,92,6220.12,1993.64
2025-06-15,SKU007,Snacks,Gauteng,Supermarket,62.89,45.94,63.0,62.79,0.0,1,0,101.85,28.96,142,132,8316.0,2251.92
2025-06-16,SKU007,Snacks,Western Cape,Hyper,62.89,45.94,68.07,63.51,0.0,0,0,101.46,28.95,159,104,7079.279999999999,2301.5199999999995
2025-06-17,SKU007,Snacks,Gauteng,Convenience,62.89,45.94,59.58,66.77,0.0526,0,0,102.01,29.01,174,110,6553.8,1500.4
2025-06-18,SKU007,Snacks,KwaZulu-Natal,Hyper,62.89,45.94,61.07,65.24,0.029,0,0,101.48,29.05,137,137,8366.59,2072.8100000000004
2025-06-19,SKU007,Snacks,KwaZulu-Natal,Supermarket,62.89,45.94,57.77,60.23,0.0814,0,0,101.57,29.31,109,109,6296.93,1289.4700000000005
2025-06-20,SKU007,Snacks,Gauteng,Hyper,62.89,45.94,62.25,64.44,0.0101,0,0,101.95,28.87,113,113,7034.25,1843.0300000000002
2025-06-21,SKU007,Snacks,Gauteng,Convenience,62.89,45.94,58.06,65.49,0.0768,0,0,101.57,28.97,131,114,6618.84,1381.6800000000005
2025-06-22,SKU007,Snacks,Gauteng,Supermarket,62.89,45.94,66.7,64.69,0.0,0,0,101.81,28.61,98,98,6536.6,2034.4800000000005
2025-06-23,SKU007,Snacks,Gauteng,Supermarket,62.89,45.94,67.07,65.36,0.0,0,0,102.26,28.87,140,109,7310.629999999999,2303.1699999999996
2025-06-24,SKU007,Snacks,Gauteng,Supermarket,62.89,45.94,68.1,66.4,0.0,0,0,101.78,28.9,119,119,8103.9,2637.0399999999995
2025-06-25,SKU007,Snacks,Western Cape,Supermarket,62.89,45.94,57.66,62.13,0.0831,0,0,101.95,28.86,179,149,8591.34,1746.2799999999997
2025-06-26,SKU007,Snacks,Western Cape,Supermarket,62.89,45.94,68.65,66.18,0.0,0,0,102.15,28.9,158,116,7963.400000000001,2634.360000000001
2025-06-27,SKU007,Snacks,Gauteng,Supermarket,62.89,45.94,59.58,59.64,0.0527,0,0,102.09,28.95,134,134,7983.719999999999,1827.76
2025-06-28,SKU007,Snacks,KwaZulu-Natal,Supermarket,62.89,45.94,66.42,63.37,0.0,0,0,101.73,28.88,114,107,7106.9400000000005,2191.3600000000006
2025-06-29,SKU007,Snacks,KwaZulu-Natal,Supermarket,62.89,45.94,60.38,63.19,0.0399,0,0,102.21,28.85,156,113,6822.9400000000005,1631.7200000000005
2025-06-30,SKU007,Snacks,Western Cape,Convenience,62.89,45.94,66.07,61.91,0.0,0,0,102.1,28.97,108,83,5483.8099999999995,1670.7899999999995
2025-07-01,SKU007,Snacks,KwaZulu-Natal,Hyper,62.89,45.94,67.95,66.72,0.0,0,0,102.07,28.66,155,98,6659.1,2156.9800000000005
2025-07-02,SKU007,Snacks,Western Cape,Supermarket,62.89,45.94,58.54,60.67,0.0691,1,0,101.74,28.7,147,147,8605.38,1852.2000000000003
2025-07-03,SKU007,Snacks,Gauteng,Hyper,62.89,45.94,64.35,64.43,0.0,0,0,102.09,28.7,182,135,8687.25,2485.3499999999995
2025-07-04,SKU007,Snacks,KwaZulu-Natal,Hyper,62.89,45.94,65.82,63.92,0.0,0,0,102.54,28.99,130,121,7964.219999999999,2405.4799999999996
2025-07-05,SKU007,Snacks,Gauteng,Supermarket,62.89,45.94,59.94,65.19,0.0469,1,0,101.65,28.71,199,138,8271.72,1932.0
2025-07-06,SKU007,Snacks,Gauteng,Supermarket,62.89,45.94,59.6,62.11,0.0523,0,0,102.05,28.81,93,93,5542.8,1270.3800000000003
2025-07-07,SKU007,Snacks,KwaZulu-Natal,Convenience,62.89,45.94,60.44,67.13,0.0389,0,0,101.85,28.71,94,88,5318.719999999999,1276.0
2025-07-08,SKU007,Snacks,KwaZulu-Natal,Supermarket,62.89,45.94,62.35,61.38,0.0085,0,0,101.91,28.72,132,115,7170.25,1887.1500000000003
2025-07-09,SKU007,Snacks,Gauteng,Supermarket,62.89,45.94,57.18,65.74,0.0908,1,0,101.76,28.85,173,149,8519.82,1674.7600000000002
2025-07-10,SKU007,Snacks,Gauteng,Supermarket,62.89,45.94,64.43,61.94,0.0,0,0,102.31,28.88,138,109,7022.870000000001,2015.410000000001
2025-07-11,SKU007,Snacks,Western Cape,Convenience,62.89,45.94,56.99,65.42,0.0939,0,0,101.95,28.57,139,113,6439.87,1248.6500000000005
2025-07-12,SKU007,Snacks,KwaZulu-Natal,Supermarket,62.89,45.94,63.93,61.4,0.0,0,0,102.53,28.85,143,93,5945.49,1673.0700000000002
2025-07-13,SKU007,Snacks,KwaZulu-Natal,Hyper,62.89,45.94,66.36,60.52,0.0,0,0,102.34,28.74,103,80,5308.8,1633.6000000000001
2025-07-14,SKU007,Snacks,Gauteng,Supermarket,62.89,45.94,63.72,59.6,0.0,0,0,102.25,28.63,133,95,6053.4,1689.1000000000001
2025-07-15,SKU007,Snacks,KwaZulu-Natal,Supermarket,62.89,45.94,60.62,59.7,0.0362,0,0,102.38,28.89,61,61,3697.8199999999997,895.48
2025-07-16,SKU007,Snacks,Gauteng,Supermarket,62.89,45.94,58.12,66.26,0.0758,0,0,102.0,28.6,144,131,7613.719999999999,1595.58
2025-07-17,SKU007,Snacks,Gauteng,Hyper,62.89,45.94,64.45,59.22,0.0,0,0,101.78,28.84,124,123,7927.35,2276.7300000000005
2025-07-18,SKU007,Snacks,Gauteng,Hyper,62.89,45.94,67.61,66.98,0.0,0,0,102.32,28.79,156,120,8113.2,2600.4
2025-07-19,SKU007,Snacks,Gauteng,Supermarket,62.89,45.94,56.62,62.11,0.0998,0,0,102.56,28.92,124,124,7020.88,1324.32
2025-07-20,SKU007,Snacks,KwaZulu-Natal,Supermarket,62.89,45.94,67.89,67.77,0.0,0,0,102.74,28.87,72,72,4888.08,1580.4
2025-07-21,SKU007,Snacks,Gauteng,Supermarket,62.89,45.94,54.14,63.12,0.1391,1,0,101.79,29.08,232,165,8933.1,1353.0000000000005
2025-07-22,SKU007,Snacks,Gauteng,Supermarket,62.89,45.94,59.83,64.97,0.0487,0,0,101.98,28.78,220,133,7957.389999999999,1847.3700000000001
2025-07-23,SKU007,Snacks,Gauteng,Hyper,62.89,45.94,65.67,62.42,0.0,0,0,102.03,28.93,140,107,7026.6900000000005,2111.1100000000006
2025-07-24,SKU007,Snacks,Gauteng,Supermarket,62.89,45.94,59.44,64.85,0.0548,0,0,102.45,28.81,146,146,8678.24,1971.0
2025-07-25,SKU007,Snacks,Western Cape,Supermarket,62.89,45.94,66.85,64.79,0.0,0,0,102.45,28.74,66,66,4412.099999999999,1380.0599999999997
2025-07-26,SKU007,Snacks,Western Cape,Hyper,62.89,45.94,66.31,58.93,0.0,0,0,102.03,29.03,118,106,7028.860000000001,2159.2200000000003
2025-07-27,SKU007,Snacks,Western Cape,Hyper,62.89,45.94,68.95,65.68,0.0,0,0,102.97,28.87,106,106,7308.700000000001,2439.0600000000004
2025-07-28,SKU007,Snacks,KwaZulu-Natal,Hyper,62.89,45.94,62.76,60.8,0.0021,0,0,102.52,29.06,152,127,7970.5199999999995,2136.14
2025-07-29,SKU007,Snacks,Gauteng,Supermarket,62.89,45.94,61.59,64.65,0.0207,0,0,102.0,28.98,196,145,8930.550000000001,2269.250000000001
2025-07-30,SKU007,Snacks,Western Cape,Supermarket,62.89,45.94,69.13,63.8,0.0,0,0,102.29,29.02,95,84,5806.92,1947.9599999999998
2025-07-31,SKU007,Snacks,Gauteng,Supermarket,62.89,45.94,60.43,66.98,0.0391,1,0,102.35,28.82,196,152,9185.36,2202.4800000000005
2025-08-01,SKU007,Snacks,Western Cape,Supermarket,62.89,45.94,57.84,61.64,0.0803,1,0,102.35,28.85,121,119,6882.96,1416.1000000000006
2025-08-02,SKU007,Snacks,Gauteng,Convenience,62.89,45.94,61.48,62.79,0.0224,0,0,102.37,28.94,101,92,5656.16,1429.6799999999998
2025-08-03,SKU007,Snacks,Western Cape,Supermarket,62.89,45.94,60.7,65.46,0.0349,0,0,101.96,29.33,73,73,4431.1,1077.4800000000005
2025-08-04,SKU007,Snacks,Western Cape,Supermarket,62.89,45.94,58.43,64.37,0.0709,0,0,102.21,29.12,163,129,7537.47,1611.2100000000003
2025-08-05,SKU007,Snacks,Western Cape,Convenience,62.89,45.94,68.32,65.33,0.0,0,0,102.25,28.82,85,69,4714.08,1544.2199999999998
2025-08-06,SKU007,Snacks,Gauteng,Supermarket,62.89,45.94,57.57,62.7,0.0847,0,0,101.87,29.17,209,146,8405.22,1697.9800000000005
2025-08-07,SKU007,Snacks,Gauteng,Supermarket,62.89,45.94,68.44,66.83,0.0,0,0,102.18,29.11,118,92,6296.48,2070.0
2025-08-08,SKU007,Snacks,Gauteng,Supermarket,62.89,45.94,67.15,66.28,0.0,0,0,102.91,28.92,85,85,5707.750000000001,1802.8500000000006
2025-08-09,SKU007,Snacks,KwaZulu-Natal,Convenience,62.89,45.94,68.0,61.75,0.0,0,0,103.09,29.2,57,48,3264.0,1058.88
2025-08-10,SKU007,Snacks,KwaZulu-Natal,Supermarket,62.89,45.94,65.58,63.45,0.0,0,0,102.58,29.19,125,81,5311.98,1590.8400000000001
2025-08-11,SKU007,Snacks,Gauteng,Supermarket,62.89,45.94,59.77,63.72,0.0497,0,0,102.37,29.09,113,113,6754.01,1562.7900000000006
2025-08-12,SKU007,Snacks,KwaZulu-Natal,Hyper,62.89,45.94,57.71,67.1,0.0823,0,0,102.33,29.39,204,132,7617.72,1553.6400000000003
2025-08-13,SKU007,Snacks,KwaZulu-Natal,Hyper,62.89,45.94,66.51,62.9,0.0,0,0,102.47,29.29,100,81,5387.31,1666.1700000000005
2025-08-14,SKU007,Snacks,Gauteng,Supermarket,62.89,45.94,59.94,65.28,0.0469,0,0,102.4,29.16,195,118,7072.92,1652.0
2025-08-15,SKU007,Snacks,Gauteng,Supermarket,62.89,45.94,65.5,63.93,0.0,0,0,102.3,29.42,102,86,5633.0,1682.1600000000003
2025-08-16,SKU007,Snacks,KwaZulu-Natal,Supermarket,62.89,45.94,62.98,63.75,0.0,0,0,102.47,29.21,102,87,5479.259999999999,1482.48
2025-08-17,SKU007,Snacks,Gauteng,Supermarket,62.89,45.94,55.47,65.54,0.1179,1,0,102.33,29.35,137,137,7599.389999999999,1305.6100000000001
2025-08-18,SKU007,Snacks,KwaZulu-Natal,Supermarket,62.89,45.94,68.54,62.33,0.0,0,0,101.96,29.4,93,73,5003.42,1649.8000000000006
2025-08-19,SKU007,Snacks,Gauteng,Supermarket,62.89,45.94,62.41,63.05,0.0076,0,0,102.8,29.46,126,118,7364.379999999999,1943.4599999999998
2025-08-20,SKU007,Snacks,Western Cape,Supermarket,62.89,45.94,60.11,63.0,0.0443,0,0,103.18,29.64,108,84,5049.24,1190.2800000000002
2025-08-21,SKU007,Snacks,KwaZulu-Natal,Convenience,62.89,45.94,58.66,61.13,0.0673,1,0,102.62,29.41,124,92,5396.719999999999,1170.2399999999998
2025-08-22,SKU007,Snacks,KwaZulu-Natal,Supermarket,62.89,45.94,58.3,64.73,0.0729,1,0,102.29,29.49,123,123,7170.9,1520.28
2025-08-23,SKU007,Snacks,Gauteng,Supermarket,62.89,45.94,65.18,66.46,0.0,0,0,102.39,29.58,145,115,7495.700000000001,2212.6000000000013
2025-08-24,SKU007,Snacks,Gauteng,Hyper,62.89,45.94,64.04,63.77,0.0,0,0,102.37,29.45,169,122,7812.880000000001,2208.200000000001
2025-08-25,SKU007,Snacks,Western Cape,Supermarket,62.89,45.94,58.17,63.37,0.075,0,0,102.52,29.69,147,110,6398.7,1345.3000000000004
2025-08-26,SKU007,Snacks,KwaZulu-Natal,Supermarket,62.89,45.94,61.85,62.01,0.0165,0,0,102.96,29.8,135,103,6370.55,1638.7300000000005
2025-08-27,SKU007,Snacks,Western Cape,Supermarket,62.89,45.94,67.93,64.22,0.0,0,0,102.23,29.46,73,73,4958.89,1605.2700000000007
2025-08-28,SKU007,Snacks,KwaZulu-Natal,Convenience,62.89,45.94,63.41,62.69,0.0,0,0,102.46,29.63,127,73,4628.929999999999,1275.31
2025-01-01,SKU008,Dairy,Gauteng,Hyper,77.2,43.29,74.17,73.2,0.0393,0,0,100.56,29.93,88,77,5711.09,2377.76
2025-01-02,SKU008,Dairy,KwaZulu-Natal,Supermarket,77.2,43.29,75.19,76.93,0.026,0,0,100.0,29.97,83,58,4361.0199999999995,1850.1999999999998
2025-01-03,SKU008,Dairy,Gauteng,Supermarket,77.2,43.29,72.0,75.65,0.0673,0,0,100.4,29.95,112,77,5544.0,2210.67
2025-01-04,SKU008,Dairy,Gauteng,Supermarket,77.2,43.29,82.08,81.09,0.0,0,0,100.19,30.04,89,67,5499.36,2598.93
2025-01-05,SKU008,Dairy,Western Cape,Convenience,77.2,43.29,78.24,77.15,0.0,0,0,100.29,30.23,58,51,3990.24,1782.4499999999998
2025-01-06,SKU008,Dairy,Western Cape,Supermarket,77.2,43.29,73.77,79.38,0.0445,0,0,100.05,29.98,94,66,4868.82,2011.6799999999998
2025-01-07,SKU008,Dairy,Gauteng,Convenience,77.2,43.29,81.41,74.13,0.0,0,0,100.06,30.15,54,53,4314.73,2020.36
2025-01-08,SKU008,Dairy,Gauteng,Supermarket,77.2,43.29,73.61,80.13,0.0466,0,0,99.86,30.08,83,71,5226.31,2152.72
2025-01-09,SKU008,Dairy,Western Cape,Supermarket,77.2,43.29,73.11,79.33,0.053,0,0,100.41,30.32,67,63,4605.93,1878.66
2025-01-10,SKU008,Dairy,Gauteng,Supermarket,77.2,43.29,67.48,75.29,0.1259,1,0,100.66,30.23,69,69,4656.12,1669.1100000000004
2025-01-11,SKU008,Dairy,Western Cape,Supermarket,77.2,43.29,84.77,77.63,0.0,0,0,100.33,30.46,61,53,4492.8099999999995,2198.44
2025-01-12,SKU008,Dairy,Gauteng,Convenience,77.2,43.29,70.87,83.13,0.082,0,0,99.63,30.24,76,62,4393.9400000000005,1709.9600000000003
2025-01-13,SKU008,Dairy,Gauteng,Supermarket,77.2,43.29,77.42,77.26,0.0,0,0,99.91,30.31,67,61,4722.62,2081.9300000000003
2025-01-14,SKU008,Dairy,KwaZulu-Natal,Supermarket,77.2,43.29,73.15,81.55,0.0525,0,0,100.12,30.49,52,52,3803.8,1552.7200000000003
2025-01-15,SKU008,Dairy,Western Cape,Hyper,77.2,43.29,74.39,78.15,0.0364,0,0,100.81,30.4,99,64,4760.96,1990.4
2025-01-16,SKU008,Dairy,Gauteng,Hyper,77.2,43.29,71.77,79.13,0.0703,0,0,100.22,30.49,101,79,5669.83,2249.9199999999996
2025-01-17,SKU008,Dairy,Gauteng,Supermarket,77.2,43.29,75.58,79.59,0.021,0,0,100.14,30.41,109,68,5139.44,2195.72
2025-01-18,SKU008,Dairy,Western Cape,Supermarket,77.2,43.29,71.12,78.25,0.0787,0,0,99.69,30.63,62,62,4409.4400000000005,1725.4600000000003
2025-01-19,SKU008,Dairy,Western Cape,Convenience,77.2,43.29,72.05,80.72,0.0667,0,0,100.79,30.66,64,54,3890.7,1553.04
2025-01-20,SKU008,Dairy,KwaZulu-Natal,Supermarket,77.2,43.29,82.46,78.29,0.0,0,0,100.06,30.42,83,57,4700.219999999999,2232.6899999999996
2025-01-21,SKU008,Dairy,KwaZulu-Natal,Convenience,77.2,43.29,75.57,80.65,0.0212,0,0,99.84,30.82,63,61,4609.7699999999995,1969.0799999999997
2025-01-22,SKU008,Dairy,Gauteng,Supermarket,77.2,43.29,70.52,81.53,0.0865,0,0,99.74,30.66,99,86,6064.719999999999,2341.7799999999997
2025-01-23,SKU008,Dairy,Western Cape,Convenience,77.2,43.29,82.49,81.13,0.0,0,0,99.67,30.51,44,44,3629.56,1724.7999999999997
2025-01-24,SKU008,Dairy,Western Cape,Hyper,77.2,43.29,65.65,77.37,0.1496,1,0,99.68,30.69,121,96,6302.400000000001,2146.5600000000004
2025-01-25,SKU008,Dairy,KwaZulu-Natal,Supermarket,77.2,43.29,76.88,79.19,0.0041,0,0,100.41,30.59,87,60,4612.799999999999,2015.3999999999999
2025-01-26,SKU008,Dairy,Western Cape,Supermarket,77.2,43.29,79.08,78.61,0.0,0,0,100.24,30.98,98,69,5456.5199999999995,2469.5099999999998
2025-01-27,SKU008,Dairy,KwaZulu-Natal,Hyper,77.2,43.29,73.68,79.33,0.0456,0,0,100.09,30.39,111,83,6115.4400000000005,2522.370000000001
2025-01-28,SKU008,Dairy,Western Cape,Hyper,77.2,43.29,83.01,79.37,0.0,0,0,100.25,30.65,93,76,6308.76,3018.7200000000003
2025-01-29,SKU008,Dairy,Western Cape,Supermarket,77.2,43.29,83.17,77.98,0.0,0,0,100.6,30.65,95,61,5073.37,2432.6800000000003
2025-01-30,SKU008,Dairy,Gauteng,Supermarket,77.2,43.29,73.39,79.96,0.0494,0,0,100.25,31.04,107,94,6898.66,2829.4
2025-01-31,SKU008,Dairy,Gauteng,Supermarket,77.2,43.29,71.62,79.89,0.0723,0,0,100.3,30.99,112,87,6230.9400000000005,2464.7100000000005
2025-02-01,SKU008,Dairy,Gauteng,Supermarket,77.2,43.29,76.05,78.56,0.0149,0,0,100.24,30.97,50,50,3802.5,1638.0
2025-02-02,SKU008,Dairy,KwaZulu-Natal,Convenience,77.2,43.29,76.7,80.59,0.0065,1,0,100.13,30.98,90,70,5369.0,2338.7000000000003
2025-02-03,SKU008,Dairy,Western Cape,Hyper,77.2,43.29,80.01,73.11,0.0,0,0,100.7,30.84,58,58,4640.58,2129.76
2025-02-04,SKU008,Dairy,Gauteng,Supermarket,77.2,43.29,77.93,77.0,0.0,0,0,100.4,30.99,72,66,5143.38,2286.2400000000007
2025-02-05,SKU008,Dairy,Western Cape,Supermarket,77.2,43.29,71.61,76.04,0.0724,0,0,100.41,30.96,83,74,5299.14,2095.68
2025-02-06,SKU008,Dairy,Western Cape,Supermarket,77.2,43.29,70.2,75.79,0.0907,0,0,100.06,30.92,65,65,4563.0,1749.1500000000003
2025-02-07,SKU008,Dairy,Gauteng,Convenience,77.2,43.29,77.69,79.18,0.0,1,0,100.46,31.1,106,70,5438.3,2408.0
2025-02-08,SKU008,Dairy,Western Cape,Hyper,77.2,43.29,76.15,77.72,0.0136,0,0,100.42,31.02,111,90,6853.500000000001,2957.4000000000005
2025-02-09,SKU008,Dairy,KwaZulu-Natal,Convenience,77.2,43.29,83.31,78.76,0.0,0,0,99.65,30.97,39,39,3249.09,1560.7800000000002
2025-02-10,SKU008,Dairy,Western Cape,Supermarket,77.2,43.29,79.67,80.37,0.0,0,0,100.88,30.9,71,54,4302.18,1964.5200000000002
2025-02-11,SKU008,Dairy,Western Cape,Supermarket,77.2,43.29,69.68,76.55,0.0974,0,0,100.55,31.3,88,83,5783.4400000000005,2190.370000000001
2025-02-12,SKU008,Dairy,Gauteng,Hyper,77.2,43.29,78.27,78.55,0.0,0,0,100.68,31.21,84,78,6105.0599999999995,2728.4399999999996
2025-02-13,SKU008,Dairy,KwaZulu-Natal,Supermarket,77.2,43.29,75.31,78.8,0.0245,0,0,100.2,31.04,84,57,4292.67,1825.14
2025-02-14,SKU008,Dairy,Western Cape,Supermarket,77.2,43.29,83.59,76.28,0.0,0,0,100.29,30.95,90,59,4931.81,2377.7000000000003
2025-02-15,SKU008,Dairy,Western Cape,Supermarket,77.2,43.29,81.18,78.6,0.0,0,0,100.17,31.32,93,57,4627.26,2159.7300000000005
2025-02-16,SKU008,Dairy,Gauteng,Convenience,77.2,43.29,81.62,78.73,0.0,0,0,100.73,30.84,63,61,4978.820000000001,2338.13
2025-02-17,SKU008,Dairy,Gauteng,Hyper,77.2,43.29,58.47,74.15,0.2426,1,0,100.35,31.27,196,128,7484.16,1943.04
2025-02-18,SKU008,Dairy,KwaZulu-Natal,Convenience,77.2,43.29,81.6,79.84,0.0,0,0,100.52,30.93,54,51,4161.599999999999,1953.8099999999997
2025-02-19,SKU008,Dairy,KwaZulu-Natal,Supermarket,77.2,43.29,74.11,76.49,0.0401,0,0,100.37,31.19,77,66,4891.26,2034.1200000000001
2025-02-20,SKU008,Dairy,Gauteng,Supermarket,77.2,43.29,71.33,78.13,0.076,0,0,100.85,30.96,83,76,5421.08,2131.04
2025-02-21,SKU008,Dairy,Gauteng,Supermarket,77.2,43.29,69.65,75.92,0.0978,1,0,100.42,31.09,87,83,5780.950000000001,2187.8800000000006
2025-02-22,SKU008,Dairy,KwaZulu-Natal,Supermarket,77.2,43.29,66.59,75.74,0.1374,1,0,100.77,31.33,151,94,6259.46,2190.2000000000003
2025-02-23,SKU008,Dairy,Gauteng,Hyper,77.2,43.29,70.14,75.61,0.0914,0,0,100.23,31.11,112,96,6733.4400000000005,2577.6000000000004
2025-02-24,SKU008,Dairy,KwaZulu-Natal,Supermarket,77.2,43.29,75.22,77.59,0.0256,0,0,100.55,31.2,112,75,5641.5,2394.75
2025-02-25,SKU008,Dairy,Western Cape,Convenience,77.2,43.29,79.3,76.32,0.0,0,0,100.57,31.25,59,53,4202.9,1908.53
2025-02-26,SKU008,Dairy,Gauteng,Hyper,77.2,43.29,75.09,73.53,0.0273,0,0,101.16,31.19,106,89,6683.01,2830.2000000000003
2025-02-27,SKU008,Dairy,KwaZulu-Natal,Hyper,77.2,43.29,73.14,78.96,0.0526,0,0,100.98,31.06,129,94,6875.16,2805.9
2025-02-28,SKU008,Dairy,Western Cape,Supermarket,77.2,43.29,81.51,78.53,0.0,0,0,100.29,31.25,44,44,3586.44,1681.6800000000003
2025-03-01,SKU008,Dairy,Gauteng,Convenience,77.2,43.29,75.41,79.33,0.0232,0,0,100.66,31.09,112,80,6032.799999999999,2569.6
2025-03-02,SKU008,Dairy,KwaZulu-Natal,Hyper,77.2,43.29,84.25,79.67,0.0,0,0,101.02,31.2,75,74,6234.5,3031.04
2025-03-03,SKU008,Dairy,KwaZulu-Natal,Convenience,77.2,43.29,71.71,76.44,0.0711,0,0,100.4,31.23,68,56,4015.7599999999998,1591.5199999999998
2025-03-04,SKU008,Dairy,Western Cape,Hyper,77.2,43.29,72.12,75.61,0.0658,1,0,100.45,31.16,141,99,7139.88,2854.1700000000005
2025-03-05,SKU008,Dairy,Gauteng,Hyper,77.2,43.29,79.5,80.05,0.0,0,0,100.56,31.46,115,86,6837.0,3114.06
2025-03-06,SKU008,Dairy,KwaZulu-Natal,Supermarket,77.2,43.29,78.79,75.47,0.0,0,0,100.49,31.28,57,57,4491.030000000001,2023.5000000000005
2025-03-07,SKU008,Dairy,Western Cape,Hyper,77.2,43.29,78.58,77.9,0.0,0,0,100.34,31.24,76,76,5972.08,2682.04
2025-03-08,SKU008,Dairy,KwaZulu-Natal,Convenience,77.2,43.29,84.35,79.04,0.0,0,0,100.71,31.21,53,52,4386.2,2135.12
2025-03-09,SKU008,Dairy,Gauteng,Supermarket,77.2,43.29,75.26,74.0,0.0252,0,0,100.79,31.42,80,70,5268.200000000001,2237.9000000000005
2025-03-10,SKU008,Dairy,KwaZulu-Natal,Supermarket,77.2,43.29,81.49,75.53,0.0,0,0,100.99,31.31,69,69,5622.8099999999995,2635.7999999999997
2025-03-11,SKU008,Dairy,Western Cape,Hyper,77.2,43.29,76.3,75.77,0.0116,0,0,100.69,31.12,71,71,5417.3,2343.71
2025-03-12,SKU008,Dairy,Gauteng,Hyper,77.2,43.29,64.48,76.87,0.1647,1,0,100.61,31.08,198,150,9672.0,3178.500000000001
2025-03-13,SKU008,Dairy,Gauteng,Hyper,77.2,43.29,63.88,78.2,0.1725,1,0,101.15,31.03,175,142,9070.960000000001,2923.7800000000007
2025-03-14,SKU008,Dairy,Gauteng,Convenience,77.2,43.29,78.37,79.36,0.0,0,0,101.3,31.45,65,51,3996.8700000000003,1789.0800000000004
2025-03-15,SKU008,Dairy,Gauteng,Supermarket,77.2,43.29,76.49,76.11,0.0093,0,0,100.96,31.31,109,88,6731.12,2921.5999999999995
2025-03-16,SKU008,Dairy,KwaZulu-Natal,Convenience,77.2,43.29,75.74,81.07,0.0189,0,0,100.94,31.03,77,52,3938.4799999999996,1687.3999999999999
2025-03-17,SKU008,Dairy,Gauteng,Supermarket,77.2,43.29,76.61,72.55,0.0076,0,0,101.02,31.31,101,69,5286.09,2299.08
2025-03-18,SKU008,Dairy,Gauteng,Supermarket,77.2,43.29,84.23,76.72,0.0,0,0,100.67,31.09,70,52,4379.96,2128.88
2025-03-19,SKU008,Dairy,Western Cape,Supermarket,77.2,43.29,72.89,78.08,0.0558,0,0,100.77,31.07,67,61,4446.29,1805.6000000000001
2025-03-20,SKU008,Dairy,Gauteng,Supermarket,77.2,43.29,84.35,79.85,0.0,0,0,100.77,31.19,120,69,5820.15,2833.14
2025-03-21,SKU008,Dairy,Gauteng,Supermarket,77.2,43.29,70.25,77.35,0.09,0,0,100.87,31.26,102,61,4285.25,1644.56
2025-03-22,SKU008,Dairy,KwaZulu-Natal,Supermarket,77.2,43.29,75.25,75.86,0.0253,0,0,101.4,31.21,99,71,5342.75,2269.16
2025-03-23,SKU008,Dairy,Gauteng,Supermarket,77.2,43.29,80.67,76.88,0.0,0,0,101.14,30.94,76,74,5969.58,2766.1200000000003
2025-03-24,SKU008,Dairy,Gauteng,Supermarket,77.2,43.29,82.28,76.27,0.0,0,0,100.57,30.88,75,71,5841.88,2768.29
2025-03-25,SKU008,Dairy,Gauteng,Hyper,77.2,43.29,73.13,76.94,0.0527,0,0,101.09,30.97,117,107,7824.91,3192.8799999999997
2025-03-26,SKU008,Dairy,KwaZulu-Natal,Supermarket,77.2,43.29,79.4,75.63,0.0,0,0,100.65,30.84,96,66,5240.400000000001,2383.26
2025-03-27,SKU008,Dairy,Western Cape,Convenience,77.2,43.29,72.69,77.95,0.0585,0,0,100.51,31.13,89,57,4143.33,1675.8
2025-03-28,SKU008,Dairy,Gauteng,Supermarket,77.2,43.29,79.11,79.01,0.0,0,0,100.89,31.1,72,67,5300.37,2399.94
2025-03-29,SKU008,Dairy,Gauteng,Supermarket,77.2,43.29,74.17,78.34,0.0392,0,0,100.12,31.03,131,91,6749.47,2810.0800000000004
2025-03-30,SKU008,Dairy,Gauteng,Hyper,77.2,43.29,81.88,78.43,0.0,0,0,101.36,30.94,59,59,4830.92,2276.81
2025-03-31,SKU008,Dairy,Gauteng,Supermarket,77.2,43.29,80.16,77.87,0.0,0,0,100.91,30.76,69,67,5370.719999999999,2470.29
2025-04-01,SKU008,Dairy,KwaZulu-Natal,Hyper,77.2,43.29,84.32,79.09,0.0,0,0,101.32,30.97,110,80,6745.599999999999,3282.3999999999996
2025-04-02,SKU008,Dairy,Gauteng,Supermarket,77.2,43.29,74.16,78.43,0.0394,1,0,100.28,30.88,123,93,6896.88,2870.91
2025-04-03,SKU008,Dairy,KwaZulu-Natal,Convenience,77.2,43.29,79.02,79.11,0.0,0,0,101.32,30.97,66,52,4109.04,1857.9599999999998
2025-04-04,SKU008,Dairy,Gauteng,Supermarket,77.2,43.29,70.59,78.84,0.0856,1,1,100.86,31.12,91,88,6211.92,2402.4000000000005
2025-04-05,SKU008,Dairy,Western Cape,Supermarket,77.2,43.29,80.32,76.76,0.0,0,1,100.81,31.03,93,79,6345.28,2925.3699999999994
2025-04-06,SKU008,Dairy,KwaZulu-Natal,Convenience,77.2,43.29,80.28,77.45,0.0,0,1,100.91,31.0,65,58,4656.24,2145.42
2025-04-07,SKU008,Dairy,Western Cape,Supermarket,77.2,43.29,82.79,80.63,0.0,0,0,101.02,30.76,87,64,5298.56,2528.0000000000005
2025-04-08,SKU008,Dairy,KwaZulu-Natal,Supermarket,77.2,43.29,75.47,77.29,0.0224,0,0,101.13,30.83,69,57,4301.79,1834.26
2025-04-09,SKU008,Dairy,KwaZulu-Natal,Supermarket,77.2,43.29,71.54,73.63,0.0733,0,0,100.76,30.68,81,77,5508.580000000001,2175.2500000000005
2025-04-10,SKU008,Dairy,Western Cape,Supermarket,77.2,43.29,74.61,74.24,0.0336,0,0,101.3,30.66,94,73,5446.53,2286.36
2025-04-11,SKU008,Dairy,Western Cape,Hyper,77.2,43.29,78.31,79.44,0.0,0,1,101.2,30.86,131,90,7047.900000000001,3151.8
2025-04-12,SKU008,Dairy,KwaZulu-Natal,Hyper,77.2,43.29,72.45,80.88,0.0615,0,1,100.87,30.65,104,93,6737.85,2711.8800000000006
2025-04-13,SKU008,Dairy,Gauteng,Supermarket,77.2,43.29,84.42,79.52,0.0,0,1,101.72,30.44,94,74,6247.08,3043.6200000000003
2025-04-14,SKU008,Dairy,KwaZulu-Natal,Convenience,77.2,43.29,82.31,78.8,0.0,0,0,100.85,30.62,34,34,2798.54,1326.68
2025-04-15,SKU008,Dairy,KwaZulu-Natal,Convenience,77.2,43.29,70.8,77.78,0.0829,0,0,101.28,30.77,61,56,3964.7999999999997,1540.56
2025-04-16,SKU008,Dairy,Western Cape,Convenience,77.2,43.29,83.35,73.81,0.0,0,0,101.05,30.5,81,52,4334.2,2083.12
2025-04-17,SKU008,Dairy,KwaZulu-Natal,Convenience,77.2,43.29,83.07,73.7,0.0,0,0,101.42,30.58,67,47,3904.2899999999995,1869.6599999999996
2025-04-18,SKU008,Dairy,Gauteng,Convenience,77.2,43.29,75.7,79.79,0.0194,1,1,101.21,30.81,94,77,5828.900000000001,2495.57
2025-04-19,SKU008,Dairy,KwaZulu-Natal,Supermarket,77.2,43.29,71.96,80.85,0.0679,0,1,101.15,30.32,65,65,4677.4,1863.5499999999997
2025-04-20,SKU008,Dairy,Western Cape,Supermarket,77.2,43.29,73.12,79.18,0.0529,0,1,101.05,30.35,94,78,5703.360000000001,2326.7400000000002
2025-04-21,SKU008,Dairy,Gauteng,Supermarket,77.2,43.29,82.4,74.39,0.0,0,0,101.07,30.39,74,73,6015.200000000001,2855.0300000000007
2025-04-22,SKU008,Dairy,KwaZulu-Natal,Supermarket,77.2,43.29,77.17,73.39,0.0004,0,0,101.62,30.35,71,55,4244.35,1863.4
2025-04-23,SKU008,Dairy,Gauteng,Supermarket,77.2,43.29,83.71,77.49,0.0,0,0,101.22,30.22,61,53,4436.63,2142.2599999999998
2025-04-24,SKU008,Dairy,KwaZulu-Natal,Hyper,77.2,43.29,76.66,78.02,0.007,0,0,101.25,30.1,128,89,6822.74,2969.93
2025-04-25,SKU008,Dairy,Gauteng,Hyper,77.2,43.29,80.02,76.06,0.0,0,1,101.32,30.32,133,89,7121.78,3268.97
2025-04-26,SKU008,Dairy,Western Cape,Supermarket,77.2,43.29,77.19,77.44,0.0001,0,1,101.03,30.4,97,71,5480.49,2406.9
2025-04-27,SKU008,Dairy,Gauteng,Convenience,77.2,43.29,75.82,76.32,0.0179,0,1,101.27,30.18,86,72,5459.039999999999,2342.1599999999994
2025-04-28,SKU008,Dairy,Western Cape,Hyper,77.2,43.29,84.47,84.11,0.0,0,0,101.49,30.23,94,67,5659.49,2759.06
2025-04-29,SKU008,Dairy,Gauteng,Hyper,77.2,43.29,79.51,75.57,0.0,0,0,101.62,30.15,99,88,6996.88,3187.3600000000006
2025-04-30,SKU008,Dairy,Western Cape,Supermarket,77.2,43.29,77.22,84.4,0.0,0,0,100.93,29.95,77,77,5945.94,2612.61
2025-05-01,SKU008,Dairy,Gauteng,Convenience,77.2,43.29,71.38,78.31,0.0754,0,0,101.73,30.28,114,74,5282.12,2078.66
2025-05-02,SKU008,Dairy,KwaZulu-Natal,Supermarket,77.2,43.29,75.5,77.45,0.0221,0,0,100.99,29.98,98,79,5964.5,2544.59
2025-05-03,SKU008,Dairy,Western Cape,Supermarket,77.2,43.29,58.47,74.86,0.2426,1,0,101.72,30.01,135,118,6899.46,1791.24
2025-05-04,SKU008,Dairy,Gauteng,Supermarket,77.2,43.29,80.62,76.44,0.0,0,0,101.83,30.11,78,67,5401.54,2501.1100000000006
2025-05-05,SKU008,Dairy,Western Cape,Supermarket,77.2,43.29,72.29,78.26,0.0636,1,0,101.24,29.8,95,95,6867.55,2755.0000000000005
2025-05-06,SKU008,Dairy,Western Cape,Supermarket,77.2,43.29,83.79,79.54,0.0,0,0,101.57,30.0,52,52,4357.08,2106.0000000000005
2025-05-07,SKU008,Dairy,Gauteng,Supermarket,77.2,43.29,77.28,77.91,0.0,0,0,101.09,30.14,75,65,5023.2,2209.35
2025-05-08,SKU008,Dairy,Gauteng,Supermarket,77.2,43.29,79.88,77.8,0.0,0,0,101.29,29.96,97,71,5671.48,2597.89
2025-05-09,SKU008,Dairy,KwaZulu-Natal,Supermarket,77.2,43.29,74.73,77.34,0.032,0,0,101.13,29.87,40,40,2989.2000000000003,1257.6000000000001
2025-05-10,SKU008,Dairy,KwaZulu-Natal,Supermarket,77.2,43.29,72.81,77.9,0.0569,0,0,101.08,30.11,83,65,4732.650000000001,1918.8000000000002
2025-05-11,SKU008,Dairy,KwaZulu-Natal,Hyper,77.2,43.29,79.69,74.09,0.0,0,0,101.33,29.77,73,71,5657.99,2584.4
2025-05-12,SKU008,Dairy,KwaZulu-Natal,Supermarket,77.2,43.29,76.58,80.24,0.0081,0,0,101.52,29.56,54,54,4135.32,1797.6599999999999
2025-05-13,SKU008,Dairy,KwaZulu-Natal,Hyper,77.2,43.29,65.71,72.61,0.1489,1,0,100.73,29.78,114,110,7228.099999999999,2466.1999999999994
2025-05-14,SKU008,Dairy,KwaZulu-Natal,Supermarket,77.2,43.29,76.36,78.18,0.0109,0,0,101.3,29.86,63,63,4810.68,2083.41
2025-05-15,SKU008,Dairy,Gauteng,Supermarket,77.2,43.29,78.11,80.08,0.0,0,0,101.04,29.84,89,77,6014.47,2681.14
2025-05-16,SKU008,Dairy,KwaZulu-Natal,Supermarket,77.2,43.29,80.53,79.71,0.0,0,0,101.41,29.7,62,57,4590.21,2122.6800000000003
2025-05-17,SKU008,Dairy,Western Cape,Supermarket,77.2,43.29,76.51,79.37,0.0089,0,0,101.4,29.62,58,58,4437.58,1926.7600000000004
2025-05-18,SKU008,Dairy,KwaZulu-Natal,Supermarket,77.2,43.29,81.71,77.4,0.0,0,0,101.56,29.54,75,59,4820.889999999999,2266.7799999999997
2025-05-19,SKU008,Dairy,Gauteng,Supermarket,77.2,43.29,77.87,78.0,0.0,0,0,101.64,29.26,75,68,5295.16,2351.4400000000005
2025-05-20,SKU008,Dairy,KwaZulu-Natal,Convenience,77.2,43.29,78.34,79.12,0.0,0,0,101.77,29.67,53,53,4152.02,1857.6500000000003
2025-05-21,SKU008,Dairy,KwaZulu-Natal,Supermarket,77.2,43.29,72.11,78.92,0.066,0,0,101.82,29.38,90,58,4182.38,1671.56
2025-05-22,SKU008,Dairy,KwaZulu-Natal,Supermarket,77.2,43.29,73.33,80.84,0.0501,0,0,101.43,29.64,77,63,4619.79,1892.52
2025-05-23,SKU008,Dairy,Gauteng,Hyper,77.2,43.29,77.12,77.84,0.0011,0,0,101.44,29.42,99,74,5706.88,2503.4200000000005
2025-05-24,SKU008,Dairy,Western Cape,Supermarket,77.2,43.29,76.92,78.91,0.0036,0,0,101.35,29.72,75,61,4692.12,2051.4300000000003
2025-05-25,SKU008,Dairy,KwaZulu-Natal,Hyper,77.2,43.29,75.77,80.72,0.0186,0,0,101.6,29.39,92,81,6137.37,2630.8799999999997
2025-05-26,SKU008,Dairy,Gauteng,Convenience,77.2,43.29,71.36,75.53,0.0756,1,0,101.01,29.38,122,82,5851.5199999999995,2301.7400000000002
2025-05-27,SKU008,Dairy,Gauteng,Convenience,77.2,43.29,70.18,78.08,0.091,0,0,101.29,29.06,65,65,4561.700000000001,1747.8500000000006
2025-05-28,SKU008,Dairy,Gauteng,Hyper,77.2,43.29,79.29,79.58,0.0,0,0,101.1,29.51,98,86,6818.9400000000005,3096.0000000000005
2025-05-29,SKU008,Dairy,KwaZulu-Natal,Convenience,77.2,43.29,74.56,84.12,0.0341,0,0,101.78,29.41,77,58,4324.4800000000005,1813.66
2025-05-30,SKU008,Dairy,KwaZulu-Natal,Supermarket,77.2,43.29,74.31,81.71,0.0374,0,0,101.83,29.37,102,79,5870.49,2450.5800000000004
2025-05-31,SKU008,Dairy,Western Cape,Supermarket,77.2,43.29,75.59,79.08,0.0209,0,0,101.75,29.28,74,71,5366.89,2293.3
2025-06-01,SKU008,Dairy,Western Cape,Convenience,77.2,43.29,80.11,78.26,0.0,0,0,101.69,29.39,70,53,4245.83,1951.46
2025-06-02,SKU008,Dairy,Gauteng,Supermarket,77.2,43.29,72.43,79.19,0.0618,0,0,101.8,29.39,83,83,6011.6900000000005,2418.620000000001
2025-06-03,SKU008,Dairy,Gauteng,Convenience,77.2,43.29,82.17,76.12,0.0,0,0,101.86,29.19,76,56,4601.52,2177.28
2025-06-04,SKU008,Dairy,Western Cape,Supermarket,77.2,43.29,84.27,75.13,0.0,0,0,101.97,29.36,58,49,4129.23,2008.0199999999998
2025-06-05,SKU008,Dairy,Western Cape,Hyper,77.2,43.29,81.48,82.09,0.0,0,0,101.7,29.22,81,60,4888.8,2291.4
2025-06-06,SKU008,Dairy,Gauteng,Supermarket,77.2,43.29,75.9,78.77,0.0168,0,0,101.75,29.29,75,53,4022.7000000000003,1728.3300000000004
2025-06-07,SKU008,Dairy,Western Cape,Supermarket,77.2,43.29,74.89,79.48,0.0299,0,0,101.7,29.23,79,76,5691.64,2401.6
2025-06-08,SKU008,Dairy,Gauteng,Hyper,77.2,43.29,77.32,76.76,0.0,0,0,101.52,29.24,101,73,5644.36,2484.1899999999996
2025-06-09,SKU008,Dairy,Gauteng,Supermarket,77.2,43.29,68.59,80.35,0.1116,1,0,101.18,28.73,98,98,6721.820000000001,2479.4000000000005
2025-06-10,SKU008,Dairy,Gauteng,Convenience,77.2,43.29,76.32,77.29,0.0113,0,0,101.76,28.91,85,55,4197.599999999999,1816.6499999999996
2025-06-11,SKU008,Dairy,Western Cape,Supermarket,77.2,43.29,81.44,72.73,0.0,0,0,101.44,28.79,63,53,4316.32,2021.9499999999998
2025-06-12,SKU008,Dairy,KwaZulu-Natal,Supermarket,77.2,43.29,76.13,76.17,0.0139,0,0,101.43,29.08,67,55,4187.15,1806.1999999999998
2025-06-13,SKU008,Dairy,Western Cape,Supermarket,77.2,43.29,75.54,82.59,0.0215,0,0,102.03,28.87,71,55,4154.700000000001,1773.7500000000005
2025-06-14,SKU008,Dairy,Western Cape,Supermarket,77.2,43.29,72.78,79.56,0.0572,1,0,101.73,28.9,111,82,5967.96,2418.1800000000003
2025-06-15,SKU008,Dairy,Gauteng,Supermarket,77.2,43.29,74.41,75.74,0.0361,0,0,101.72,28.93,92,66,4911.0599999999995,2053.9199999999996
2025-06-16,SKU008,Dairy,Gauteng,Convenience,77.2,43.29,78.66,74.05,0.0,1,0,101.6,28.83,63,58,4562.28,2051.46
2025-06-17,SKU008,Dairy,Western Cape,Convenience,77.2,43.29,79.62,79.69,0.0,0,0,102.13,28.93,44,44,3503.28,1598.5200000000002
2025-06-18,SKU008,Dairy,Gauteng,Supermarket,77.2,43.29,80.02,81.79,0.0,0,0,101.97,29.2,92,67,5361.34,2460.91
2025-06-19,SKU008,Dairy,Gauteng,Supermarket,77.2,43.29,80.92,76.0,0.0,0,0,101.52,29.13,72,52,4207.84,1956.7600000000002
2025-06-20,SKU008,Dairy,Gauteng,Hyper,77.2,43.29,81.08,70.97,0.0,0,0,101.69,28.74,81,80,6486.4,3023.2
2025-06-21,SKU008,Dairy,Gauteng,Supermarket,77.2,43.29,75.97,74.92,0.016,0,0,101.67,28.97,91,69,5241.93,2254.92
2025-06-22,SKU008,Dairy,Western Cape,Convenience,77.2,43.29,70.55,82.35,0.0861,0,0,102.12,28.87,61,59,4162.45,1608.34
2025-06-23,SKU008,Dairy,Western Cape,Supermarket,77.2,43.29,83.25,75.44,0.0,0,0,102.27,28.79,63,62,5161.5,2477.52
2025-06-24,SKU008,Dairy,Gauteng,Supermarket,77.2,43.29,60.87,78.45,0.2115,1,0,102.37,28.83,135,98,5965.259999999999,1722.84
2025-06-25,SKU008,Dairy,KwaZulu-Natal,Supermarket,77.2,43.29,82.35,76.91,0.0,0,0,101.65,28.89,77,55,4529.25,2148.2999999999997
2025-06-26,SKU008,Dairy,KwaZulu-Natal,Supermarket,77.2,43.29,72.64,80.0,0.0591,0,0,101.85,28.55,91,74,5375.36,2171.9
2025-06-27,SKU008,Dairy,KwaZulu-Natal,Supermarket,77.2,43.29,80.12,79.76,0.0,0,0,101.74,28.8,68,55,4406.6,2025.6500000000003
2025-06-28,SKU008,Dairy,Western Cape,Supermarket,77.2,43.29,74.9,74.2,0.0298,1,0,101.75,28.91,99,80,5992.0,2528.8000000000006
2025-06-29,SKU008,Dairy,KwaZulu-Natal,Supermarket,77.2,43.29,79.89,76.45,0.0,0,0,102.43,28.7,94,63,5033.07,2305.8
2025-06-30,SKU008,Dairy,Western Cape,Convenience,77.2,43.29,71.53,74.81,0.0735,0,0,101.21,28.85,54,54,3862.62,1524.96
2025-07-01,SKU008,Dairy,KwaZulu-Natal,Supermarket,77.2,43.29,84.17,77.41,0.0,0,0,101.85,29.11,60,47,3955.9900000000002,1921.3600000000001
2025-07-02,SKU008,Dairy,Gauteng,Hyper,77.2,43.29,82.81,76.59,0.0,0,0,102.07,28.57,96,80,6624.8,3161.6000000000004
2025-07-03,SKU008,Dairy,Western Cape,Supermarket,77.2,43.29,79.19,73.97,0.0,0,0,102.34,29.02,63,53,4197.07,1902.6999999999998
2025-07-04,SKU008,Dairy,KwaZulu-Natal,Convenience,77.2,43.29,76.09,74.77,0.0143,0,0,102.38,28.99,65,50,3804.5,1640.0000000000002
2025-07-05,SKU008,Dairy,KwaZulu-Natal,Convenience,77.2,43.29,69.63,74.48,0.0981,1,0,102.6,28.91,57,45,3133.35,1185.2999999999997
2025-07-06,SKU008,Dairy,KwaZulu-Natal,Supermarket,77.2,43.29,79.46,75.73,0.0,0,0,102.02,28.72,55,55,4370.299999999999,1989.3499999999997
2025-07-07,SKU008,Dairy,Gauteng,Supermarket,77.2,43.29,84.58,74.22,0.0,0,0,102.31,28.97,41,41,3467.7799999999997,1692.8899999999999
2025-07-08,SKU008,Dairy,Western Cape,Supermarket,77.2,43.29,75.68,77.5,0.0196,0,0,101.84,28.75,75,59,4465.120000000001,1911.0100000000004
2025-07-09,SKU008,Dairy,Gauteng,Supermarket,77.2,43.29,71.43,75.34,0.0747,0,0,101.65,28.94,115,69,4928.67,1941.6600000000005
2025-07-10,SKU008,Dairy,Gauteng,Supermarket,77.2,43.29,80.46,82.3,0.0,0,0,102.09,28.43,56,56,4505.759999999999,2081.5199999999995
2025-07-11,SKU008,Dairy,Gauteng,Supermarket,77.2,43.29,83.36,79.35,0.0,0,0,101.57,28.85,68,55,4584.8,2203.85
2025-07-12,SKU008,Dairy,Western Cape,Supermarket,77.2,43.29,68.19,78.07,0.1167,1,0,102.1,28.85,76,66,4500.54,1643.3999999999999
2025-07-13,SKU008,Dairy,Gauteng,Supermarket,77.2,43.29,75.12,76.98,0.0269,0,0,102.3,28.85,101,63,4732.56,2005.2900000000004
2025-07-14,SKU008,Dairy,Gauteng,Supermarket,77.2,43.29,69.75,74.44,0.0965,0,0,101.91,28.85,123,73,5091.75,1931.5800000000002
2025-07-15,SKU008,Dairy,Western Cape,Convenience,77.2,43.29,77.37,78.43,0.0,0,0,102.58,28.69,50,42,3249.54,1431.3600000000001
2025-07-16,SKU008,Dairy,KwaZulu-Natal,Hyper,77.2,43.29,70.59,78.84,0.0857,0,0,102.28,28.78,121,68,4800.12,1856.4000000000003
2025-07-17,SKU008,Dairy,KwaZulu-Natal,Hyper,77.2,43.29,77.07,77.31,0.0017,0,0,102.06,28.84,79,59,4547.129999999999,1993.0199999999998
2025-07-18,SKU008,Dairy,Western Cape,Hyper,77.2,43.29,75.6,77.79,0.0207,0,0,102.12,28.93,89,73,5518.799999999999,2358.6299999999997
2025-07-19,SKU008,Dairy,Gauteng,Supermarket,77.2,43.29,79.96,77.35,0.0,0,0,102.41,28.92,74,54,4317.839999999999,1980.1799999999996
2025-07-20,SKU008,Dairy,KwaZulu-Natal,Supermarket,77.2,43.29,83.2,75.25,0.0,0,0,102.21,28.67,55,45,3744.0,1795.9500000000003
2025-07-21,SKU008,Dairy,KwaZulu-Natal,Hyper,77.2,43.29,73.2,74.13,0.0518,0,0,102.27,28.74,70,66,4831.2,1974.0600000000002
2025-07-22,SKU008,Dairy,KwaZulu-Natal,Supermarket,77.2,43.29,77.91,75.87,0.0,0,0,102.52,29.01,88,59,4596.69,2042.58
2025-07-23,SKU008,Dairy,Western Cape,Supermarket,77.2,43.29,72.15,76.77,0.0655,0,0,102.69,28.65,61,61,4401.150000000001,1760.4600000000005
2025-07-24,SKU008,Dairy,Western Cape,Convenience,77.2,43.29,77.66,78.68,0.0,0,0,102.48,29.03,61,42,3261.72,1443.54
2025-07-25,SKU008,Dairy,Western Cape,Hyper,77.2,43.29,73.65,79.96,0.046,1,0,102.33,28.78,79,74,5450.1,2246.6400000000003
2025-07-26,SKU008,Dairy,Western Cape,Supermarket,77.2,43.29,75.8,80.55,0.0181,1,0,102.23,28.8,63,62,4699.599999999999,2015.62
2025-07-27,SKU008,Dairy,Gauteng,Supermarket,77.2,43.29,72.85,80.04,0.0564,0,0,102.3,28.87,56,56,4079.5999999999995,1655.3599999999997
2025-07-28,SKU008,Dairy,Gauteng,Supermarket,77.2,43.29,84.15,78.76,0.0,0,0,102.45,28.97,76,54,4544.1,2206.4400000000005
2025-07-29,SKU008,Dairy,Gauteng,Hyper,77.2,43.29,82.02,75.54,0.0,0,0,102.05,29.09,65,59,4839.179999999999,2285.0699999999997
2025-07-30,SKU008,Dairy,Gauteng,Convenience,77.2,43.29,63.2,73.68,0.1813,1,0,102.24,29.18,126,80,5056.0,1592.8000000000002
2025-07-31,SKU008,Dairy,Gauteng,Supermarket,77.2,43.29,75.88,78.54,0.0171,0,0,101.52,29.07,108,84,6373.92,2737.5599999999995
2025-08-01,SKU008,Dairy,Gauteng,Convenience,77.2,43.29,74.45,81.27,0.0356,0,0,102.07,29.16,74,59,4392.55,1838.4400000000003
2025-08-02,SKU008,Dairy,KwaZulu-Natal,Convenience,77.2,43.29,83.22,75.8,0.0,0,0,102.74,29.02,51,43,3578.46,1716.99
2025-08-03,SKU008,Dairy,Western Cape,Convenience,77.2,43.29,70.86,81.34,0.0821,0,0,102.77,29.0,78,55,3897.3,1516.35
2025-08-04,SKU008,Dairy,Western Cape,Supermarket,77.2,43.29,80.75,77.3,0.0,0,0,102.36,28.88,47,47,3795.25,1760.6200000000001
2025-08-05,SKU008,Dairy,Gauteng,Hyper,77.2,43.29,71.58,76.77,0.0728,0,0,102.09,29.21,72,72,5153.76,2036.8799999999999
2025-08-06,SKU008,Dairy,KwaZulu-Natal,Convenience,77.2,43.29,74.54,79.1,0.0345,0,0,102.0,28.9,38,38,2832.5200000000004,1187.5000000000002
2025-08-07,SKU008,Dairy,Gauteng,Supermarket,77.2,43.29,80.66,77.08,0.0,0,0,102.31,29.1,57,54,4355.639999999999,2017.9799999999998
2025-08-08,SKU008,Dairy,Gauteng,Supermarket,77.2,43.29,80.43,76.04,0.0,0,0,102.36,29.25,60,51,4101.93,1894.1400000000003
2025-08-09,SKU008,Dairy,Western Cape,Supermarket,77.2,43.29,80.97,73.62,0.0,0,0,102.69,29.18,57,54,4372.38,2034.72
2025-08-10,SKU008,Dairy,KwaZulu-Natal,Hyper,77.2,43.29,74.01,79.65,0.0413,0,0,103.0,29.18,87,54,3996.5400000000004,1658.8800000000003
2025-08-11,SKU008,Dairy,Gauteng,Supermarket,77.2,43.29,72.03,77.74,0.067,0,0,103.02,29.17,103,68,4898.04,1954.3200000000002
2025-08-12,SKU008,Dairy,Gauteng,Supermarket,77.2,43.29,70.78,76.31,0.0832,0,0,102.33,29.35,66,53,3751.34,1456.97
2025-08-13,SKU008,Dairy,Gauteng,Supermarket,77.2,43.29,70.46,76.36,0.0873,1,0,102.77,29.4,129,80,5636.799999999999,2173.5999999999995
2025-08-14,SKU008,Dairy,Western Cape,Convenience,77.2,43.29,73.93,77.09,0.0424,0,0,102.03,29.27,51,40,2957.2000000000003,1225.6000000000004
2025-08-15,SKU008,Dairy,KwaZulu-Natal,Hyper,77.2,43.29,80.32,77.81,0.0,0,0,102.71,29.3,94,57,4578.24,2110.7099999999996
2025-08-16,SKU008,Dairy,Gauteng,Supermarket,77.2,43.29,84.2,75.47,0.0,0,0,102.95,29.55,62,47,3957.4,1922.7700000000002
2025-08-17,SKU008,Dairy,Western Cape,Hyper,77.2,43.29,70.25,74.93,0.09,0,0,102.46,29.31,80,72,5058.0,1941.1200000000001
2025-08-18,SKU008,Dairy,Western Cape,Supermarket,77.2,43.29,68.24,76.36,0.1161,1,0,102.79,29.47,64,64,4367.36,1596.7999999999997
2025-08-19,SKU008,Dairy,Gauteng,Supermarket,77.2,43.29,73.49,79.31,0.048,0,0,102.84,29.41,62,53,3894.97,1600.5999999999997
2025-08-20,SKU008,Dairy,Western Cape,Supermarket,77.2,43.29,79.9,78.14,0.0,0,0,102.13,29.53,69,46,3675.4,1684.0600000000004
2025-08-21,SKU008,Dairy,Gauteng,Hyper,77.2,43.29,82.92,75.55,0.0,0,0,102.91,29.45,75,55,4560.6,2179.65
2025-08-22,SKU008,Dairy,Gauteng,Supermarket,77.2,43.29,80.42,76.3,0.0,0,0,102.64,29.41,90,60,4825.2,2227.8
2025-08-23,SKU008,Dairy,Gauteng,Hyper,77.2,43.29,77.01,77.46,0.0025,0,0,102.29,29.54,88,62,4774.62,2090.6400000000003
2025-08-24,SKU008,Dairy,Gauteng,Supermarket,77.2,43.29,82.34,74.96,0.0,0,0,102.37,29.44,61,57,4693.38,2225.8500000000004
2025-08-25,SKU008,Dairy,KwaZulu-Natal,Convenience,77.2,43.29,79.54,80.52,0.0,0,0,102.76,29.52,38,38,3022.5200000000004,1377.5000000000002
2025-08-26,SKU008,Dairy,Gauteng,Convenience,77.2,43.29,75.04,80.56,0.028,1,0,102.49,29.48,76,55,4127.200000000001,1746.2500000000005
2025-08-27,SKU008,Dairy,KwaZulu-Natal,Convenience,77.2,43.29,73.09,78.19,0.0533,0,0,102.77,29.84,44,40,2923.6000000000004,1192.0000000000002
2025-08-28,SKU008,Dairy,Gauteng,Convenience,77.2,43.29,78.98,73.33,0.0,0,0,103.0,29.56,84,46,3633.0800000000004,1641.7400000000002
2025-01-01,SKU009,Household,Gauteng,Convenience,21.83,16.77,21.41,21.08,0.0191,0,0,99.5,30.2,178,137,2933.17,635.6800000000001
2025-01-02,SKU009,Household,KwaZulu-Natal,Supermarket,21.83,16.77,23.33,21.6,0.0,0,0,100.39,29.93,202,146,3406.18,957.7599999999998
2025-01-03,SKU009,Household,Western Cape,Convenience,21.83,16.77,23.01,23.22,0.0,0,0,99.95,30.16,153,124,2853.2400000000002,773.7600000000002
2025-01-04,SKU009,Household,Western Cape,Supermarket,21.83,16.77,23.38,23.65,0.0,0,0,100.45,30.17,155,155,3623.8999999999996,1024.55
2025-01-05,SKU009,Household,Gauteng,Hyper,21.83,16.77,17.91,23.27,0.1797,1,0,99.68,30.06,384,279,4996.89,318.0600000000002
2025-01-06,SKU009,Household,KwaZulu-Natal,Supermarket,21.83,16.77,20.02,22.43,0.083,1,0,100.36,29.82,202,178,3563.56,578.5
2025-01-07,SKU009,Household,Gauteng,Supermarket,21.83,16.77,23.15,21.97,0.0,0,0,100.27,30.03,264,177,4097.55,1129.2599999999998
2025-01-08,SKU009,Household,Gauteng,Convenience,21.83,16.77,20.84,22.36,0.0454,1,0,99.87,30.13,176,152,3167.68,618.6400000000001
2025-01-09,SKU009,Household,Gauteng,Supermarket,21.83,16.77,23.39,22.88,0.0,0,0,99.71,30.14,240,160,3742.4,1059.2000000000003
2025-01-10,SKU009,Household,Western Cape,Convenience,21.83,16.77,23.97,21.62,0.0,0,0,100.06,30.14,129,117,2804.49,842.3999999999999
2025-01-11,SKU009,Household,Gauteng,Supermarket,21.83,16.77,21.56,23.34,0.0123,0,0,99.86,30.28,261,164,3535.8399999999997,785.5599999999998
2025-01-12,SKU009,Household,KwaZulu-Natal,Supermarket,21.83,16.77,20.96,23.28,0.0399,0,0,99.53,30.39,129,129,2703.84,540.5100000000002
2025-01-13,SKU009,Household,Western Cape,Convenience,21.83,16.77,19.75,22.33,0.0954,0,0,100.38,30.4,182,133,2626.75,396.34000000000003
2025-01-14,SKU009,Household,Gauteng,Supermarket,21.83,16.77,20.32,22.23,0.0692,1,0,100.03,30.59,248,210,4267.2,745.5000000000001
2025-01-15,SKU009,Household,Gauteng,Supermarket,21.83,16.77,20.62,21.97,0.0553,0,0,100.21,30.56,275,200,4124.0,770.0000000000002
2025-01-16,SKU009,Household,Gauteng,Supermarket,21.83,16.77,21.42,22.9,0.0188,0,0,100.63,30.42,263,176,3769.92,818.4000000000003
2025-01-17,SKU009,Household,KwaZulu-Natal,Supermarket,21.83,16.77,21.69,22.3,0.0063,0,0,100.01,30.5,206,160,3470.4,787.2000000000003
2025-01-18,SKU009,Household,Western Cape,Convenience,21.83,16.77,20.88,21.88,0.0435,0,0,100.52,30.43,163,119,2484.72,489.0899999999999
2025-01-19,SKU009,Household,Western Cape,Supermarket,21.83,16.77,22.38,23.32,0.0,0,0,100.46,30.55,170,170,3804.6,953.6999999999999
2025-01-20,SKU009,Household,Gauteng,Supermarket,21.83,16.77,21.22,22.47,0.0281,0,0,100.33,30.41,188,171,3628.62,760.9499999999999
2025-01-21,SKU009,Household,Gauteng,Supermarket,21.83,16.77,22.21,23.33,0.0,0,0,99.96,30.56,159,159,3531.3900000000003,864.9600000000002
2025-01-22,SKU009,Household,KwaZulu-Natal,Supermarket,21.83,16.77,23.3,23.2,0.0,0,0,100.38,30.62,125,125,2912.5,816.2500000000001
2025-01-23,SKU009,Household,KwaZulu-Natal,Supermarket,21.83,16.77,22.28,22.19,0.0,0,0,100.3,30.55,168,154,3431.1200000000003,848.5400000000002
2025-01-24,SKU009,Household,Western Cape,Supermarket,21.83,16.77,22.47,22.03,0.0,0,0,99.75,30.93,168,154,3460.3799999999997,877.7999999999998
2025-01-25,SKU009,Household,Western Cape,Hyper,21.83,16.77,23.88,22.81,0.0,0,0,99.84,30.96,141,141,3367.08,1002.5099999999999
2025-01-26,SKU009,Household,Western Cape,Hyper,21.83,16.77,23.91,22.53,0.0,0,0,100.28,30.7,185,153,3658.23,1092.42
2025-01-27,SKU009,Household,Gauteng,Supermarket,21.83,16.77,19.72,22.28,0.0964,0,0,100.84,30.62,269,195,3845.3999999999996,575.2499999999999
2025-01-28,SKU009,Household,KwaZulu-Natal,Supermarket,21.83,16.77,19.03,22.73,0.1284,1,0,100.7,30.98,368,202,3844.0600000000004,456.5200000000003
2025-01-29,SKU009,Household,Gauteng,Supermarket,21.83,16.77,16.93,21.98,0.2247,1,0,100.17,31.01,343,279,4723.47,44.64000000000004
2025-01-30,SKU009,Household,Gauteng,Supermarket,21.83,16.77,21.23,23.28,0.0276,0,0,100.15,30.65,216,216,4585.68,963.3600000000001
2025-01-31,SKU009,Household,Western Cape,Supermarket,21.83,16.77,21.82,22.87,0.0005,0,0,100.38,30.93,271,194,4233.08,979.7000000000002
2025-02-01,SKU009,Household,Western Cape,Supermarket,21.83,16.77,21.15,22.34,0.031,0,0,100.52,31.01,224,196,4145.4,858.4799999999998
2025-02-02,SKU009,Household,Gauteng,Convenience,21.83,16.77,23.86,22.33,0.0,0,0,100.96,30.87,134,109,2600.74,772.81
2025-02-03,SKU009,Household,Gauteng,Hyper,21.83,16.77,21.24,23.13,0.0272,0,0,100.36,30.97,296,243,5161.32,1086.2099999999998
2025-02-04,SKU009,Household,Gauteng,Supermarket,21.83,16.77,22.28,23.11,0.0,0,0,100.04,30.54,189,185,4121.8,1019.3500000000003
2025-02-05,SKU009,Household,KwaZulu-Natal,Convenience,21.83,16.77,20.82,23.07,0.0465,1,0,100.86,31.02,158,158,3289.56,639.9000000000001
2025-02-06,SKU009,Household,Gauteng,Convenience,21.83,16.77,20.17,22.12,0.0762,0,0,100.32,30.86,211,161,3247.3700000000003,547.4000000000003
2025-02-07,SKU009,Household,Western Cape,Supermarket,21.83,16.77,19.43,23.43,0.11,1,0,100.29,31.11,237,233,4527.19,619.7800000000001
2025-02-08,SKU009,Household,Western Cape,Supermarket,21.83,16.77,20.59,22.61,0.0568,0,0,100.22,30.92,351,206,4241.54,786.9200000000001
2025-02-09,SKU009,Household,Western Cape,Supermarket,21.83,16.77,23.35,22.9,0.0,0,0,100.22,30.77,151,151,3525.8500000000004,993.5800000000003
2025-02-10,SKU009,Household,Gauteng,Supermarket,21.83,16.77,18.4,24.26,0.157,1,0,100.25,30.8,168,168,3091.2,273.8399999999998
2025-02-11,SKU009,Household,Gauteng,Supermarket,21.83,16.77,22.54,21.88,0.0,0,0,100.49,30.82,215,172,3876.8799999999997,992.4399999999999
2025-02-12,SKU009,Household,Western Cape,Supermarket,21.83,16.77,23.58,23.43,0.0,0,0,100.53,31.11,103,103,2428.74,701.4299999999998
2025-02-13,SKU009,Household,Gauteng,Supermarket,21.83,16.77,21.41,22.63,0.019,0,0,100.59,31.0,274,180,3853.8,835.2
2025-02-14,SKU009,Household,Gauteng,Convenience,21.83,16.77,21.85,22.85,0.0,0,0,100.6,31.16,96,96,2097.6000000000004,487.6800000000002
2025-02-15,SKU009,Household,Gauteng,Supermarket,21.83,16.77,22.26,22.2,0.0,0,0,100.08,31.16,174,160,3561.6000000000004,878.4000000000003
2025-02-16,SKU009,Household,Gauteng,Convenience,21.83,16.77,20.35,22.45,0.0676,0,0,99.99,31.18,255,182,3703.7000000000003,651.5600000000003
2025-02-17,SKU009,Household,Gauteng,Supermarket,21.83,16.77,22.93,21.84,0.0,0,0,100.57,31.11,162,151,3462.43,930.16
2025-02-18,SKU009,Household,KwaZulu-Natal,Hyper,21.83,16.77,23.74,23.62,0.0,0,0,100.61,31.0,225,169,4012.06,1177.9299999999998
2025-02-19,SKU009,Household,Western Cape,Supermarket,21.83,16.77,23.45,22.88,0.0,0,0,100.35,31.04,197,138,3236.1,921.8399999999999
2025-02-20,SKU009,Household,KwaZulu-Natal,Convenience,21.83,16.77,23.53,22.82,0.0,0,0,100.99,30.99,143,143,3364.79,966.6800000000002
2025-02-21,SKU009,Household,Gauteng,Supermarket,21.83,16.77,22.09,23.32,0.0,0,0,100.62,31.13,204,196,4329.64,1042.72
2025-02-22,SKU009,Household,Western Cape,Supermarket,21.83,16.77,23.98,22.86,0.0,0,0,101.3,31.2,171,138,3309.2400000000002,994.9800000000001
2025-02-23,SKU009,Household,Gauteng,Supermarket,21.83,16.77,21.15,21.77,0.0312,0,0,100.9,30.91,316,205,4335.75,897.8999999999997
2025-02-24,SKU009,Household,KwaZulu-Natal,Supermarket,21.83,16.77,18.41,21.93,0.1568,1,0,100.66,30.95,274,213,3921.33,349.3200000000001
2025-02-25,SKU009,Household,KwaZulu-Natal,Hyper,21.83,16.77,21.52,21.26,0.0142,0,0,99.9,31.12,297,238,5121.76,1130.5
2025-02-26,SKU009,Household,Western Cape,Supermarket,21.83,16.77,22.97,23.11,0.0,0,0,100.57,31.25,220,152,3491.4399999999996,942.3999999999999
2025-02-27,SKU009,Household,KwaZulu-Natal,Supermarket,21.83,16.77,20.97,23.05,0.0395,1,0,100.64,31.16,204,196,4110.12,823.1999999999998
2025-02-28,SKU009,Household,Western Cape,Supermarket,21.83,16.77,22.75,22.53,0.0,0,0,101.03,31.2,215,159,3617.25,950.82
2025-03-01,SKU009,Household,Western Cape,Hyper,21.83,16.77,22.33,22.17,0.0,0,0,101.01,31.2,326,228,5091.24,1267.6799999999996
2025-03-02,SKU009,Household,Western Cape,Convenience,21.83,16.77,23.52,22.79,0.0,0,0,100.36,31.32,154,139,3269.2799999999997,938.25
2025-03-03,SKU009,Household,Western Cape,Hyper,21.83,16.77,18.73,23.19,0.142,1,0,100.65,31.47,288,276,5169.4800000000005,540.9600000000003
2025-03-04,SKU009,Household,Western Cape,Hyper,21.83,16.77,19.49,22.78,0.1073,1,0,100.86,31.31,315,296,5769.04,805.1199999999997
2025-03-05,SKU009,Household,KwaZulu-Natal,Hyper,21.83,16.77,23.88,23.96,0.0,0,0,100.42,31.25,243,195,4656.599999999999,1386.4499999999998
2025-03-06,SKU009,Household,Western Cape,Convenience,21.83,16.77,21.76,23.26,0.0034,0,0,100.95,31.2,171,139,3024.6400000000003,693.6100000000002
2025-03-07,SKU009,Household,Gauteng,Supermarket,21.83,16.77,21.27,22.78,0.0257,0,0,101.43,31.16,188,184,3913.68,828.0
2025-03-08,SKU009,Household,KwaZulu-Natal,Supermarket,21.83,16.77,21.8,23.75,0.0014,0,0,100.79,31.21,177,177,3858.6,890.3100000000002
2025-03-09,SKU009,Household,Western Cape,Supermarket,21.83,16.77,21.75,22.16,0.0038,0,0,100.7,31.41,167,167,3632.25,831.6600000000001
2025-03-10,SKU009,Household,Western Cape,Supermarket,21.83,16.77,19.96,23.22,0.0856,0,0,100.88,31.03,204,189,3772.44,602.9100000000002
2025-03-11,SKU009,Household,Gauteng,Supermarket,21.83,16.77,22.76,22.73,0.0,0,0,100.48,31.16,196,158,3596.0800000000004,946.4200000000003
2025-03-12,SKU009,Household,KwaZulu-Natal,Supermarket,21.83,16.77,23.33,21.67,0.0,0,0,100.32,31.26,177,170,3966.1,1115.1999999999998
2025-03-13,SKU009,Household,Western Cape,Hyper,21.83,16.77,22.17,21.75,0.0,0,0,100.61,31.29,268,201,4456.17,1085.4000000000003
2025-03-14,SKU009,Household,KwaZulu-Natal,Convenience,21.83,16.77,21.68,22.62,0.0067,0,0,100.81,31.1,183,119,2579.92,584.29
2025-03-15,SKU009,Household,Gauteng,Convenience,21.83,16.77,21.7,21.17,0.0059,0,0,101.46,31.06,125,125,2712.5,616.25
2025-03-16,SKU009,Household,Gauteng,Hyper,21.83,16.77,20.75,21.76,0.0494,0,0,100.42,30.98,317,229,4751.75,911.4200000000001
2025-03-17,SKU009,Household,Gauteng,Convenience,21.83,16.77,20.36,23.09,0.0674,1,0,100.46,31.04,272,187,3807.3199999999997,671.3299999999999
2025-03-18,SKU009,Household,Gauteng,Supermarket,21.83,16.77,22.65,23.92,0.0,0,0,100.8,30.91,213,179,4054.35,1052.5199999999998
2025-03-19,SKU009,Household,Western Cape,Supermarket,21.83,16.77,20.35,23.83,0.0676,0,0,100.66,31.16,253,205,4171.75,733.9000000000004
2025-03-20,SKU009,Household,Gauteng,Supermarket,21.83,16.77,18.19,22.98,0.167,1,0,101.26,31.05,346,226,4110.9400000000005,320.9200000000004
2025-03-21,SKU009,Household,KwaZulu-Natal,Supermarket,21.83,16.77,22.87,22.85,0.0,0,0,100.9,31.0,200,192,4391.04,1171.2000000000003
2025-03-22,SKU009,Household,Western Cape,Convenience,21.83,16.77,22.65,23.7,0.0,0,0,100.56,31.14,245,161,3646.6499999999996,946.6799999999998
2025-03-23,SKU009,Household,Western Cape,Hyper,21.83,16.77,22.62,22.74,0.0,0,0,100.74,31.1,181,181,4094.2200000000003,1058.8500000000004
2025-03-24,SKU009,Household,Gauteng,Convenience,21.83,16.77,21.06,22.64,0.0351,0,0,100.96,31.01,136,136,2864.16,583.4399999999998
2025-03-25,SKU009,Household,Gauteng,Convenience,21.83,16.77,20.39,22.56,0.0658,0,0,100.85,30.88,206,175,3568.25,633.5000000000002
2025-03-26,SKU009,Household,Western Cape,Supermarket,21.83,16.77,19.7,22.44,0.0977,0,0,100.63,30.86,237,182,3585.4,533.26
2025-03-27,SKU009,Household,Gauteng,Supermarket,21.83,16.77,20.48,22.6,0.0619,0,0,100.89,31.2,295,222,4546.56,823.6200000000002
2025-03-28,SKU009,Household,Western Cape,Supermarket,21.83,16.77,20.04,21.5,0.0819,0,0,101.26,31.03,303,208,4168.32,680.1599999999999
2025-03-29,SKU009,Household,Western Cape,Supermarket,21.83,16.77,23.18,22.87,0.0,0,0,101.25,31.22,209,164,3801.52,1051.24
2025-03-30,SKU009,Household,KwaZulu-Natal,Convenience,21.83,16.77,22.61,22.84,0.0,0,0,100.86,31.06,147,147,3323.67,858.48
2025-03-31,SKU009,Household,Gauteng,Supermarket,21.83,16.77,20.99,22.14,0.0386,1,0,100.94,30.97,254,254,5331.46,1071.8799999999997
2025-04-01,SKU009,Household,Western Cape,Supermarket,21.83,16.77,20.0,22.86,0.0841,1,0,100.89,31.08,266,236,4720.0,762.2800000000001
2025-04-02,SKU009,Household,Western Cape,Supermarket,21.83,16.77,20.05,22.59,0.0815,0,0,100.89,30.65,186,180,3609.0,590.4000000000002
2025-04-03,SKU009,Household,KwaZulu-Natal,Supermarket,21.83,16.77,22.7,22.24,0.0,0,0,101.21,30.85,238,187,4244.9,1108.9099999999999
2025-04-04,SKU009,Household,Gauteng,Supermarket,21.83,16.77,22.22,21.65,0.0,0,1,100.88,30.93,256,208,4621.76,1133.6
2025-04-05,SKU009,Household,Gauteng,Supermarket,21.83,16.77,23.34,22.94,0.0,0,1,100.84,30.7,309,232,5414.88,1524.24
2025-04-06,SKU009,Household,Gauteng,Supermarket,21.83,16.77,20.47,21.6,0.0621,0,1,100.98,30.65,299,213,4360.11,788.0999999999998
2025-04-07,SKU009,Household,Gauteng,Supermarket,21.83,16.77,23.13,22.74,0.0,0,0,101.1,30.39,239,194,4487.22,1233.84
2025-04-08,SKU009,Household,Western Cape,Convenience,21.83,16.77,22.03,23.3,0.0,1,0,101.05,30.8,298,193,4251.79,1015.1800000000003
2025-04-09,SKU009,Household,Western Cape,Supermarket,21.83,16.77,21.21,22.15,0.0283,0,0,100.87,30.92,225,170,3605.7000000000003,754.8000000000002
2025-04-10,SKU009,Household,Gauteng,Convenience,21.83,16.77,20.66,22.09,0.0535,0,0,101.11,30.51,278,165,3408.9,641.8500000000001
2025-04-11,SKU009,Household,Gauteng,Supermarket,21.83,16.77,22.06,22.76,0.0,0,1,101.12,30.59,155,155,3419.2999999999997,819.9499999999998
2025-04-12,SKU009,Household,KwaZulu-Natal,Convenience,21.83,16.77,20.49,23.24,0.0613,0,1,101.34,30.7,208,166,3401.3399999999997,617.5199999999998
2025-04-13,SKU009,Household,Western Cape,Supermarket,21.83,16.77,21.15,21.13,0.0312,0,1,100.95,30.87,228,201,4251.15,880.3799999999998
2025-04-14,SKU009,Household,Gauteng,Hyper,21.83,16.77,21.96,23.11,0.0,0,0,100.6,30.44,227,218,4787.28,1131.4200000000003
2025-04-15,SKU009,Household,Western Cape,Hyper,21.83,16.77,20.01,22.77,0.0833,0,0,101.34,30.63,323,204,4082.0400000000004,660.9600000000004
2025-04-16,SKU009,Household,KwaZulu-Natal,Supermarket,21.83,16.77,22.89,22.49,0.0,0,0,101.79,30.34,210,163,3731.07,997.5600000000002
2025-04-17,SKU009,Household,Gauteng,Supermarket,21.83,16.77,17.72,23.59,0.1882,1,0,101.31,30.65,353,269,4766.679999999999,255.5499999999998
2025-04-18,SKU009,Household,Gauteng,Convenience,21.83,16.77,22.86,21.83,0.0,0,1,101.38,30.69,157,157,3589.02,956.13
2025-04-19,SKU009,Household,Western Cape,Supermarket,21.83,16.77,20.57,21.94,0.0578,0,1,100.86,30.54,165,165,3394.05,627.0000000000001
2025-04-20,SKU009,Household,KwaZulu-Natal,Supermarket,21.83,16.77,20.82,21.67,0.0465,0,1,101.61,30.25,268,213,4434.66,862.6500000000002
2025-04-21,SKU009,Household,Western Cape,Supermarket,21.83,16.77,20.96,21.95,0.0399,0,0,101.27,30.37,278,242,5072.320000000001,1013.9800000000004
2025-04-22,SKU009,Household,Gauteng,Supermarket,21.83,16.77,19.79,23.05,0.0935,0,0,101.51,30.48,224,221,4373.59,667.42
2025-04-23,SKU009,Household,KwaZulu-Natal,Hyper,21.83,16.77,23.63,21.36,0.0,0,0,101.59,30.48,229,188,4442.44,1289.6799999999998
2025-04-24,SKU009,Household,Gauteng,Supermarket,21.83,16.77,23.86,22.05,0.0,0,0,101.24,30.37,345,184,4390.24,1304.56
2025-04-25,SKU009,Household,Western Cape,Supermarket,21.83,16.77,23.74,22.8,0.0,0,1,101.15,30.06,206,188,4463.12,1310.3599999999997
2025-04-26,SKU009,Household,Western Cape,Hyper,21.83,16.77,23.8,23.02,0.0,0,1,101.31,30.4,332,228,5426.400000000001,1602.8400000000001
2025-04-27,SKU009,Household,KwaZulu-Natal,Supermarket,21.83,16.77,19.66,22.52,0.0995,0,1,101.2,30.35,231,209,4108.94,604.0100000000001
2025-04-28,SKU009,Household,Gauteng,Hyper,21.83,16.77,23.27,22.31,0.0,0,0,101.51,30.15,202,202,4700.54,1313.0
2025-04-29,SKU009,Household,Gauteng,Supermarket,21.83,16.77,23.36,22.54,0.0,0,0,101.36,30.06,170,170,3971.2,1120.3
2025-04-30,SKU009,Household,KwaZulu-Natal,Supermarket,21.83,16.77,19.82,23.16,0.0922,0,0,101.21,30.19,262,221,4380.22,674.0500000000002
2025-05-01,SKU009,Household,Gauteng,Convenience,21.83,16.77,22.59,22.55,0.0,0,0,101.47,30.26,139,139,3140.0099999999998,808.98
2025-05-02,SKU009,Household,Western Cape,Supermarket,21.83,16.77,21.05,22.17,0.0356,0,0,101.59,30.01,267,185,3894.25,791.8000000000002
2025-05-03,SKU009,Household,Western Cape,Supermarket,21.83,16.77,23.42,22.33,0.0,0,0,101.78,30.32,165,148,3466.1600000000003,984.2000000000003
2025-05-04,SKU009,Household,Gauteng,Supermarket,21.83,16.77,20.04,21.25,0.0819,0,0,101.41,30.32,290,214,4288.5599999999995,699.7799999999999
2025-05-05,SKU009,Household,Gauteng,Supermarket,21.83,16.77,20.45,23.11,0.0633,0,0,101.37,30.01,265,244,4989.8,897.92
2025-05-06,SKU009,Household,Gauteng,Hyper,21.83,16.77,19.98,22.86,0.0849,0,0,101.42,30.05,330,273,5454.54,876.3300000000003
2025-05-07,SKU009,Household,Gauteng,Hyper,21.83,16.77,19.85,21.7,0.0907,0,0,101.49,30.02,254,209,4148.650000000001,643.7200000000004
2025-05-08,SKU009,Household,Western Cape,Convenience,21.83,16.77,18.82,23.11,0.138,1,0,101.3,30.22,280,192,3613.44,393.60000000000014
2025-05-09,SKU009,Household,KwaZulu-Natal,Hyper,21.83,16.77,19.68,22.25,0.0983,0,0,101.26,29.94,188,188,3699.84,547.08
2025-05-10,SKU009,Household,Western Cape,Convenience,21.83,16.77,20.01,22.47,0.0835,0,0,101.58,29.87,256,169,3381.69,547.5600000000003
2025-05-11,SKU009,Household,KwaZulu-Natal,Supermarket,21.83,16.77,20.35,22.12,0.0679,0,0,101.35,29.84,156,156,3174.6000000000004,558.4800000000002
2025-05-12,SKU009,Household,Gauteng,Supermarket,21.83,16.77,21.18,23.73,0.0297,0,0,101.64,29.9,255,217,4596.0599999999995,956.97
2025-05-13,SKU009,Household,Gauteng,Hyper,21.83,16.77,21.55,21.53,0.013,1,0,101.3,29.62,267,258,5559.900000000001,1233.2400000000002
2025-05-14,SKU009,Household,KwaZulu-Natal,Supermarket,21.83,16.77,23.41,22.93,0.0,0,0,101.03,29.71,202,147,3441.27,976.08
2025-05-15,SKU009,Household,KwaZulu-Natal,Convenience,21.83,16.77,21.36,22.66,0.0213,0,0,101.38,29.44,150,140,2990.4,642.6
2025-05-16,SKU009,Household,Gauteng,Supermarket,21.83,16.77,21.09,23.28,0.0337,0,0,101.68,30.11,212,196,4133.64,846.72
2025-05-17,SKU009,Household,Gauteng,Hyper,21.83,16.77,23.88,22.41,0.0,0,0,101.58,29.74,155,155,3701.3999999999996,1102.05
2025-05-18,SKU009,Household,Gauteng,Supermarket,21.83,16.77,22.06,21.37,0.0,0,0,102.17,29.52,139,139,3066.3399999999997,735.3099999999998
2025-05-19,SKU009,Household,Western Cape,Supermarket,21.83,16.77,18.16,22.08,0.1683,1,0,102.0,29.66,266,203,3686.48,282.17000000000013
2025-05-20,SKU009,Household,Gauteng,Supermarket,21.83,16.77,24.0,22.46,0.0,0,0,101.5,29.63,241,158,3792.0,1142.3400000000001
2025-05-21,SKU009,Household,Gauteng,Convenience,21.83,16.77,23.94,22.43,0.0,0,0,101.41,29.82,122,122,2920.6800000000003,874.7400000000002
2025-05-22,SKU009,Household,Gauteng,Convenience,21.83,16.77,19.66,23.55,0.0993,1,0,101.59,29.59,288,182,3578.12,525.9800000000001
2025-05-23,SKU009,Household,Western Cape,Supermarket,21.83,16.77,21.45,22.56,0.0172,0,0,101.42,29.5,166,166,3560.7,776.88
2025-05-24,SKU009,Household,KwaZulu-Natal,Supermarket,21.83,16.77,20.61,22.12,0.056,0,0,102.16,29.34,209,173,3565.5299999999997,664.3199999999999
2025-05-25,SKU009,Household,Gauteng,Supermarket,21.83,16.77,21.05,22.31,0.0357,0,0,101.42,29.62,316,188,3957.4,804.6400000000002
2025-05-26,SKU009,Household,Western Cape,Supermarket,21.83,16.77,24.01,21.47,0.0,0,0,101.69,29.26,229,145,3481.4500000000003,1049.8000000000002
2025-05-27,SKU009,Household,Gauteng,Supermarket,21.83,16.77,23.38,23.09,0.0,0,0,101.57,29.58,270,167,3904.46,1103.87
2025-05-28,SKU009,Household,Gauteng,Supermarket,21.83,16.77,19.07,22.19,0.1267,1,0,101.37,29.38,401,249,4748.43,572.7000000000002
2025-05-29,SKU009,Household,Gauteng,Supermarket,21.83,16.77,18.24,22.6,0.1646,1,0,101.87,29.34,239,239,4359.36,351.3299999999997
2025-05-30,SKU009,Household,Gauteng,Supermarket,21.83,16.77,20.0,21.8,0.0837,0,0,101.61,29.3,306,224,4480.0,723.5200000000001
2025-05-31,SKU009,Household,Western Cape,Supermarket,21.83,16.77,21.55,21.75,0.0127,0,0,101.89,29.31,273,182,3922.1,869.9600000000003
2025-06-01,SKU009,Household,Western Cape,Convenience,21.83,16.77,22.86,23.03,0.0,0,0,101.97,29.33,152,120,2743.2,730.8
2025-06-02,SKU009,Household,Gauteng,Hyper,21.83,16.77,23.13,21.92,0.0,0,0,101.28,29.41,158,158,3654.54,1004.8799999999999
2025-06-03,SKU009,Household,Western Cape,Hyper,21.83,16.77,23.7,22.13,0.0,0,0,101.85,29.47,274,175,4147.5,1212.75
2025-06-04,SKU009,Household,KwaZulu-Natal,Supermarket,21.83,16.77,20.71,22.33,0.0513,1,0,101.76,29.14,279,195,4038.4500000000003,768.3000000000003
2025-06-05,SKU009,Household,Western Cape,Hyper,21.83,16.77,21.78,22.87,0.0021,0,0,101.41,29.07,227,199,4334.22,996.9900000000004
2025-06-06,SKU009,Household,Western Cape,Hyper,21.83,16.77,22.36,22.48,0.0,0,0,101.52,29.33,274,199,4449.64,1112.41
2025-06-07,SKU009,Household,Gauteng,Convenience,21.83,16.77,23.64,22.63,0.0,0,0,102.31,28.95,216,149,3522.36,1023.6300000000001
2025-06-08,SKU009,Household,Western Cape,Supermarket,21.83,16.77,23.65,23.4,0.0,0,0,101.94,28.91,145,145,3429.25,997.5999999999999
2025-06-09,SKU009,Household,KwaZulu-Natal,Convenience,21.83,16.77,20.52,22.63,0.0599,0,0,101.99,29.22,150,131,2688.12,491.25
2025-06-10,SKU009,Household,Gauteng,Supermarket,21.83,16.77,21.54,22.29,0.0131,0,0,101.9,29.04,266,185,3984.8999999999996,882.4499999999999
2025-06-11,SKU009,Household,Gauteng,Supermarket,21.83,16.77,22.64,21.37,0.0,0,0,102.15,29.02,237,173,3916.7200000000003,1015.5100000000002
2025-06-12,SKU009,Household,KwaZulu-Natal,Supermarket,21.83,16.77,22.46,22.12,0.0,0,0,102.22,29.02,217,174,3908.04,990.0600000000002
2025-06-13,SKU009,Household,KwaZulu-Natal,Hyper,21.83,16.77,21.28,22.48,0.0251,0,0,102.06,28.94,253,197,4192.16,888.4700000000003
2025-06-14,SKU009,Household,KwaZulu-Natal,Supermarket,21.83,16.77,20.94,23.37,0.0408,0,0,101.65,29.23,190,155,3245.7000000000003,646.3500000000003
2025-06-15,SKU009,Household,KwaZulu-Natal,Convenience,21.83,16.77,22.62,22.01,0.0,0,0,101.54,29.0,191,118,2669.1600000000003,690.3000000000002
2025-06-16,SKU009,Household,Gauteng,Supermarket,21.83,16.77,22.82,22.05,0.0,0,0,102.08,29.18,214,182,4153.24,1101.1000000000001
2025-06-17,SKU009,Household,KwaZulu-Natal,Supermarket,21.83,16.77,21.69,22.89,0.0063,0,0,101.78,28.86,212,152,3296.88,747.8400000000003
2025-06-18,SKU009,Household,Western Cape,Convenience,21.83,16.77,20.62,20.93,0.0553,0,0,102.41,28.71,180,123,2536.26,473.5500000000002
2025-06-19,SKU009,Household,KwaZulu-Natal,Convenience,21.83,16.77,20.51,22.14,0.0603,0,0,102.15,29.04,99,99,2030.4900000000002,370.2600000000002
2025-06-20,SKU009,Household,KwaZulu-Natal,Supermarket,21.83,16.77,20.71,21.07,0.0513,0,0,101.95,29.04,163,160,3313.6000000000004,630.4000000000002
2025-06-21,SKU009,Household,Gauteng,Supermarket,21.83,16.77,21.5,22.16,0.015,0,0,102.52,29.11,205,183,3934.5,865.59
2025-06-22,SKU009,Household,Gauteng,Supermarket,21.83,16.77,20.01,22.69,0.0835,0,0,101.61,29.06,192,176,3521.76,570.2400000000004
2025-06-23,SKU009,Household,Gauteng,Supermarket,21.83,16.77,21.58,22.3,0.0115,0,0,101.86,28.97,213,177,3819.66,851.3699999999998
2025-06-24,SKU009,Household,KwaZulu-Natal,Supermarket,21.83,16.77,23.31,20.73,0.0,0,0,101.88,28.88,166,141,3286.71,922.1399999999999
2025-06-25,SKU009,Household,Gauteng,Supermarket,21.83,16.77,22.44,22.1,0.0,0,0,101.68,28.78,237,169,3792.36,958.2300000000002
2025-06-26,SKU009,Household,Western Cape,Convenience,21.83,16.77,23.03,22.94,0.0,0,0,101.92,28.88,184,109,2510.27,682.3400000000001
2025-06-27,SKU009,Household,KwaZulu-Natal,Supermarket,21.83,16.77,21.77,23.54,0.0027,0,0,101.73,28.92,230,147,3200.19,735.0
2025-06-28,SKU009,Household,Gauteng,Supermarket,21.83,16.77,18.44,22.51,0.1551,1,0,101.82,28.62,285,210,3872.4,350.7000000000004
2025-06-29,SKU009,Household,Western Cape,Convenience,21.83,16.77,22.89,22.23,0.0,0,0,102.34,28.51,174,123,2815.4700000000003,752.7600000000001
2025-06-30,SKU009,Household,Gauteng,Convenience,21.83,16.77,20.8,22.04,0.0473,0,0,101.66,28.94,193,141,2932.8,568.2300000000001
2025-07-01,SKU009,Household,Gauteng,Hyper,21.83,16.77,16.71,22.31,0.2347,1,0,101.64,28.76,438,305,5096.55,-18.29999999999961
2025-07-02,SKU009,Household,Gauteng,Supermarket,21.83,16.77,18.41,21.09,0.1568,1,0,102.23,29.2,314,223,4105.43,365.72000000000014
2025-07-03,SKU009,Household,Gauteng,Supermarket,21.83,16.77,18.76,22.68,0.1408,1,0,101.76,28.88,223,222,4164.72,441.7800000000004
2025-07-04,SKU009,Household,Western Cape,Convenience,21.83,16.77,23.22,22.06,0.0,0,0,102.14,28.66,162,125,2902.5,806.2499999999999
2025-07-05,SKU009,Household,KwaZulu-Natal,Supermarket,21.83,16.77,23.41,22.64,0.0,0,0,101.98,28.99,156,140,3277.4,929.6000000000001
2025-07-06,SKU009,Household,Western Cape,Supermarket,21.83,16.77,23.35,22.6,0.0,0,0,101.89,28.99,132,132,3082.2000000000003,868.5600000000003
2025-07-07,SKU009,Household,Gauteng,Supermarket,21.83,16.77,17.99,22.77,0.176,1,0,102.15,28.96,308,225,4047.7499999999995,274.4999999999998
2025-07-08,SKU009,Household,KwaZulu-Natal,Convenience,21.83,16.77,21.46,23.33,0.0168,0,0,101.55,28.89,118,98,2103.08,459.6200000000001
2025-07-09,SKU009,Household,KwaZulu-Natal,Convenience,21.83,16.77,21.34,22.72,0.0226,0,0,102.38,28.91,130,107,2283.38,488.99
2025-07-10,SKU009,Household,Western Cape,Hyper,21.83,16.77,20.31,22.1,0.0699,1,0,101.82,28.9,228,216,4386.96,764.6399999999999
2025-07-11,SKU009,Household,KwaZulu-Natal,Supermarket,21.83,16.77,21.54,22.52,0.0135,0,0,102.54,28.81,164,128,2757.12,610.56
2025-07-12,SKU009,Household,KwaZulu-Natal,Supermarket,21.83,16.77,21.7,21.66,0.0059,0,0,101.97,29.06,206,142,3081.4,700.06
2025-07-13,SKU009,Household,Gauteng,Supermarket,21.83,16.77,21.45,22.69,0.0173,0,0,102.69,28.75,214,151,3238.95,706.68
2025-07-14,SKU009,Household,Gauteng,Hyper,21.83,16.77,20.11,23.06,0.0787,0,0,102.08,28.65,224,177,3559.47,591.18
2025-07-15,SKU009,Household,Gauteng,Supermarket,21.83,16.77,21.55,22.71,0.0127,1,0,102.27,29.03,280,169,3641.9500000000003,807.8200000000002
2025-07-16,SKU009,Household,Western Cape,Convenience,21.83,16.77,23.44,22.41,0.0,0,0,101.99,28.84,147,115,2695.6000000000004,767.0500000000002
2025-07-17,SKU009,Household,Western Cape,Convenience,21.83,16.77,18.14,23.05,0.1691,1,0,102.27,28.82,162,162,2938.6800000000003,221.94000000000017
2025-07-18,SKU009,Household,KwaZulu-Natal,Supermarket,21.83,16.77,21.81,21.58,0.0011,0,0,102.18,28.81,189,133,2900.73,670.3199999999999
2025-07-19,SKU009,Household,KwaZulu-Natal,Hyper,21.83,16.77,17.81,22.57,0.1844,1,0,102.13,28.61,383,231,4114.11,240.2399999999998
2025-07-20,SKU009,Household,Gauteng,Hyper,21.83,16.77,18.02,23.03,0.1746,1,0,102.38,28.87,360,287,5171.74,358.75
2025-07-21,SKU009,Household,Western Cape,Supermarket,21.83,16.77,18.7,23.42,0.1432,1,0,102.37,29.1,404,218,4076.6,420.73999999999995
2025-07-22,SKU009,Household,Western Cape,Supermarket,21.83,16.77,18.31,22.6,0.1612,1,0,102.31,28.95,279,213,3900.0299999999997,328.0199999999998
2025-07-23,SKU009,Household,Western Cape,Hyper,21.83,16.77,21.32,21.31,0.0231,0,0,102.31,28.8,234,175,3731.0,796.2500000000001
2025-07-24,SKU009,Household,Western Cape,Convenience,21.83,16.77,23.2,23.26,0.0,0,0,102.3,28.91,150,118,2737.6,758.74
2025-07-25,SKU009,Household,KwaZulu-Natal,Convenience,21.83,16.77,20.14,21.52,0.0773,1,0,102.23,29.1,209,145,2920.3,488.65000000000015
2025-07-26,SKU009,Household,Western Cape,Supermarket,21.83,16.77,21.37,22.81,0.0212,0,0,102.82,28.82,205,139,2970.4300000000003,639.4000000000002
2025-07-27,SKU009,Household,Gauteng,Hyper,21.83,16.77,20.91,22.86,0.042,0,0,102.68,28.98,269,201,4202.91,832.1400000000001
2025-07-28,SKU009,Household,Gauteng,Convenience,21.83,16.77,23.5,22.23,0.0,0,0,102.05,28.69,176,117,2749.5,787.4100000000001
2025-07-29,SKU009,Household,KwaZulu-Natal,Supermarket,21.83,16.77,21.24,21.18,0.027,0,0,101.85,28.9,190,157,3334.68,701.7899999999998
2025-07-30,SKU009,Household,KwaZulu-Natal,Supermarket,21.83,16.77,21.4,22.21,0.0195,0,0,102.24,29.21,162,137,2931.7999999999997,634.3099999999998
2025-07-31,SKU009,Household,Gauteng,Hyper,21.83,16.77,22.21,22.79,0.0,0,0,102.36,28.9,247,183,4064.4300000000003,995.5200000000002
2025-08-01,SKU009,Household,Gauteng,Supermarket,21.83,16.77,23.37,22.27,0.0,0,0,102.49,29.05,152,127,2967.9900000000002,838.2000000000002
2025-08-02,SKU009,Household,Gauteng,Supermarket,21.83,16.77,21.84,22.12,0.0,0,0,102.55,29.27,226,163,3559.92,826.4100000000001
2025-08-03,SKU009,Household,Gauteng,Supermarket,21.83,16.77,20.17,23.09,0.0759,1,0,102.75,29.03,171,171,3449.07,581.4000000000003
2025-08-04,SKU009,Household,Gauteng,Hyper,21.83,16.77,21.11,21.63,0.0329,0,0,102.26,28.93,286,175,3694.25,759.5
2025-08-05,SKU009,Household,Gauteng,Hyper,21.83,16.77,21.08,23.69,0.0345,0,0,102.41,29.07,175,175,3688.9999999999995,754.2499999999998
2025-08-06,SKU009,Household,Gauteng,Convenience,21.83,16.77,21.86,22.39,0.0,0,0,102.24,28.88,178,127,2776.22,646.43
2025-08-07,SKU009,Household,Gauteng,Convenience,21.83,16.77,23.26,22.67,0.0,0,0,102.67,29.02,138,113,2628.38,733.3700000000002
2025-08-08,SKU009,Household,KwaZulu-Natal,Supermarket,21.83,16.77,23.47,22.44,0.0,0,0,101.98,28.91,125,124,2910.2799999999997,830.8
2025-08-09,SKU009,Household,Gauteng,Convenience,21.83,16.77,22.45,22.43,0.0,0,0,102.32,29.14,156,105,2357.25,596.4
2025-08-10,SKU009,Household,KwaZulu-Natal,Hyper,21.83,16.77,19.15,21.3,0.1228,1,0,102.1,29.02,195,171,3274.6499999999996,406.97999999999985
2025-08-11,SKU009,Household,Gauteng,Supermarket,21.83,16.77,21.71,21.97,0.0056,0,0,102.65,29.05,203,138,2995.98,681.7200000000001
2025-08-12,SKU009,Household,Western Cape,Supermarket,21.83,16.77,21.64,22.19,0.0086,0,0,102.47,29.14,167,129,2791.56,628.2300000000001
2025-08-13,SKU009,Household,Gauteng,Convenience,21.83,16.77,23.06,22.56,0.0,0,0,102.67,29.15,141,106,2444.3599999999997,666.7399999999999
2025-08-14,SKU009,Household,Gauteng,Supermarket,21.83,16.77,23.05,21.62,0.0,0,0,101.96,29.43,168,122,2812.1,766.1600000000001
2025-08-15,SKU009,Household,KwaZulu-Natal,Supermarket,21.83,16.77,24.0,23.49,0.0,0,0,102.35,29.25,144,111,2664.0,802.5300000000001
2025-08-16,SKU009,Household,KwaZulu-Natal,Supermarket,21.83,16.77,23.67,22.88,0.0,0,0,102.58,29.31,131,116,2745.7200000000003,800.4000000000002
2025-08-17,SKU009,Household,KwaZulu-Natal,Hyper,21.83,16.77,20.73,21.63,0.0503,0,0,102.81,29.05,179,141,2922.93,558.3600000000001
2025-08-18,SKU009,Household,KwaZulu-Natal,Supermarket,21.83,16.77,20.76,22.27,0.049,0,0,102.07,29.37,133,128,2657.28,510.72000000000025
2025-08-19,SKU009,Household,Gauteng,Supermarket,21.83,16.77,20.02,22.1,0.0829,0,0,102.91,29.27,176,167,3343.34,542.75
2025-08-20,SKU009,Household,Western Cape,Supermarket,21.83,16.77,19.77,21.85,0.0945,0,0,102.42,29.55,162,128,2530.56,384.0
2025-08-21,SKU009,Household,KwaZulu-Natal,Hyper,21.83,16.77,19.9,22.04,0.0885,1,0,102.64,29.36,242,221,4397.9,691.7299999999998
2025-08-22,SKU009,Household,KwaZulu-Natal,Convenience,21.83,16.77,23.96,22.72,0.0,0,0,102.13,29.55,148,106,2539.76,762.1400000000001
2025-08-23,SKU009,Household,Western Cape,Hyper,21.83,16.77,19.68,22.46,0.0986,0,0,102.68,29.55,224,183,3601.44,532.53
2025-08-24,SKU009,Household,Gauteng,Supermarket,21.83,16.77,23.39,22.88,0.0,0,0,102.51,29.52,197,139,3251.21,920.1800000000002
2025-08-25,SKU009,Household,KwaZulu-Natal,Hyper,21.83,16.77,20.93,22.01,0.0411,0,0,102.39,29.53,210,152,3181.36,632.32
2025-08-26,SKU009,Household,Gauteng,Convenience,21.83,16.77,21.45,23.01,0.0172,0,0,102.21,29.71,151,136,2917.2,636.48
2025-08-27,SKU009,Household,Gauteng,Supermarket,21.83,16.77,23.64,23.75,0.0,0,0,102.42,29.77,182,143,3380.52,982.4100000000002
2025-08-28,SKU009,Household,Western Cape,Hyper,21.83,16.77,20.06,22.3,0.0811,0,0,103.57,29.48,107,107,2146.42,352.0299999999999
2025-01-01,SKU010,Personal Care,Western Cape,Supermarket,46.98,26.9,51.13,46.65,0.0,0,0,100.26,30.28,138,95,4857.35,2301.8500000000004
2025-01-02,SKU010,Personal Care,Gauteng,Hyper,46.98,26.9,48.46,45.51,0.0,0,0,100.13,29.82,140,125,6057.5,2695.0000000000005
2025-01-03,SKU010,Personal Care,Western Cape,Hyper,46.98,26.9,38.36,48.51,0.1835,1,0,100.13,30.23,280,175,6713.0,2005.5000000000002
2025-01-04,SKU010,Personal Care,Western Cape,Supermarket,46.98,26.9,41.05,46.65,0.1261,1,0,100.19,30.3,147,147,6034.349999999999,2080.0499999999997
2025-01-05,SKU010,Personal Care,Western Cape,Supermarket,46.98,26.9,47.69,49.78,0.0,0,0,99.86,30.1,124,105,5007.45,2182.95
2025-01-06,SKU010,Personal Care,Gauteng,Hyper,46.98,26.9,48.4,48.88,0.0,0,0,100.1,30.34,137,126,6098.4,2709.0
2025-01-07,SKU010,Personal Care,KwaZulu-Natal,Hyper,46.98,26.9,43.02,48.32,0.0842,0,0,100.12,30.51,204,143,6151.860000000001,2305.1600000000008
2025-01-08,SKU010,Personal Care,Western Cape,Hyper,46.98,26.9,44.54,46.42,0.0519,0,0,100.39,30.39,161,112,4988.48,1975.68
2025-01-09,SKU010,Personal Care,Gauteng,Supermarket,46.98,26.9,46.4,46.8,0.0123,1,0,100.27,30.3,163,138,6403.2,2691.0
2025-01-10,SKU010,Personal Care,KwaZulu-Natal,Supermarket,46.98,26.9,51.45,49.87,0.0,0,0,99.89,30.43,115,84,4321.8,2062.2000000000003
2025-01-11,SKU010,Personal Care,KwaZulu-Natal,Convenience,46.98,26.9,43.87,46.6,0.0661,0,0,100.06,30.26,120,71,3114.77,1204.87
2025-01-12,SKU010,Personal Care,Gauteng,Supermarket,46.98,26.9,43.52,47.96,0.0737,0,0,100.12,30.49,147,116,5048.320000000001,1927.9200000000005
2025-01-13,SKU010,Personal Care,Western Cape,Supermarket,46.98,26.9,48.24,48.93,0.0,0,0,100.43,30.17,100,93,4486.320000000001,1984.6200000000003
2025-01-14,SKU010,Personal Care,Gauteng,Supermarket,46.98,26.9,45.04,49.4,0.0412,0,0,99.82,30.21,118,99,4458.96,1795.8600000000001
2025-01-15,SKU010,Personal Care,Western Cape,Supermarket,46.98,26.9,42.71,49.5,0.0909,0,0,100.22,30.43,114,114,4868.9400000000005,1802.3400000000001
2025-01-16,SKU010,Personal Care,Gauteng,Convenience,46.98,26.9,49.02,46.65,0.0,0,0,100.32,30.49,88,88,4313.76,1946.5600000000004
2025-01-17,SKU010,Personal Care,Gauteng,Convenience,46.98,26.9,43.47,49.28,0.0747,0,0,100.23,30.47,111,97,4216.59,1607.29
2025-01-18,SKU010,Personal Care,KwaZulu-Natal,Convenience,46.98,26.9,39.75,48.7,0.154,1,0,99.96,30.4,95,95,3776.25,1220.7500000000002
2025-01-19,SKU010,Personal Care,Western Cape,Supermarket,46.98,26.9,49.71,44.95,0.0,0,0,100.17,30.66,104,93,4623.03,2121.3300000000004
2025-01-20,SKU010,Personal Care,Gauteng,Supermarket,46.98,26.9,43.46,48.75,0.075,0,0,100.02,30.77,121,115,4997.900000000001,1904.4000000000003
2025-01-21,SKU010,Personal Care,KwaZulu-Natal,Hyper,46.98,26.9,46.14,46.56,0.0179,0,0,100.11,30.53,139,112,5167.68,2154.88
2025-01-22,SKU010,Personal Care,Gauteng,Supermarket,46.98,26.9,50.19,46.22,0.0,0,0,100.18,30.72,110,84,4215.96,1956.36
2025-01-23,SKU010,Personal Care,Gauteng,Supermarket,46.98,26.9,48.75,48.25,0.0,0,0,100.28,30.68,108,95,4631.25,2075.75
2025-01-24,SKU010,Personal Care,Gauteng,Supermarket,46.98,26.9,47.43,46.05,0.0,0,0,99.98,30.69,112,112,5312.16,2299.36
2025-01-25,SKU010,Personal Care,Western Cape,Supermarket,46.98,26.9,43.53,45.42,0.0734,1,0,100.4,30.57,143,117,5093.01,1945.7100000000003
2025-01-26,SKU010,Personal Care,KwaZulu-Natal,Supermarket,46.98,26.9,51.2,48.29,0.0,0,0,100.82,30.92,83,83,4249.6,2016.9000000000003
2025-01-27,SKU010,Personal Care,Gauteng,Supermarket,46.98,26.9,36.57,48.88,0.2216,1,0,100.31,30.94,311,194,7094.58,1875.9800000000002
2025-01-28,SKU010,Personal Care,Gauteng,Hyper,46.98,26.9,43.72,46.38,0.0694,0,0,100.14,30.9,171,171,7476.12,2876.2200000000003
2025-01-29,SKU010,Personal Care,KwaZulu-Natal,Hyper,46.98,26.9,50.34,48.19,0.0,0,0,100.06,30.75,184,109,5487.06,2554.9600000000005
2025-01-30,SKU010,Personal Care,Gauteng,Hyper,46.98,26.9,44.2,46.87,0.0591,0,0,100.49,30.65,161,149,6585.8,2577.7000000000007
2025-01-31,SKU010,Personal Care,KwaZulu-Natal,Convenience,46.98,26.9,50.18,45.68,0.0,0,0,100.16,30.78,114,81,4064.58,1885.68
2025-02-01,SKU010,Personal Care,Gauteng,Supermarket,46.98,26.9,46.07,48.1,0.0193,0,0,100.28,30.65,163,127,5850.89,2434.59
2025-02-02,SKU010,Personal Care,Gauteng,Supermarket,46.98,26.9,46.8,47.59,0.0038,0,0,100.88,30.79,134,134,6271.2,2666.6
2025-02-03,SKU010,Personal Care,Western Cape,Hyper,46.98,26.9,51.08,48.52,0.0,0,0,100.22,31.04,157,124,6333.92,2998.32
2025-02-04,SKU010,Personal Care,Gauteng,Hyper,46.98,26.9,45.22,48.39,0.0374,0,0,100.66,30.79,148,148,6692.5599999999995,2711.36
2025-02-05,SKU010,Personal Care,Gauteng,Supermarket,46.98,26.9,43.95,47.14,0.0644,0,0,100.72,30.76,142,134,5889.3,2284.7000000000007
2025-02-06,SKU010,Personal Care,Western Cape,Supermarket,46.98,26.9,44.46,46.86,0.0536,0,0,100.91,30.91,101,101,4490.46,1773.5600000000002
2025-02-07,SKU010,Personal Care,Gauteng,Supermarket,46.98,26.9,46.76,46.6,0.0046,0,0,100.27,31.01,150,117,5470.92,2323.62
2025-02-08,SKU010,Personal Care,Gauteng,Supermarket,46.98,26.9,44.7,46.33,0.0484,0,0,100.42,31.13,109,109,4872.3,1940.2000000000005
2025-02-09,SKU010,Personal Care,Gauteng,Hyper,46.98,26.9,48.39,47.55,0.0,0,0,100.68,30.98,109,107,5177.7300000000005,2299.4300000000003
2025-02-10,SKU010,Personal Care,Western Cape,Supermarket,46.98,26.9,38.74,47.79,0.1753,1,0,100.42,31.13,222,150,5811.0,1776.0000000000005
2025-02-11,SKU010,Personal Care,Gauteng,Hyper,46.98,26.9,48.5,47.11,0.0,0,0,100.31,31.25,82,82,3977.0,1771.2
2025-02-12,SKU010,Personal Care,Gauteng,Convenience,46.98,26.9,51.37,47.17,0.0,0,0,100.45,30.86,91,87,4469.19,2128.89
2025-02-13,SKU010,Personal Care,Western Cape,Supermarket,46.98,26.9,51.47,46.3,0.0,0,0,100.45,31.13,91,91,4683.7699999999995,2235.87
2025-02-14,SKU010,Personal Care,KwaZulu-Natal,Supermarket,46.98,26.9,47.08,49.06,0.0,0,0,100.28,30.99,129,105,4943.4,2118.9
2025-02-15,SKU010,Personal Care,Western Cape,Supermarket,46.98,26.9,47.84,46.48,0.0,0,0,100.3,31.18,112,88,4209.92,1842.7200000000005
2025-02-16,SKU010,Personal Care,KwaZulu-Natal,Supermarket,46.98,26.9,51.19,47.43,0.0,0,0,100.57,31.24,119,82,4197.58,1991.78
2025-02-17,SKU010,Personal Care,Gauteng,Convenience,46.98,26.9,48.29,48.74,0.0,0,0,100.45,31.11,103,89,4297.8099999999995,1903.71
2025-02-18,SKU010,Personal Care,Western Cape,Convenience,46.98,26.9,42.8,50.66,0.0889,0,0,100.3,31.4,111,101,4322.799999999999,1605.8999999999999
2025-02-19,SKU010,Personal Care,Western Cape,Convenience,46.98,26.9,40.62,49.42,0.1354,1,0,100.64,31.3,181,113,4590.0599999999995,1550.36
2025-02-20,SKU010,Personal Care,Gauteng,Supermarket,46.98,26.9,40.09,49.25,0.1466,1,0,100.71,31.08,286,196,7857.64,2585.240000000001
2025-02-21,SKU010,Personal Care,KwaZulu-Natal,Convenience,46.98,26.9,47.39,47.08,0.0,0,0,100.83,31.34,100,82,3885.98,1680.18
2025-02-22,SKU010,Personal Care,KwaZulu-Natal,Hyper,46.98,26.9,45.25,45.77,0.0368,0,0,100.42,31.23,99,99,4479.75,1816.65
2025-02-23,SKU010,Personal Care,Gauteng,Supermarket,46.98,26.9,44.51,49.45,0.0526,0,0,100.92,31.21,163,133,5919.83,2342.13
2025-02-24,SKU010,Personal Care,Western Cape,Hyper,46.98,26.9,47.78,47.67,0.0,0,0,100.64,31.0,180,129,6163.62,2693.5200000000004
2025-02-25,SKU010,Personal Care,KwaZulu-Natal,Supermarket,46.98,26.9,49.51,47.45,0.0,0,0,100.64,30.94,114,113,5594.63,2554.93
2025-02-26,SKU010,Personal Care,KwaZulu-Natal,Supermarket,46.98,26.9,46.53,45.74,0.0095,0,0,100.17,30.93,215,113,5257.89,2218.1900000000005
2025-02-27,SKU010,Personal Care,Gauteng,Supermarket,46.98,26.9,45.28,48.41,0.0361,0,0,100.95,31.36,162,124,5614.72,2279.1200000000003
2025-02-28,SKU010,Personal Care,KwaZulu-Natal,Convenience,46.98,26.9,46.19,51.62,0.0169,0,0,101.16,31.29,112,95,4388.05,1832.55
2025-03-01,SKU010,Personal Care,KwaZulu-Natal,Convenience,46.98,26.9,43.29,46.63,0.0785,0,0,100.44,31.2,128,105,4545.45,1720.95
2025-03-02,SKU010,Personal Care,KwaZulu-Natal,Supermarket,46.98,26.9,42.89,47.0,0.0871,0,0,101.2,31.07,152,121,5189.6900000000005,1934.7900000000002
2025-03-03,SKU010,Personal Care,KwaZulu-Natal,Convenience,46.98,26.9,47.15,49.13,0.0,0,0,100.7,31.24,119,105,4950.75,2126.25
2025-03-04,SKU010,Personal Care,Western Cape,Convenience,46.98,26.9,44.59,48.86,0.0509,0,0,100.42,31.38,152,112,4994.08,1981.2800000000007
2025-03-05,SKU010,Personal Care,Western Cape,Supermarket,46.98,26.9,50.59,49.62,0.0,0,0,100.88,31.08,90,90,4553.1,2132.1000000000004
2025-03-06,SKU010,Personal Care,KwaZulu-Natal,Supermarket,46.98,26.9,46.46,46.82,0.011,0,0,101.0,31.15,179,112,5203.52,2190.7200000000003
2025-03-07,SKU010,Personal Care,Western Cape,Supermarket,46.98,26.9,49.2,46.37,0.0,0,0,101.19,30.9,165,121,5953.200000000001,2698.3000000000006
2025-03-08,SKU010,Personal Care,KwaZulu-Natal,Supermarket,46.98,26.9,49.65,47.42,0.0,0,0,100.82,31.46,144,115,5709.75,2616.25
2025-03-09,SKU010,Personal Care,Western Cape,Supermarket,46.98,26.9,42.7,48.88,0.0911,0,0,100.82,30.89,94,94,4013.8,1485.2000000000005
2025-03-10,SKU010,Personal Care,Western Cape,Supermarket,46.98,26.9,46.73,48.8,0.0054,0,0,100.31,31.26,209,118,5514.139999999999,2339.9399999999996
2025-03-11,SKU010,Personal Care,Western Cape,Hyper,46.98,26.9,43.31,47.41,0.0782,0,0,100.56,31.2,143,136,5890.16,2231.7600000000007
2025-03-12,SKU010,Personal Care,Western Cape,Hyper,46.98,26.9,50.68,48.13,0.0,0,0,100.89,31.3,188,115,5828.2,2734.7000000000003
2025-03-13,SKU010,Personal Care,KwaZulu-Natal,Supermarket,46.98,26.9,45.78,48.73,0.0256,0,0,100.28,31.1,119,108,4944.24,2039.0400000000002
2025-03-14,SKU010,Personal Care,Gauteng,Supermarket,46.98,26.9,45.5,48.64,0.0315,0,0,100.29,30.97,157,125,5687.5,2325.0
2025-03-15,SKU010,Personal Care,Gauteng,Supermarket,46.98,26.9,51.48,45.26,0.0,0,0,100.83,31.23,132,110,5662.799999999999,2703.7999999999997
2025-03-16,SKU010,Personal Care,Western Cape,Supermarket,46.98,26.9,48.09,47.0,0.0,0,0,100.91,31.48,149,122,5866.9800000000005,2585.1800000000007
2025-03-17,SKU010,Personal Care,KwaZulu-Natal,Supermarket,46.98,26.9,45.48,47.99,0.032,0,0,100.57,31.42,119,113,5139.24,2099.54
2025-03-18,SKU010,Personal Care,Western Cape,Supermarket,46.98,26.9,44.88,44.95,0.0448,0,0,100.67,30.95,164,121,5430.4800000000005,2175.5800000000004
2025-03-19,SKU010,Personal Care,Gauteng,Supermarket,46.98,26.9,46.62,47.96,0.0076,0,0,100.85,30.99,75,75,3496.5,1479.0
2025-03-20,SKU010,Personal Care,KwaZulu-Natal,Hyper,46.98,26.9,48.89,49.46,0.0,0,0,100.68,31.07,130,108,5280.12,2374.92
2025-03-21,SKU010,Personal Care,Gauteng,Supermarket,46.98,26.9,51.22,44.83,0.0,0,0,101.03,31.42,130,107,5480.54,2602.2400000000002
2025-03-22,SKU010,Personal Care,Western Cape,Supermarket,46.98,26.9,51.57,47.49,0.0,0,0,100.84,30.91,142,97,5002.29,2392.9900000000002
2025-03-23,SKU010,Personal Care,Gauteng,Supermarket,46.98,26.9,43.33,46.01,0.0778,1,0,101.13,31.41,139,139,6022.87,2283.77
2025-03-24,SKU010,Personal Care,Gauteng,Supermarket,46.98,26.9,44.46,47.64,0.0537,0,0,100.93,31.1,235,152,6757.92,2669.1200000000003
2025-03-25,SKU010,Personal Care,KwaZulu-Natal,Supermarket,46.98,26.9,46.76,46.73,0.0046,0,0,100.91,30.78,138,97,4535.72,1926.4199999999998
2025-03-26,SKU010,Personal Care,Western Cape,Supermarket,46.98,26.9,44.16,46.37,0.0601,0,0,100.72,31.01,192,146,6447.36,2519.9599999999996
2025-03-27,SKU010,Personal Care,Gauteng,Hyper,46.98,26.9,44.21,47.99,0.0591,0,0,100.96,31.08,218,157,6940.97,2717.6700000000005
2025-03-28,SKU010,Personal Care,Western Cape,Convenience,46.98,26.9,47.45,47.55,0.0,0,0,100.87,30.77,106,100,4745.0,2055.0000000000005
2025-03-29,SKU010,Personal Care,Western Cape,Hyper,46.98,26.9,50.63,46.49,0.0,0,0,101.17,30.88,107,107,5417.41,2539.1100000000006
2025-03-30,SKU010,Personal Care,Western Cape,Supermarket,46.98,26.9,49.64,46.06,0.0,0,0,101.24,30.92,132,96,4765.4400000000005,2183.04
2025-03-31,SKU010,Personal Care,KwaZulu-Natal,Supermarket,46.98,26.9,44.89,49.45,0.0445,0,0,101.18,30.94,122,115,5162.35,2068.8500000000004
2025-04-01,SKU010,Personal Care,Western Cape,Supermarket,46.98,26.9,37.38,46.47,0.2044,1,0,101.34,30.96,229,191,7139.580000000001,2001.6800000000007
2025-04-02,SKU010,Personal Care,Western Cape,Supermarket,46.98,26.9,43.63,46.01,0.0713,1,0,100.95,31.01,207,148,6457.240000000001,2476.0400000000004
2025-04-03,SKU010,Personal Care,Western Cape,Supermarket,46.98,26.9,45.55,48.67,0.0305,0,0,101.45,30.71,197,116,5283.799999999999,2163.3999999999996
2025-04-04,SKU010,Personal Care,Western Cape,Convenience,46.98,26.9,51.44,48.66,0.0,0,1,100.52,30.71,147,89,4578.16,2184.06
2025-04-05,SKU010,Personal Care,Gauteng,Supermarket,46.98,26.9,42.96,46.33,0.0856,1,1,100.47,30.61,293,189,8119.4400000000005,3035.3400000000006
2025-04-06,SKU010,Personal Care,Western Cape,Supermarket,46.98,26.9,45.41,45.21,0.0335,0,1,100.96,30.93,219,139,6311.99,2572.89
2025-04-07,SKU010,Personal Care,Western Cape,Supermarket,46.98,26.9,41.13,49.9,0.1245,1,0,101.17,30.42,154,154,6334.02,2191.4200000000005
2025-04-08,SKU010,Personal Care,KwaZulu-Natal,Supermarket,46.98,26.9,49.49,48.02,0.0,0,0,100.77,30.84,162,111,5493.39,2507.4900000000002
2025-04-09,SKU010,Personal Care,KwaZulu-Natal,Supermarket,46.98,26.9,47.8,47.48,0.0,0,0,101.06,30.63,156,107,5114.599999999999,2236.2999999999997
2025-04-10,SKU010,Personal Care,Gauteng,Convenience,46.98,26.9,45.09,48.91,0.0403,0,0,100.75,30.64,128,118,5320.620000000001,2146.4200000000005
2025-04-11,SKU010,Personal Care,Western Cape,Supermarket,46.98,26.9,43.96,48.78,0.0644,0,1,101.08,30.52,163,152,6681.92,2593.1200000000003
2025-04-12,SKU010,Personal Care,Gauteng,Supermarket,46.98,26.9,46.02,45.59,0.0205,1,1,101.41,30.56,197,176,8099.52,3365.120000000001
2025-04-13,SKU010,Personal Care,Gauteng,Hyper,46.98,26.9,45.9,49.74,0.0231,0,1,101.43,30.87,197,172,7894.8,3268.0
2025-04-14,SKU010,Personal Care,Gauteng,Supermarket,46.98,26.9,41.62,49.4,0.1141,1,0,101.38,30.58,148,148,6159.759999999999,2178.56
2025-04-15,SKU010,Personal Care,Gauteng,Supermarket,46.98,26.9,47.16,47.67,0.0,0,0,101.1,30.53,168,108,5093.28,2188.08
2025-04-16,SKU010,Personal Care,KwaZulu-Natal,Supermarket,46.98,26.9,43.94,46.41,0.0646,0,0,101.31,30.38,226,140,6151.599999999999,2385.6
2025-04-17,SKU010,Personal Care,Gauteng,Hyper,46.98,26.9,45.55,47.63,0.0305,0,0,101.15,30.5,163,158,7196.9,2946.7
2025-04-18,SKU010,Personal Care,KwaZulu-Natal,Supermarket,46.98,26.9,40.93,47.52,0.1289,1,1,100.94,30.5,142,142,5812.06,1992.2600000000002
2025-04-19,SKU010,Personal Care,Western Cape,Supermarket,46.98,26.9,48.84,49.64,0.0,0,1,101.1,30.47,142,120,5860.8,2632.8000000000006
2025-04-20,SKU010,Personal Care,Gauteng,Supermarket,46.98,26.9,48.44,48.16,0.0,0,1,101.65,30.28,159,153,7411.32,3295.62
2025-04-21,SKU010,Personal Care,Gauteng,Supermarket,46.98,26.9,51.58,46.02,0.0,0,0,101.21,30.59,92,92,4745.36,2270.56
2025-04-22,SKU010,Personal Care,Western Cape,Convenience,46.98,26.9,42.97,48.03,0.0854,0,0,101.31,30.57,125,120,5156.4,1928.4
2025-04-23,SKU010,Personal Care,Western Cape,Supermarket,46.98,26.9,44.23,45.69,0.0585,0,0,101.45,30.16,106,106,4688.38,1836.9799999999998
2025-04-24,SKU010,Personal Care,Western Cape,Convenience,46.98,26.9,44.46,45.94,0.0537,0,0,101.13,30.05,168,116,5157.36,2036.9600000000003
2025-04-25,SKU010,Personal Care,Western Cape,Convenience,46.98,26.9,45.31,46.21,0.0356,0,1,101.25,30.37,156,130,5890.3,2393.3000000000006
2025-04-26,SKU010,Personal Care,Western Cape,Supermarket,46.98,26.9,44.0,48.09,0.0633,0,1,101.03,30.25,185,132,5808.0,2257.2000000000003
2025-04-27,SKU010,Personal Care,Gauteng,Supermarket,46.98,26.9,51.25,48.8,0.0,0,1,101.37,30.4,114,97,4971.25,2361.9500000000003
2025-04-28,SKU010,Personal Care,KwaZulu-Natal,Supermarket,46.98,26.9,42.75,45.98,0.0901,0,0,101.21,30.19,156,123,5258.25,1949.5500000000002
2025-04-29,SKU010,Personal Care,Gauteng,Convenience,46.98,26.9,39.68,47.57,0.1553,1,0,100.74,30.05,191,155,6150.4,1980.9
2025-04-30,SKU010,Personal Care,Western Cape,Supermarket,46.98,26.9,42.83,44.75,0.0883,0,0,100.89,30.18,155,126,5396.58,2007.18
2025-05-01,SKU010,Personal Care,Western Cape,Hyper,46.98,26.9,49.11,46.97,0.0,0,0,101.55,30.33,148,131,6433.41,2909.51
2025-05-02,SKU010,Personal Care,Gauteng,Convenience,46.98,26.9,42.87,46.3,0.0875,0,0,101.07,30.1,141,112,4801.44,1788.6399999999999
2025-05-03,SKU010,Personal Care,Western Cape,Hyper,46.98,26.9,43.32,47.94,0.0779,0,0,101.43,30.04,195,153,6627.96,2512.26
2025-05-04,SKU010,Personal Care,Gauteng,Supermarket,46.98,26.9,46.52,47.14,0.0097,0,0,101.23,29.8,190,137,6373.240000000001,2687.9400000000005
2025-05-05,SKU010,Personal Care,KwaZulu-Natal,Supermarket,46.98,26.9,47.99,46.86,0.0,0,0,101.55,29.81,166,109,5230.91,2298.8100000000004
2025-05-06,SKU010,Personal Care,Gauteng,Supermarket,46.98,26.9,44.62,48.59,0.0502,0,0,101.17,30.19,171,142,6336.04,2516.24
2025-05-07,SKU010,Personal Care,Western Cape,Supermarket,46.98,26.9,48.28,45.32,0.0,0,0,101.58,29.97,175,116,5600.4800000000005,2480.0800000000004
2025-05-08,SKU010,Personal Care,Gauteng,Supermarket,46.98,26.9,44.46,47.03,0.0537,1,0,101.91,29.93,184,143,6357.78,2511.0800000000004
2025-05-09,SKU010,Personal Care,Gauteng,Supermarket,46.98,26.9,46.53,48.7,0.0096,0,0,101.58,30.1,137,126,5862.78,2473.38
2025-05-10,SKU010,Personal Care,Gauteng,Supermarket,46.98,26.9,43.84,48.26,0.0667,0,0,101.28,29.65,199,150,6576.000000000001,2541.000000000001
2025-05-11,SKU010,Personal Care,Gauteng,Supermarket,46.98,26.9,50.69,46.34,0.0,0,0,101.38,29.92,140,106,5373.139999999999,2521.74
2025-05-12,SKU010,Personal Care,Gauteng,Supermarket,46.98,26.9,47.88,47.82,0.0,0,0,102.17,29.9,118,92,4404.96,1930.1600000000003
2025-05-13,SKU010,Personal Care,Gauteng,Supermarket,46.98,26.9,47.64,48.18,0.0,0,0,101.49,29.75,136,125,5955.0,2592.5000000000005
2025-05-14,SKU010,Personal Care,KwaZulu-Natal,Supermarket,46.98,26.9,39.99,50.48,0.1489,1,0,101.98,29.81,188,144,5758.56,1884.9600000000005
2025-05-15,SKU010,Personal Care,Gauteng,Supermarket,46.98,26.9,47.4,46.46,0.0,0,0,101.22,29.76,166,115,5451.0,2357.5
2025-05-16,SKU010,Personal Care,Western Cape,Convenience,46.98,26.9,43.87,49.44,0.0662,0,0,101.53,29.98,118,105,4606.349999999999,1781.85
2025-05-17,SKU010,Personal Care,Western Cape,Hyper,46.98,26.9,44.11,45.91,0.0612,0,0,101.16,29.81,170,129,5690.19,2220.09
2025-05-18,SKU010,Personal Care,Western Cape,Convenience,46.98,26.9,46.68,50.53,0.0063,0,0,101.48,29.54,88,79,3687.72,1562.6200000000001
2025-05-19,SKU010,Personal Care,Gauteng,Supermarket,46.98,26.9,51.32,48.41,0.0,0,0,101.32,29.8,166,119,6107.08,2905.98
2025-05-20,SKU010,Personal Care,Gauteng,Hyper,46.98,26.9,45.38,46.21,0.034,0,0,101.46,29.6,156,156,7079.280000000001,2882.8800000000006
2025-05-21,SKU010,Personal Care,Gauteng,Convenience,46.98,26.9,42.76,48.42,0.0899,0,0,101.2,29.6,98,98,4190.48,1554.28
2025-05-22,SKU010,Personal Care,KwaZulu-Natal,Supermarket,46.98,26.9,45.74,46.59,0.0265,0,0,101.54,29.45,117,111,5077.14,2091.2400000000002
2025-05-23,SKU010,Personal Care,Western Cape,Supermarket,46.98,26.9,46.19,44.74,0.0167,0,0,101.04,29.36,132,119,5496.61,2295.5099999999998
2025-05-24,SKU010,Personal Care,Gauteng,Supermarket,46.98,26.9,46.77,49.99,0.0045,0,0,101.71,29.53,182,135,6313.950000000001,2682.4500000000007
2025-05-25,SKU010,Personal Care,Gauteng,Convenience,46.98,26.9,47.28,47.35,0.0,0,0,101.59,29.44,107,98,4633.4400000000005,1997.2400000000002
2025-05-26,SKU010,Personal Care,Gauteng,Supermarket,46.98,26.9,45.57,45.43,0.03,0,0,102.05,29.29,149,116,5286.12,2165.7200000000003
2025-05-27,SKU010,Personal Care,Gauteng,Supermarket,46.98,26.9,45.8,49.49,0.0252,1,0,101.27,29.36,177,141,6457.799999999999,2664.8999999999996
2025-05-28,SKU010,Personal Care,Western Cape,Supermarket,46.98,26.9,48.03,49.27,0.0,0,0,101.49,29.46,138,100,4803.0,2113.0000000000005
2025-05-29,SKU010,Personal Care,Gauteng,Hyper,46.98,26.9,48.58,47.08,0.0,0,0,101.43,29.48,207,152,7384.16,3295.36
2025-05-30,SKU010,Personal Care,Gauteng,Supermarket,46.98,26.9,44.03,48.13,0.0627,0,0,101.62,29.24,126,126,5547.78,2158.38
2025-05-31,SKU010,Personal Care,KwaZulu-Natal,Hyper,46.98,26.9,42.93,47.01,0.0862,0,0,101.51,29.37,211,143,6138.99,2292.29
2025-06-01,SKU010,Personal Care,Western Cape,Hyper,46.98,26.9,47.72,48.05,0.0,0,0,101.75,29.29,159,115,5487.8,2394.3
2025-06-02,SKU010,Personal Care,Gauteng,Supermarket,46.98,26.9,51.51,48.33,0.0,0,0,101.91,29.35,155,108,5563.08,2657.88
2025-06-03,SKU010,Personal Care,Western Cape,Supermarket,46.98,26.9,40.52,46.0,0.1374,1,0,102.06,29.19,180,164,6645.280000000001,2233.6800000000007
2025-06-04,SKU010,Personal Care,KwaZulu-Natal,Convenience,46.98,26.9,45.09,48.74,0.0401,0,0,101.68,29.25,107,86,3877.7400000000002,1564.3400000000004
2025-06-05,SKU010,Personal Care,Western Cape,Supermarket,46.98,26.9,44.79,47.69,0.0467,0,0,102.12,29.27,172,126,5643.54,2254.14
2025-06-06,SKU010,Personal Care,Western Cape,Supermarket,46.98,26.9,46.49,48.29,0.0105,0,0,101.84,29.25,120,97,4509.53,1900.2300000000002
2025-06-07,SKU010,Personal Care,Western Cape,Supermarket,46.98,26.9,46.06,47.71,0.0196,0,0,101.36,29.05,126,114,5250.84,2184.2400000000002
2025-06-08,SKU010,Personal Care,Western Cape,Supermarket,46.98,26.9,46.08,46.08,0.0192,0,0,102.03,29.02,114,103,4746.24,1975.54
2025-06-09,SKU010,Personal Care,Gauteng,Supermarket,46.98,26.9,48.19,48.96,0.0,0,0,101.77,29.27,85,85,4096.15,1809.6499999999999
2025-06-10,SKU010,Personal Care,Gauteng,Supermarket,46.98,26.9,50.51,46.12,0.0,0,0,101.83,28.97,127,111,5606.61,2620.71
2025-06-11,SKU010,Personal Care,Gauteng,Hyper,46.98,26.9,46.03,49.5,0.0202,0,0,101.88,29.06,163,130,5983.900000000001,2486.9000000000005
2025-06-12,SKU010,Personal Care,Gauteng,Convenience,46.98,26.9,42.35,47.67,0.0986,0,0,101.66,29.13,144,107,4531.45,1653.1500000000003
2025-06-13,SKU010,Personal Care,KwaZulu-Natal,Hyper,46.98,26.9,50.67,48.55,0.0,0,0,101.6,28.87,140,107,5421.6900000000005,2543.3900000000003
2025-06-14,SKU010,Personal Care,Western Cape,Supermarket,46.98,26.9,48.41,44.96,0.0,0,0,101.91,29.04,101,101,4889.41,2172.5099999999998
2025-06-15,SKU010,Personal Care,Western Cape,Supermarket,46.98,26.9,50.95,46.82,0.0,0,0,101.59,29.15,115,89,4534.55,2140.4500000000003
2025-06-16,SKU010,Personal Care,Western Cape,Supermarket,46.98,26.9,48.49,47.39,0.0,0,0,101.82,29.05,173,105,5091.45,2266.9500000000003
2025-06-17,SKU010,Personal Care,KwaZulu-Natal,Supermarket,46.98,26.9,49.76,49.01,0.0,0,0,101.55,28.78,102,102,5075.5199999999995,2331.72
2025-06-18,SKU010,Personal Care,Western Cape,Supermarket,46.98,26.9,42.68,47.48,0.0916,0,0,102.05,29.12,109,95,4054.6,1499.1000000000001
2025-06-19,SKU010,Personal Care,Gauteng,Supermarket,46.98,26.9,48.87,48.62,0.0,0,0,101.47,28.87,131,100,4887.0,2197.0
2025-06-20,SKU010,Personal Care,KwaZulu-Natal,Convenience,46.98,26.9,50.73,50.5,0.0,0,0,101.67,28.69,93,66,3348.18,1572.78
2025-06-21,SKU010,Personal Care,Western Cape,Supermarket,46.98,26.9,43.05,46.69,0.0837,1,0,101.75,28.88,173,119,5122.95,1921.85
2025-06-22,SKU010,Personal Care,Gauteng,Convenience,46.98,26.9,40.05,47.74,0.1476,1,0,102.42,28.69,210,132,5286.599999999999,1735.7999999999997
2025-06-23,SKU010,Personal Care,Western Cape,Supermarket,46.98,26.9,50.54,45.49,0.0,0,0,101.91,29.37,129,90,4548.6,2127.6
2025-06-24,SKU010,Personal Care,Gauteng,Supermarket,46.98,26.9,48.18,47.91,0.0,0,0,101.96,28.93,133,91,4384.38,1936.48
2025-06-25,SKU010,Personal Care,Western Cape,Supermarket,46.98,26.9,49.94,47.4,0.0,0,0,102.47,28.76,117,101,5043.94,2327.04
2025-06-26,SKU010,Personal Care,Western Cape,Supermarket,46.98,26.9,36.96,47.3,0.2133,1,0,101.93,28.83,163,163,6024.4800000000005,1639.7800000000004
2025-06-27,SKU010,Personal Care,KwaZulu-Natal,Convenience,46.98,26.9,45.67,45.33,0.0278,0,0,101.95,28.94,122,89,4064.63,1670.5300000000002
2025-06-28,SKU010,Personal Care,Gauteng,Supermarket,46.98,26.9,40.02,48.14,0.1482,1,0,101.74,28.75,177,146,5842.92,1915.5200000000007
2025-06-29,SKU010,Personal Care,Western Cape,Supermarket,46.98,26.9,44.71,48.06,0.0483,1,0,102.02,28.83,76,76,3397.96,1353.5600000000002
2025-06-30,SKU010,Personal Care,Gauteng,Convenience,46.98,26.9,44.88,51.07,0.0448,0,0,101.97,28.75,113,103,4622.64,1851.9400000000005
2025-07-01,SKU010,Personal Care,KwaZulu-Natal,Hyper,46.98,26.9,44.12,48.52,0.061,0,0,101.18,28.75,97,97,4279.639999999999,1670.34
2025-07-02,SKU010,Personal Care,KwaZulu-Natal,Convenience,46.98,26.9,48.71,46.72,0.0,0,0,102.2,28.58,97,74,3604.54,1613.94
2025-07-03,SKU010,Personal Care,KwaZulu-Natal,Supermarket,46.98,26.9,48.5,48.44,0.0,0,0,101.75,28.87,118,108,5238.0,2332.8
2025-07-04,SKU010,Personal Care,Gauteng,Hyper,46.98,26.9,45.89,45.2,0.0231,0,0,101.72,28.78,160,132,6057.4800000000005,2506.6800000000003
2025-07-05,SKU010,Personal Care,Gauteng,Supermarket,46.98,26.9,46.77,47.18,0.0045,0,0,101.99,28.53,136,115,5378.55,2285.0500000000006
2025-07-06,SKU010,Personal Care,Gauteng,Convenience,46.98,26.9,41.81,46.02,0.11,1,0,101.87,28.81,216,116,4849.96,1729.5600000000004
2025-07-07,SKU010,Personal Care,Gauteng,Supermarket,46.98,26.9,49.39,47.05,0.0,0,0,102.61,28.72,164,105,5185.95,2361.4500000000003
2025-07-08,SKU010,Personal Care,KwaZulu-Natal,Hyper,46.98,26.9,39.84,46.25,0.152,1,0,102.1,28.87,132,130,5179.200000000001,1682.2000000000007
2025-07-09,SKU010,Personal Care,Western Cape,Convenience,46.98,26.9,39.06,45.85,0.1685,1,0,102.27,28.7,157,120,4687.200000000001,1459.2000000000005
2025-07-10,SKU010,Personal Care,Gauteng,Supermarket,46.98,26.9,46.61,49.08,0.0079,0,0,102.1,28.77,146,111,5173.71,2187.81
2025-07-11,SKU010,Personal Care,Gauteng,Hyper,46.98,26.9,46.42,46.37,0.012,0,0,102.7,28.71,151,131,6081.02,2557.1200000000003
2025-07-12,SKU010,Personal Care,Western Cape,Supermarket,46.98,26.9,46.19,50.18,0.0168,0,0,102.32,28.68,131,93,4295.67,1793.97
2025-07-13,SKU010,Personal Care,KwaZulu-Natal,Convenience,46.98,26.9,44.72,49.69,0.0482,0,0,102.24,28.85,96,83,3711.7599999999998,1479.06
2025-07-14,SKU010,Personal Care,Gauteng,Supermarket,46.98,26.9,39.33,47.98,0.1628,1,0,102.41,28.78,131,131,5152.23,1628.33
2025-07-15,SKU010,Personal Care,Gauteng,Supermarket,46.98,26.9,38.28,49.17,0.1851,1,0,101.82,28.63,190,150,5742.0,1707.0000000000005
2025-07-16,SKU010,Personal Care,Gauteng,Convenience,46.98,26.9,43.97,48.12,0.064,1,0,102.38,28.98,106,92,4045.24,1570.44
2025-07-17,SKU010,Personal Care,KwaZulu-Natal,Hyper,46.98,26.9,45.4,48.96,0.0336,0,0,102.34,29.25,123,113,5130.2,2090.5
2025-07-18,SKU010,Personal Care,Gauteng,Hyper,46.98,26.9,38.05,49.79,0.1902,1,0,102.2,28.7,235,183,6963.15,2040.4499999999998
2025-07-19,SKU010,Personal Care,KwaZulu-Natal,Hyper,46.98,26.9,45.77,47.35,0.0257,0,0,102.21,28.8,126,103,4714.31,1943.6100000000006
2025-07-20,SKU010,Personal Care,Western Cape,Supermarket,46.98,26.9,42.36,47.21,0.0983,0,0,102.55,28.75,127,103,4363.08,1592.38
2025-07-21,SKU010,Personal Care,Gauteng,Supermarket,46.98,26.9,46.05,47.93,0.0198,0,0,102.34,28.72,197,119,5479.95,2278.85
2025-07-22,SKU010,Personal Care,Western Cape,Hyper,46.98,26.9,39.82,47.44,0.1524,1,0,102.11,28.91,166,131,5216.42,1692.5200000000002
2025-07-23,SKU010,Personal Care,Gauteng,Convenience,46.98,26.9,51.53,49.95,0.0,0,0,102.1,28.85,80,68,3504.04,1674.8400000000001
2025-07-24,SKU010,Personal Care,Western Cape,Supermarket,46.98,26.9,47.51,45.35,0.0,0,0,102.26,28.61,98,95,4513.45,1957.95
2025-07-25,SKU010,Personal Care,Western Cape,Convenience,46.98,26.9,43.88,48.11,0.066,0,0,102.53,29.01,83,83,3642.0400000000004,1409.3400000000004
2025-07-26,SKU010,Personal Care,Gauteng,Convenience,46.98,26.9,48.55,44.15,0.0,0,0,102.08,28.78,95,77,3738.35,1667.05
2025-07-27,SKU010,Personal Care,Western Cape,Hyper,46.98,26.9,45.93,47.39,0.0224,0,0,102.38,29.09,141,103,4730.79,1960.0900000000001
2025-07-28,SKU010,Personal Care,Gauteng,Supermarket,46.98,26.9,47.68,42.05,0.0,0,0,102.32,28.85,152,106,5054.08,2202.6800000000003
2025-07-29,SKU010,Personal Care,Western Cape,Convenience,46.98,26.9,50.25,49.7,0.0,0,0,101.93,28.86,102,73,3668.25,1704.5500000000002
2025-07-30,SKU010,Personal Care,KwaZulu-Natal,Supermarket,46.98,26.9,48.27,48.06,0.0,0,0,102.27,28.93,112,90,4344.3,1923.3000000000004
2025-07-31,SKU010,Personal Care,Gauteng,Supermarket,46.98,26.9,45.46,46.44,0.0324,0,0,102.14,28.89,159,127,5773.42,2357.1200000000003
2025-08-01,SKU010,Personal Care,Western Cape,Supermarket,46.98,26.9,36.3,47.82,0.2274,1,0,102.36,29.17,167,158,5735.4,1485.1999999999998
2025-08-02,SKU010,Personal Care,Gauteng,Supermarket,46.98,26.9,48.84,45.03,0.0,0,0,102.94,29.08,122,98,4786.320000000001,2150.1200000000003
2025-08-03,SKU010,Personal Care,Gauteng,Supermarket,46.98,26.9,42.45,48.43,0.0965,0,0,102.91,28.98,167,141,5985.450000000001,2192.5500000000006
2025-08-04,SKU010,Personal Care,Gauteng,Supermarket,46.98,26.9,44.89,51.03,0.0445,0,0,102.19,28.97,138,106,4758.34,1906.9400000000003
2025-08-05,SKU010,Personal Care,Western Cape,Supermarket,46.98,26.9,44.9,48.2,0.0443,0,0,102.86,29.02,114,82,3681.7999999999997,1476.0
2025-08-06,SKU010,Personal Care,Gauteng,Supermarket,46.98,26.9,45.75,46.78,0.0262,0,0,102.32,29.2,100,100,4575.0,1885.0000000000002
2025-08-07,SKU010,Personal Care,KwaZulu-Natal,Hyper,46.98,26.9,46.85,48.38,0.0028,0,0,102.52,29.37,138,101,4731.85,2014.9500000000003
2025-08-08,SKU010,Personal Care,KwaZulu-Natal,Supermarket,46.98,26.9,44.24,45.51,0.0584,0,0,103.08,29.12,117,96,4247.04,1664.6400000000003
2025-08-09,SKU010,Personal Care,KwaZulu-Natal,Supermarket,46.98,26.9,51.22,47.68,0.0,0,0,102.49,29.3,87,70,3585.4,1702.4
2025-08-10,SKU010,Personal Care,Western Cape,Hyper,46.98,26.9,48.18,47.06,0.0,0,0,102.2,28.88,90,73,3517.14,1553.44
2025-08-11,SKU010,Personal Care,KwaZulu-Natal,Convenience,46.98,26.9,43.21,45.27,0.0803,0,0,102.46,29.38,93,68,2938.28,1109.0800000000002
2025-08-12,SKU010,Personal Care,Gauteng,Supermarket,46.98,26.9,51.22,45.92,0.0,0,0,102.45,29.23,96,84,4302.48,2042.88
2025-08-13,SKU010,Personal Care,Gauteng,Supermarket,46.98,26.9,43.53,47.61,0.0735,1,0,102.3,29.17,132,108,4701.24,1796.0400000000002
2025-08-14,SKU010,Personal Care,Gauteng,Supermarket,46.98,26.9,46.17,48.32,0.0172,0,0,102.67,29.32,133,84,3878.28,1618.6800000000003
2025-08-15,SKU010,Personal Care,Gauteng,Convenience,46.98,26.9,37.12,45.84,0.2098,1,0,102.22,29.43,149,106,3934.72,1083.32
2025-08-16,SKU010,Personal Care,KwaZulu-Natal,Supermarket,46.98,26.9,46.65,48.25,0.0069,0,0,102.58,29.45,123,80,3732.0,1580.0
2025-08-17,SKU010,Personal Care,Gauteng,Hyper,46.98,26.9,51.46,48.76,0.0,0,0,102.26,29.56,99,92,4734.32,2259.5200000000004
2025-08-18,SKU010,Personal Care,Gauteng,Supermarket,46.98,26.9,49.77,46.77,0.0,0,0,102.34,29.55,62,58,2886.6600000000003,1326.4600000000003
2025-08-19,SKU010,Personal Care,Western Cape,Supermarket,46.98,26.9,48.28,49.34,0.0,0,0,102.53,29.37,101,74,3572.7200000000003,1582.1200000000001
2025-08-20,SKU010,Personal Care,Western Cape,Hyper,46.98,26.9,43.76,49.16,0.0684,1,0,102.14,29.32,159,123,5382.48,2073.7799999999997
2025-08-21,SKU010,Personal Care,Gauteng,Convenience,46.98,26.9,49.76,47.54,0.0,0,0,103.01,29.45,87,80,3980.7999999999997,1828.8
2025-08-22,SKU010,Personal Care,KwaZulu-Natal,Supermarket,46.98,26.9,43.53,49.66,0.0735,0,0,102.46,29.7,111,107,4657.71,1779.4100000000003
2025-08-23,SKU010,Personal Care,Western Cape,Supermarket,46.98,26.9,44.45,48.59,0.0539,0,0,102.51,29.47,105,77,3422.65,1351.3500000000004
2025-08-24,SKU010,Personal Care,Western Cape,Hyper,46.98,26.9,48.6,47.37,0.0,0,0,102.38,29.59,179,102,4957.2,2213.4
2025-08-25,SKU010,Personal Care,Western Cape,Supermarket,46.98,26.9,45.2,48.04,0.0378,0,0,102.23,29.62,66,66,2983.2000000000003,1207.8000000000002
2025-08-26,SKU010,Personal Care,Gauteng,Convenience,46.98,26.9,44.7,46.43,0.0485,0,0,102.35,29.8,141,107,4782.900000000001,1904.6000000000004
2025-08-27,SKU010,Personal Care,Gauteng,Supermarket,46.98,26.9,42.63,46.61,0.0925,0,0,102.92,29.75,130,94,4007.2200000000003,1478.6200000000003
2025-08-28,SKU010,Personal Care,Western Cape,Supermarket,46.98,26.9,45.42,48.37,0.0332,0,0,102.42,29.59,164,100,4542.0,1852.0000000000002
2025-01-01,SKU011,Beverages,Western Cape,Hyper,27.81,18.47,29.06,27.62,0.0,0,0,100.12,29.87,229,198,5753.88,2096.82
2025-01-02,SKU011,Beverages,KwaZulu-Natal,Supermarket,27.81,18.47,26.47,27.55,0.0481,0,0,100.09,30.02,191,190,5029.3,1520.0
2025-01-03,SKU011,Beverages,Western Cape,Supermarket,27.81,18.47,21.08,27.61,0.2421,1,0,100.81,29.93,434,394,8305.519999999999,1028.3399999999997
2025-01-04,SKU011,Beverages,Western Cape,Convenience,27.81,18.47,29.37,27.12,0.0,0,0,100.02,29.69,205,132,3876.84,1438.8000000000002
2025-01-05,SKU011,Beverages,Gauteng,Hyper,27.81,18.47,28.8,26.99,0.0,0,0,100.38,30.09,190,178,5126.400000000001,1838.7400000000002
2025-01-06,SKU011,Beverages,Gauteng,Convenience,27.81,18.47,28.05,28.15,0.0,0,0,99.85,30.32,168,124,3478.2000000000003,1187.9200000000003
2025-01-07,SKU011,Beverages,Gauteng,Hyper,27.81,18.47,30.51,28.46,0.0,0,0,100.45,30.14,263,184,5613.84,2215.3600000000006
2025-01-08,SKU011,Beverages,Gauteng,Hyper,27.81,18.47,25.34,26.38,0.0889,0,0,99.68,30.5,375,271,6867.14,1861.7700000000002
2025-01-09,SKU011,Beverages,Western Cape,Convenience,27.81,18.47,28.65,26.06,0.0,0,0,99.65,30.17,234,143,4096.95,1455.74
2025-01-10,SKU011,Beverages,Western Cape,Supermarket,27.81,18.47,27.06,27.66,0.0269,0,0,100.06,30.38,195,195,5276.7,1675.05
2025-01-11,SKU011,Beverages,KwaZulu-Natal,Convenience,27.81,18.47,28.96,27.85,0.0,0,0,100.78,30.36,109,109,3156.64,1143.4100000000003
2025-01-12,SKU011,Beverages,Gauteng,Hyper,27.81,18.47,29.57,27.35,0.0,0,0,99.95,30.34,172,172,5086.04,1909.2000000000003
2025-01-13,SKU011,Beverages,Gauteng,Convenience,27.81,18.47,27.27,28.74,0.0195,0,0,100.41,30.41,163,135,3681.45,1188.0
2025-01-14,SKU011,Beverages,KwaZulu-Natal,Supermarket,27.81,18.47,26.72,27.04,0.0393,0,0,100.02,30.31,286,163,4355.36,1344.75
2025-01-15,SKU011,Beverages,Gauteng,Supermarket,27.81,18.47,27.28,28.38,0.0189,0,0,100.34,30.57,180,180,4910.400000000001,1585.8000000000004
2025-01-16,SKU011,Beverages,KwaZulu-Natal,Convenience,27.81,18.47,24.53,27.28,0.118,1,0,100.28,30.53,143,143,3507.79,866.5800000000004
2025-01-17,SKU011,Beverages,KwaZulu-Natal,Supermarket,27.81,18.47,27.95,27.32,0.0,0,0,100.65,30.55,184,164,4583.8,1554.72
2025-01-18,SKU011,Beverages,KwaZulu-Natal,Supermarket,27.81,18.47,25.04,28.39,0.0997,0,0,100.45,30.46,245,207,5183.28,1359.99
2025-01-19,SKU011,Beverages,Gauteng,Supermarket,27.81,18.47,25.25,25.78,0.0921,1,0,100.22,30.66,239,227,5731.75,1539.0600000000002
2025-01-20,SKU011,Beverages,Gauteng,Supermarket,27.81,18.47,28.65,28.6,0.0,0,0,100.18,30.67,219,183,5242.95,1862.94
2025-01-21,SKU011,Beverages,Gauteng,Supermarket,27.81,18.47,26.15,29.02,0.0598,0,0,99.66,30.48,200,200,5230.0,1536.0
2025-01-22,SKU011,Beverages,Gauteng,Supermarket,27.81,18.47,29.81,26.64,0.0,0,0,100.67,30.56,188,140,4173.4,1587.6
2025-01-23,SKU011,Beverages,Gauteng,Supermarket,27.81,18.47,27.81,28.62,0.0,0,0,100.77,30.77,378,220,6118.2,2054.8
2025-01-24,SKU011,Beverages,Gauteng,Supermarket,27.81,18.47,26.48,27.31,0.048,0,0,100.36,30.61,281,223,5905.04,1786.2300000000002
2025-01-25,SKU011,Beverages,Western Cape,Supermarket,27.81,18.47,29.14,26.13,0.0,0,0,100.33,30.67,227,151,4400.14,1611.1700000000003
2025-01-26,SKU011,Beverages,Western Cape,Supermarket,27.81,18.47,23.23,26.0,0.1646,1,0,100.45,30.73,380,362,8409.26,1723.1200000000006
2025-01-27,SKU011,Beverages,Gauteng,Supermarket,27.81,18.47,30.58,27.85,0.0,0,0,100.2,30.67,194,150,4587.0,1816.5
2025-01-28,SKU011,Beverages,KwaZulu-Natal,Supermarket,27.81,18.47,27.29,27.5,0.0185,0,0,100.07,30.68,235,190,5185.099999999999,1675.8
2025-01-29,SKU011,Beverages,Gauteng,Convenience,27.81,18.47,25.33,27.3,0.0893,0,0,99.97,30.77,288,225,5699.25,1543.4999999999998
2025-01-30,SKU011,Beverages,Western Cape,Hyper,27.81,18.47,29.22,28.08,0.0,0,0,100.04,31.03,174,174,5084.28,1870.5
2025-01-31,SKU011,Beverages,Western Cape,Supermarket,27.81,18.47,29.09,27.64,0.0,0,0,100.05,30.83,192,153,4450.7699999999995,1624.8600000000001
2025-02-01,SKU011,Beverages,Gauteng,Supermarket,27.81,18.47,27.62,27.34,0.007,0,0,100.72,30.92,315,220,6076.400000000001,2013.0000000000005
2025-02-02,SKU011,Beverages,Gauteng,Supermarket,27.81,18.47,28.6,27.39,0.0,0,0,100.75,30.54,230,162,4633.2,1641.0600000000004
2025-02-03,SKU011,Beverages,Western Cape,Convenience,27.81,18.47,29.39,26.8,0.0,0,0,100.37,30.48,185,143,4202.77,1561.5600000000002
2025-02-04,SKU011,Beverages,Gauteng,Supermarket,27.81,18.47,27.68,27.0,0.0048,0,0,100.23,30.78,226,213,5895.84,1961.7300000000002
2025-02-05,SKU011,Beverages,Western Cape,Hyper,27.81,18.47,29.56,27.67,0.0,0,0,99.43,31.16,178,157,4640.92,1741.1299999999999
2025-02-06,SKU011,Beverages,Western Cape,Supermarket,27.81,18.47,26.02,28.55,0.0645,1,0,100.96,30.82,201,201,5230.0199999999995,1517.5500000000002
2025-02-07,SKU011,Beverages,Gauteng,Supermarket,27.81,18.47,29.07,28.21,0.0,0,0,100.43,31.19,194,141,4098.87,1494.6000000000001
2025-02-08,SKU011,Beverages,Gauteng,Supermarket,27.81,18.47,25.92,27.14,0.068,0,0,99.89,30.86,258,228,5909.76,1698.6000000000006
2025-02-09,SKU011,Beverages,Western Cape,Supermarket,27.81,18.47,25.31,27.16,0.09,0,0,100.12,31.16,234,216,5466.96,1477.44
2025-02-10,SKU011,Beverages,Gauteng,Supermarket,27.81,18.47,27.79,27.94,0.0008,0,0,100.22,30.95,171,171,4752.09,1593.72
2025-02-11,SKU011,Beverages,Western Cape,Supermarket,27.81,18.47,28.46,28.07,0.0,0,0,100.8,30.9,163,163,4638.9800000000005,1628.3700000000003
2025-02-12,SKU011,Beverages,Western Cape,Hyper,27.81,18.47,27.09,28.01,0.0259,0,0,100.51,31.2,313,236,6393.24,2034.3200000000002
2025-02-13,SKU011,Beverages,Gauteng,Supermarket,27.81,18.47,25.53,28.56,0.0821,0,0,100.34,30.99,328,237,6050.610000000001,1673.2200000000005
2025-02-14,SKU011,Beverages,Western Cape,Convenience,27.81,18.47,28.69,27.45,0.0,0,0,100.67,30.9,231,150,4303.5,1533.0000000000005
2025-02-15,SKU011,Beverages,Western Cape,Convenience,27.81,18.47,29.6,26.77,0.0,0,0,100.22,31.04,148,129,3818.4,1435.7700000000004
2025-02-16,SKU011,Beverages,Gauteng,Hyper,27.81,18.47,26.15,26.98,0.0598,0,0,100.14,30.91,381,285,7452.75,2188.7999999999997
2025-02-17,SKU011,Beverages,Gauteng,Hyper,27.81,18.47,30.56,27.97,0.0,0,0,100.69,30.72,179,179,5470.24,2164.11
2025-02-18,SKU011,Beverages,Gauteng,Convenience,27.81,18.47,28.98,27.46,0.0,0,0,100.17,31.0,210,160,4636.8,1681.6000000000004
2025-02-19,SKU011,Beverages,Western Cape,Supermarket,27.81,18.47,26.25,29.5,0.0559,0,0,100.37,31.24,293,202,5302.5,1571.5600000000002
2025-02-20,SKU011,Beverages,Gauteng,Hyper,27.81,18.47,28.96,27.46,0.0,0,0,100.36,31.12,338,239,6921.4400000000005,2507.1100000000006
2025-02-21,SKU011,Beverages,KwaZulu-Natal,Supermarket,27.81,18.47,28.37,27.79,0.0,0,0,100.43,31.39,162,157,4454.09,1554.3000000000004
2025-02-22,SKU011,Beverages,Gauteng,Hyper,27.81,18.47,30.12,25.79,0.0,0,0,100.23,30.85,239,202,6084.24,2353.3000000000006
2025-02-23,SKU011,Beverages,KwaZulu-Natal,Supermarket,27.81,18.47,23.85,27.34,0.1423,1,0,100.94,31.08,400,323,7703.55,1737.740000000001
2025-02-24,SKU011,Beverages,Gauteng,Convenience,27.81,18.47,26.96,28.2,0.0305,0,0,100.77,31.29,306,176,4744.96,1494.2400000000002
2025-02-25,SKU011,Beverages,Gauteng,Hyper,27.81,18.47,28.72,27.1,0.0,0,0,100.81,31.17,196,196,5629.12,2009.0
2025-02-26,SKU011,Beverages,Gauteng,Convenience,27.81,18.47,24.63,27.53,0.1144,1,0,100.7,30.92,326,290,7142.7,1786.4
2025-02-27,SKU011,Beverages,KwaZulu-Natal,Supermarket,27.81,18.47,29.61,28.01,0.0,0,0,100.38,31.06,255,164,4856.04,1826.96
2025-02-28,SKU011,Beverages,Gauteng,Supermarket,27.81,18.47,30.58,28.53,0.0,0,0,100.79,31.02,151,151,4617.58,1828.61
2025-03-01,SKU011,Beverages,Western Cape,Supermarket,27.81,18.47,27.1,27.93,0.0254,0,0,101.05,31.08,176,176,4769.6,1518.8800000000006
2025-03-02,SKU011,Beverages,Western Cape,Supermarket,27.81,18.47,26.4,27.61,0.0508,0,0,100.76,31.05,364,265,6996.0,2101.45
2025-03-03,SKU011,Beverages,Gauteng,Supermarket,27.81,18.47,29.12,27.99,0.0,0,0,101.35,31.28,256,222,6464.64,2364.3000000000006
2025-03-04,SKU011,Beverages,Western Cape,Supermarket,27.81,18.47,29.78,27.89,0.0,0,0,100.35,31.07,187,136,4050.08,1538.1600000000003
2025-03-05,SKU011,Beverages,Gauteng,Supermarket,27.81,18.47,27.13,27.6,0.0244,0,0,100.85,31.21,305,226,6131.38,1957.16
2025-03-06,SKU011,Beverages,Western Cape,Supermarket,27.81,18.47,27.45,28.25,0.0128,0,0,100.93,31.2,206,206,5654.7,1849.88
2025-03-07,SKU011,Beverages,KwaZulu-Natal,Hyper,27.81,18.47,30.53,27.04,0.0,0,0,100.59,31.04,125,125,3816.25,1507.5000000000002
2025-03-08,SKU011,Beverages,Western Cape,Supermarket,27.81,18.47,25.37,28.39,0.0879,0,0,100.76,31.22,320,264,6697.68,1821.6000000000006
2025-03-09,SKU011,Beverages,Gauteng,Hyper,27.81,18.47,25.84,27.47,0.071,0,0,100.31,31.36,453,337,8708.08,2483.6900000000005
2025-03-10,SKU011,Beverages,Gauteng,Convenience,27.81,18.47,25.18,28.77,0.0946,0,0,100.39,31.19,287,254,6395.72,1704.3400000000001
2025-03-11,SKU011,Beverages,Gauteng,Convenience,27.81,18.47,27.96,27.96,0.0,0,0,100.58,31.32,170,166,4641.360000000001,1575.3400000000004
2025-03-12,SKU011,Beverages,Western Cape,Supermarket,27.81,18.47,26.42,27.08,0.0498,0,0,100.47,30.94,206,205,5416.1,1629.7500000000007
2025-03-13,SKU011,Beverages,Gauteng,Supermarket,27.81,18.47,25.16,26.35,0.0953,0,0,101.26,31.19,250,250,6290.0,1672.5000000000002
2025-03-14,SKU011,Beverages,Western Cape,Supermarket,27.81,18.47,28.64,29.45,0.0,0,0,100.74,31.08,228,169,4840.16,1718.7300000000002
2025-03-15,SKU011,Beverages,Gauteng,Convenience,27.81,18.47,30.47,26.96,0.0,0,0,100.41,31.13,156,147,4479.09,1764.0
2025-03-16,SKU011,Beverages,Gauteng,Convenience,27.81,18.47,23.22,27.26,0.1651,1,0,100.75,31.14,352,301,6989.219999999999,1429.75
2025-03-17,SKU011,Beverages,KwaZulu-Natal,Supermarket,27.81,18.47,28.79,28.22,0.0,0,0,100.89,31.13,215,176,5067.04,1816.3200000000002
2025-03-18,SKU011,Beverages,Western Cape,Supermarket,27.81,18.47,25.77,28.25,0.0734,0,0,100.84,31.3,289,186,4793.22,1357.8000000000002
2025-03-19,SKU011,Beverages,KwaZulu-Natal,Supermarket,27.81,18.47,25.35,27.85,0.0885,0,0,101.09,31.08,223,223,5653.05,1534.2400000000005
2025-03-20,SKU011,Beverages,Western Cape,Hyper,27.81,18.47,25.44,26.73,0.0852,0,0,101.11,30.8,391,262,6665.280000000001,1826.1400000000006
2025-03-21,SKU011,Beverages,Gauteng,Hyper,27.81,18.47,27.82,27.48,0.0,0,0,101.03,31.03,416,262,7288.84,2449.7000000000003
2025-03-22,SKU011,Beverages,Western Cape,Supermarket,27.81,18.47,25.56,27.4,0.081,0,0,101.12,30.96,282,252,6441.12,1786.68
2025-03-23,SKU011,Beverages,Gauteng,Convenience,27.81,18.47,25.96,27.32,0.0666,0,0,100.82,30.86,218,196,5088.16,1468.0400000000004
2025-03-24,SKU011,Beverages,Western Cape,Convenience,27.81,18.47,27.65,28.87,0.0057,0,0,101.72,31.26,144,144,3981.6,1321.92
2025-03-25,SKU011,Beverages,Western Cape,Supermarket,27.81,18.47,26.06,27.52,0.0628,0,0,100.66,30.94,248,246,6410.759999999999,1867.1399999999999
2025-03-26,SKU011,Beverages,KwaZulu-Natal,Hyper,27.81,18.47,28.37,28.34,0.0,0,0,101.01,30.82,242,238,6752.06,2356.2000000000007
2025-03-27,SKU011,Beverages,Western Cape,Convenience,27.81,18.47,29.45,27.47,0.0,0,0,101.22,31.34,195,147,4329.15,1614.0600000000002
2025-03-28,SKU011,Beverages,KwaZulu-Natal,Supermarket,27.81,18.47,25.38,27.04,0.0875,1,0,101.17,31.02,431,257,6522.66,1775.8700000000001
2025-03-29,SKU011,Beverages,Gauteng,Convenience,27.81,18.47,29.41,26.96,0.0,0,0,100.72,31.05,140,129,3793.89,1411.2600000000002
2025-03-30,SKU011,Beverages,KwaZulu-Natal,Supermarket,27.81,18.47,25.43,29.3,0.0857,1,0,100.56,30.77,424,284,7222.12,1976.6400000000003
2025-03-31,SKU011,Beverages,Western Cape,Convenience,27.81,18.47,25.36,28.84,0.0882,0,0,101.26,31.1,329,219,5553.84,1508.91
2025-04-01,SKU011,Beverages,KwaZulu-Natal,Convenience,27.81,18.47,29.32,27.36,0.0,0,0,100.86,31.02,166,142,4163.44,1540.7000000000003
2025-04-02,SKU011,Beverages,Gauteng,Supermarket,27.81,18.47,28.78,27.63,0.0,0,0,100.73,30.82,257,204,5871.12,2103.2400000000007
2025-04-03,SKU011,Beverages,Gauteng,Convenience,27.81,18.47,29.85,28.89,0.0,0,0,101.12,30.65,218,146,4358.1,1661.4800000000005
2025-04-04,SKU011,Beverages,Western Cape,Supermarket,27.81,18.47,29.54,27.83,0.0,0,1,100.65,30.67,199,174,5139.96,1926.18
2025-04-05,SKU011,Beverages,Gauteng,Hyper,27.81,18.47,30.01,26.35,0.0,0,1,100.87,30.47,290,206,6182.06,2377.2400000000007
2025-04-06,SKU011,Beverages,KwaZulu-Natal,Hyper,27.81,18.47,28.94,26.76,0.0,0,1,100.51,30.97,375,251,7263.9400000000005,2627.9700000000007
2025-04-07,SKU011,Beverages,Western Cape,Hyper,27.81,18.47,25.23,27.29,0.0929,0,0,100.3,30.6,393,279,7039.17,1886.0400000000004
2025-04-08,SKU011,Beverages,Gauteng,Convenience,27.81,18.47,27.23,27.33,0.0207,1,0,100.7,30.88,217,217,5908.91,1900.9200000000003
2025-04-09,SKU011,Beverages,Western Cape,Supermarket,27.81,18.47,26.91,27.53,0.0322,0,0,100.74,30.6,212,212,5704.92,1789.2800000000002
2025-04-10,SKU011,Beverages,Gauteng,Supermarket,27.81,18.47,27.93,27.63,0.0,0,0,101.24,30.68,272,212,5921.16,2005.5200000000002
2025-04-11,SKU011,Beverages,Gauteng,Convenience,27.81,18.47,26.47,27.65,0.0482,0,1,101.31,30.67,231,208,5505.76,1664.0
2025-04-12,SKU011,Beverages,KwaZulu-Natal,Supermarket,27.81,18.47,27.2,29.39,0.0219,0,1,100.96,30.88,277,221,6011.2,1929.3300000000002
2025-04-13,SKU011,Beverages,Western Cape,Supermarket,27.81,18.47,29.24,27.83,0.0,0,1,100.7,30.47,116,116,3391.8399999999997,1249.32
2025-04-14,SKU011,Beverages,KwaZulu-Natal,Supermarket,27.81,18.47,25.47,27.28,0.0841,0,0,100.83,30.76,168,168,4278.96,1176.0
2025-04-15,SKU011,Beverages,Western Cape,Supermarket,27.81,18.47,28.04,28.3,0.0,0,0,101.34,30.67,169,169,4738.76,1617.3300000000002
2025-04-16,SKU011,Beverages,Gauteng,Supermarket,27.81,18.47,28.76,27.3,0.0,0,0,100.97,30.8,169,169,4860.4400000000005,1739.0100000000004
2025-04-17,SKU011,Beverages,Gauteng,Supermarket,27.81,18.47,28.04,25.35,0.0,0,0,100.39,30.35,245,191,5355.639999999999,1827.8700000000001
2025-04-18,SKU011,Beverages,Gauteng,Hyper,27.81,18.47,30.59,27.78,0.0,0,1,101.44,30.45,223,198,6056.82,2399.76
2025-04-19,SKU011,Beverages,Western Cape,Hyper,27.81,18.47,23.62,26.95,0.1505,1,1,101.6,30.44,431,367,8668.54,1890.0500000000009
2025-04-20,SKU011,Beverages,KwaZulu-Natal,Supermarket,27.81,18.47,25.57,27.41,0.0804,0,1,101.6,30.07,355,249,6366.93,1767.9000000000003
2025-04-21,SKU011,Beverages,Gauteng,Supermarket,27.81,18.47,28.97,27.5,0.0,0,0,101.38,30.47,170,170,4924.9,1785.0
2025-04-22,SKU011,Beverages,KwaZulu-Natal,Supermarket,27.81,18.47,23.68,27.29,0.1487,1,0,101.38,30.45,324,288,6819.84,1500.4800000000002
2025-04-23,SKU011,Beverages,Gauteng,Supermarket,27.81,18.47,25.91,27.03,0.0682,0,0,101.23,30.39,335,233,6037.03,1733.5200000000002
2025-04-24,SKU011,Beverages,Gauteng,Convenience,27.81,18.47,28.61,28.34,0.0,0,0,101.17,30.22,229,164,4692.04,1662.96
2025-04-25,SKU011,Beverages,KwaZulu-Natal,Hyper,27.81,18.47,30.35,26.42,0.0,0,1,101.18,30.26,195,195,5918.25,2316.6000000000004
2025-04-26,SKU011,Beverages,Gauteng,Supermarket,27.81,18.47,29.85,27.11,0.0,0,1,100.59,30.31,274,176,5253.6,2002.8800000000006
2025-04-27,SKU011,Beverages,KwaZulu-Natal,Convenience,27.81,18.47,24.64,27.78,0.1141,1,1,101.73,30.15,179,179,4410.56,1104.4300000000003
2025-04-28,SKU011,Beverages,Gauteng,Supermarket,27.81,18.47,28.75,28.3,0.0,0,0,101.34,29.99,225,209,6008.75,2148.5200000000004
2025-04-29,SKU011,Beverages,KwaZulu-Natal,Convenience,27.81,18.47,30.07,28.4,0.0,0,0,101.63,30.45,152,133,3999.31,1542.8000000000002
2025-04-30,SKU011,Beverages,Gauteng,Hyper,27.81,18.47,22.13,28.95,0.2042,1,0,101.0,30.17,576,556,12304.279999999999,2034.96
2025-05-01,SKU011,Beverages,KwaZulu-Natal,Supermarket,27.81,18.47,29.43,27.59,0.0,0,0,100.44,30.34,191,169,4973.67,1852.2400000000002
2025-05-02,SKU011,Beverages,Gauteng,Supermarket,27.81,18.47,22.7,28.24,0.1839,1,0,101.32,30.17,368,368,8353.6,1556.64
2025-05-03,SKU011,Beverages,KwaZulu-Natal,Supermarket,27.81,18.47,28.93,27.75,0.0,0,0,101.52,30.17,138,132,3818.7599999999998,1380.72
2025-05-04,SKU011,Beverages,Western Cape,Convenience,27.81,18.47,27.57,27.1,0.0087,0,0,101.6,30.22,204,154,4245.78,1401.4000000000003
2025-05-05,SKU011,Beverages,Western Cape,Convenience,27.81,18.47,29.08,28.25,0.0,0,0,101.68,29.86,84,84,2442.72,891.24
2025-05-06,SKU011,Beverages,Gauteng,Convenience,27.81,18.47,29.13,27.68,0.0,0,0,101.3,30.07,176,138,4019.94,1471.08
2025-05-07,SKU011,Beverages,Gauteng,Hyper,27.81,18.47,27.81,27.07,0.0,0,0,101.4,29.88,282,239,6646.59,2232.2599999999998
2025-05-08,SKU011,Beverages,Gauteng,Convenience,27.81,18.47,25.55,27.33,0.0811,0,0,101.43,30.01,206,183,4675.650000000001,1295.6400000000003
2025-05-09,SKU011,Beverages,Gauteng,Supermarket,27.81,18.47,30.32,28.1,0.0,0,0,101.52,29.75,210,167,5063.44,1978.9500000000003
2025-05-10,SKU011,Beverages,Gauteng,Convenience,27.81,18.47,29.61,27.29,0.0,0,0,100.75,29.98,154,152,4500.72,1693.2800000000002
2025-05-11,SKU011,Beverages,Gauteng,Supermarket,27.81,18.47,29.15,28.16,0.0,0,0,101.53,29.95,191,164,4780.599999999999,1751.52
2025-05-12,SKU011,Beverages,Western Cape,Supermarket,27.81,18.47,27.67,29.23,0.005,0,0,101.55,29.67,270,194,5367.9800000000005,1784.8000000000006
2025-05-13,SKU011,Beverages,Western Cape,Supermarket,27.81,18.47,28.19,27.06,0.0,0,0,101.47,29.76,242,170,4792.3,1652.4000000000003
2025-05-14,SKU011,Beverages,Gauteng,Convenience,27.81,18.47,29.5,25.81,0.0,0,0,101.09,29.65,158,128,3776.0,1411.8400000000001
2025-05-15,SKU011,Beverages,Western Cape,Supermarket,27.81,18.47,26.29,28.02,0.0548,0,0,101.0,29.67,232,192,5047.68,1501.44
2025-05-16,SKU011,Beverages,Western Cape,Supermarket,27.81,18.47,30.24,29.02,0.0,0,0,101.4,29.85,179,111,3356.64,1306.47
2025-05-17,SKU011,Beverages,KwaZulu-Natal,Supermarket,27.81,18.47,30.29,28.25,0.0,0,0,100.69,29.62,158,144,4361.76,1702.08
2025-05-18,SKU011,Beverages,Gauteng,Supermarket,27.81,18.47,30.43,29.03,0.0,0,0,101.29,29.75,253,144,4381.92,1722.2400000000002
2025-05-19,SKU011,Beverages,KwaZulu-Natal,Supermarket,27.81,18.47,28.87,26.49,0.0,0,0,101.59,29.62,280,176,5081.12,1830.4000000000003
2025-05-20,SKU011,Beverages,KwaZulu-Natal,Supermarket,27.81,18.47,28.04,27.01,0.0,0,0,101.47,29.56,160,151,4234.04,1445.07
2025-05-21,SKU011,Beverages,Gauteng,Hyper,27.81,18.47,27.53,28.62,0.0101,0,0,101.76,29.66,208,195,5368.35,1766.7000000000005
2025-05-22,SKU011,Beverages,Gauteng,Supermarket,27.81,18.47,28.74,28.72,0.0,0,0,101.48,29.33,252,189,5431.86,1941.03
2025-05-23,SKU011,Beverages,Gauteng,Supermarket,27.81,18.47,25.33,29.27,0.0893,1,0,101.46,29.63,316,256,6484.48,1756.1599999999999
2025-05-24,SKU011,Beverages,Western Cape,Hyper,27.81,18.47,25.99,27.01,0.0654,1,0,101.42,29.4,302,293,7615.07,2203.3599999999997
2025-05-25,SKU011,Beverages,Western Cape,Supermarket,27.81,18.47,25.52,28.58,0.0823,1,0,101.73,29.36,280,264,6737.28,1861.2000000000003
2025-05-26,SKU011,Beverages,Gauteng,Supermarket,27.81,18.47,26.43,27.91,0.0498,0,0,101.59,29.32,305,213,5629.59,1695.4800000000002
2025-05-27,SKU011,Beverages,KwaZulu-Natal,Supermarket,27.81,18.47,25.93,27.29,0.0676,0,0,102.07,29.19,375,243,6300.99,1812.7800000000002
2025-05-28,SKU011,Beverages,Western Cape,Supermarket,27.81,18.47,27.7,27.55,0.0039,0,0,101.51,29.3,153,153,4238.099999999999,1412.19
2025-05-29,SKU011,Beverages,Western Cape,Supermarket,27.81,18.47,29.29,28.7,0.0,0,0,101.82,29.52,136,136,3983.44,1471.52
2025-05-30,SKU011,Beverages,KwaZulu-Natal,Convenience,27.81,18.47,25.98,27.91,0.0658,1,0,101.8,29.24,202,180,4676.4,1351.8000000000002
2025-05-31,SKU011,Beverages,KwaZulu-Natal,Supermarket,27.81,18.47,28.54,29.11,0.0,0,0,102.17,29.46,219,192,5479.68,1933.44
2025-06-01,SKU011,Beverages,Western Cape,Hyper,27.81,18.47,28.36,28.34,0.0,0,0,101.52,29.09,225,177,5019.72,1750.5300000000002
2025-06-02,SKU011,Beverages,KwaZulu-Natal,Supermarket,27.81,18.47,26.29,27.19,0.0545,0,0,101.57,29.26,243,228,5994.12,1782.96
2025-06-03,SKU011,Beverages,Gauteng,Supermarket,27.81,18.47,27.21,28.5,0.0214,0,0,101.85,28.95,275,218,5931.78,1905.3200000000004
2025-06-04,SKU011,Beverages,Gauteng,Supermarket,27.81,18.47,29.26,27.8,0.0,0,0,101.78,29.41,193,174,5091.240000000001,1877.4600000000005
2025-06-05,SKU011,Beverages,Western Cape,Supermarket,27.81,18.47,26.04,26.91,0.0636,0,0,101.86,29.13,228,228,5937.12,1725.96
2025-06-06,SKU011,Beverages,Western Cape,Supermarket,27.81,18.47,29.81,27.63,0.0,0,0,102.03,29.29,187,170,5067.7,1927.8
2025-06-07,SKU011,Beverages,KwaZulu-Natal,Supermarket,27.81,18.47,21.01,26.85,0.2444,1,0,101.53,29.19,649,403,8467.03,1023.6200000000011
2025-06-08,SKU011,Beverages,Western Cape,Hyper,27.81,18.47,30.43,26.42,0.0,0,0,102.32,29.11,152,152,4625.36,1817.92
2025-06-09,SKU011,Beverages,Western Cape,Supermarket,27.81,18.47,29.27,26.78,0.0,0,0,101.81,29.01,144,144,4214.88,1555.2
2025-06-10,SKU011,Beverages,Gauteng,Hyper,27.81,18.47,25.59,27.84,0.0798,0,0,102.01,29.02,331,253,6474.2699999999995,1801.3600000000004
2025-06-11,SKU011,Beverages,Gauteng,Convenience,27.81,18.47,27.06,27.77,0.0271,1,0,102.07,29.03,156,156,4221.36,1340.04
2025-06-12,SKU011,Beverages,KwaZulu-Natal,Supermarket,27.81,18.47,28.83,27.9,0.0,0,0,101.81,28.74,164,150,4324.5,1554.0
2025-06-13,SKU011,Beverages,Gauteng,Convenience,27.81,18.47,30.37,27.0,0.0,0,0,101.51,29.25,148,135,4099.95,1606.5000000000002
2025-06-14,SKU011,Beverages,Western Cape,Supermarket,27.81,18.47,28.75,27.59,0.0,0,0,102.13,29.05,175,145,4168.75,1490.6000000000001
2025-06-15,SKU011,Beverages,Western Cape,Supermarket,27.81,18.47,28.76,26.5,0.0,0,0,101.53,29.01,229,163,4687.88,1677.2700000000004
2025-06-16,SKU011,Beverages,Gauteng,Hyper,27.81,18.47,23.15,27.61,0.1677,1,0,101.89,29.09,346,346,8009.9,1619.28
2025-06-17,SKU011,Beverages,Gauteng,Hyper,27.81,18.47,26.72,25.96,0.0393,0,0,101.13,29.07,217,217,5798.24,1790.25
2025-06-18,SKU011,Beverages,Gauteng,Supermarket,27.81,18.47,26.26,29.45,0.0558,0,0,101.78,29.14,328,211,5540.860000000001,1643.6900000000005
2025-06-19,SKU011,Beverages,Gauteng,Supermarket,27.81,18.47,21.51,26.21,0.2264,1,0,101.44,28.93,475,369,7937.1900000000005,1121.760000000001
2025-06-20,SKU011,Beverages,KwaZulu-Natal,Convenience,27.81,18.47,27.9,27.29,0.0,0,0,102.01,28.97,110,110,3069.0,1037.3
2025-06-21,SKU011,Beverages,Gauteng,Supermarket,27.81,18.47,29.97,27.1,0.0,0,0,101.72,28.76,269,163,4885.11,1874.5
2025-06-22,SKU011,Beverages,Gauteng,Hyper,27.81,18.47,27.28,28.14,0.0191,0,0,102.11,28.9,223,223,6083.4400000000005,1964.6300000000006
2025-06-23,SKU011,Beverages,KwaZulu-Natal,Supermarket,27.81,18.47,28.39,26.98,0.0,0,0,101.81,29.28,212,159,4514.01,1577.2800000000002
2025-06-24,SKU011,Beverages,Gauteng,Convenience,27.81,18.47,28.76,27.9,0.0,0,0,101.67,28.77,107,107,3077.32,1101.0300000000002
2025-06-25,SKU011,Beverages,Western Cape,Supermarket,27.81,18.47,28.56,25.88,0.0,0,0,101.75,29.14,210,162,4626.719999999999,1634.58
2025-06-26,SKU011,Beverages,Gauteng,Hyper,27.81,18.47,29.94,27.89,0.0,0,0,101.39,29.06,324,205,6137.7,2351.3500000000004
2025-06-27,SKU011,Beverages,Western Cape,Hyper,27.81,18.47,28.03,28.64,0.0,0,0,101.64,28.44,105,105,2943.15,1003.8000000000002
2025-06-28,SKU011,Beverages,KwaZulu-Natal,Hyper,27.81,18.47,29.62,27.36,0.0,0,0,102.06,28.85,200,162,4798.4400000000005,1806.3000000000004
2025-06-29,SKU011,Beverages,KwaZulu-Natal,Supermarket,27.81,18.47,27.18,28.22,0.0225,0,0,101.74,28.78,226,150,4077.0,1306.5000000000002
2025-06-30,SKU011,Beverages,Western Cape,Supermarket,27.81,18.47,27.83,27.84,0.0,0,0,101.75,29.07,267,171,4758.929999999999,1600.56
2025-07-01,SKU011,Beverages,Western Cape,Supermarket,27.81,18.47,26.68,28.09,0.0407,1,0,102.18,28.74,172,172,4588.96,1412.1200000000001
2025-07-02,SKU011,Beverages,Western Cape,Supermarket,27.81,18.47,29.5,27.28,0.0,0,0,101.71,28.86,164,145,4277.5,1599.3500000000001
2025-07-03,SKU011,Beverages,Western Cape,Supermarket,27.81,18.47,23.61,28.24,0.1512,1,0,102.0,28.79,302,302,7130.22,1552.2800000000002
2025-07-04,SKU011,Beverages,Western Cape,Supermarket,27.81,18.47,30.08,27.21,0.0,0,0,101.87,28.84,109,109,3278.72,1265.49
2025-07-05,SKU011,Beverages,Western Cape,Hyper,27.81,18.47,25.98,28.76,0.0657,0,0,102.34,28.55,342,259,6728.82,1945.0900000000004
2025-07-06,SKU011,Beverages,Western Cape,Supermarket,27.81,18.47,25.48,28.35,0.0839,0,0,102.0,28.74,225,204,5197.92,1430.0400000000004
2025-07-07,SKU011,Beverages,Gauteng,Supermarket,27.81,18.47,25.47,27.93,0.084,0,0,102.47,28.94,309,244,6214.679999999999,1708.0
2025-07-08,SKU011,Beverages,Gauteng,Supermarket,27.81,18.47,25.52,28.38,0.0825,0,0,102.39,28.96,289,225,5742.0,1586.2500000000002
2025-07-09,SKU011,Beverages,Gauteng,Convenience,27.81,18.47,25.16,28.49,0.0951,0,0,101.84,28.88,250,185,4654.6,1237.6500000000003
2025-07-10,SKU011,Beverages,KwaZulu-Natal,Supermarket,27.81,18.47,29.57,27.72,0.0,0,0,102.47,28.65,132,107,3163.9900000000002,1187.7
2025-07-11,SKU011,Beverages,KwaZulu-Natal,Supermarket,27.81,18.47,25.26,27.14,0.0916,0,0,101.87,28.87,255,212,5355.12,1439.4800000000005
2025-07-12,SKU011,Beverages,Western Cape,Supermarket,27.81,18.47,26.08,26.96,0.0623,0,0,102.17,28.91,252,199,5189.92,1514.3899999999999
2025-07-13,SKU011,Beverages,Gauteng,Hyper,27.81,18.47,29.2,28.15,0.0,0,0,101.63,28.7,189,171,4993.2,1834.8300000000002
2025-07-14,SKU011,Beverages,Western Cape,Supermarket,27.81,18.47,29.07,27.85,0.0,0,0,102.2,29.08,195,143,4157.01,1515.8000000000002
2025-07-15,SKU011,Beverages,Gauteng,Supermarket,27.81,18.47,24.96,27.43,0.1027,1,0,101.67,28.98,416,246,6140.16,1596.5400000000004
2025-07-16,SKU011,Beverages,KwaZulu-Natal,Supermarket,27.81,18.47,27.42,26.44,0.0139,0,0,102.45,29.05,170,144,3948.4800000000005,1288.8000000000004
2025-07-17,SKU011,Beverages,Western Cape,Convenience,27.81,18.47,30.08,26.32,0.0,0,0,102.28,28.69,179,124,3729.9199999999996,1439.6399999999999
2025-07-18,SKU011,Beverages,Gauteng,Convenience,27.81,18.47,28.21,27.68,0.0,0,0,101.7,28.9,160,129,3639.09,1256.4600000000003
2025-07-19,SKU011,Beverages,KwaZulu-Natal,Supermarket,27.81,18.47,27.09,28.98,0.0259,0,0,102.05,28.87,173,132,3575.88,1137.8400000000001
2025-07-20,SKU011,Beverages,Gauteng,Supermarket,27.81,18.47,26.68,27.53,0.0405,0,0,102.56,29.07,191,187,4989.16,1535.2700000000002
2025-07-21,SKU011,Beverages,Western Cape,Supermarket,27.81,18.47,28.62,28.18,0.0,0,0,102.33,28.93,207,151,4321.62,1532.6500000000003
2025-07-22,SKU011,Beverages,KwaZulu-Natal,Hyper,27.81,18.47,25.08,27.48,0.0982,0,0,101.77,29.13,277,235,5893.799999999999,1553.35
2025-07-23,SKU011,Beverages,KwaZulu-Natal,Hyper,27.81,18.47,27.83,27.27,0.0,0,0,102.2,28.96,174,138,3840.54,1291.6799999999998
2025-07-24,SKU011,Beverages,Western Cape,Supermarket,27.81,18.47,25.65,26.83,0.0776,0,0,102.57,28.75,303,202,5181.299999999999,1450.36
2025-07-25,SKU011,Beverages,KwaZulu-Natal,Convenience,27.81,18.47,25.06,26.59,0.0989,0,0,102.61,28.97,239,152,3809.12,1001.68
2025-07-26,SKU011,Beverages,KwaZulu-Natal,Hyper,27.81,18.47,28.26,27.91,0.0,0,0,102.61,28.7,241,193,5454.18,1889.4700000000005
2025-07-27,SKU011,Beverages,Gauteng,Convenience,27.81,18.47,25.74,27.0,0.0744,0,0,102.7,28.82,248,167,4298.58,1214.09
2025-07-28,SKU011,Beverages,KwaZulu-Natal,Convenience,27.81,18.47,27.86,27.71,0.0,0,0,102.19,29.06,156,126,3510.36,1183.14
2025-07-29,SKU011,Beverages,Gauteng,Supermarket,27.81,18.47,25.3,27.54,0.0902,0,0,102.01,29.06,212,187,4731.1,1277.2100000000003
2025-07-30,SKU011,Beverages,Western Cape,Supermarket,27.81,18.47,25.78,28.23,0.0731,0,0,102.59,28.95,216,174,4485.72,1271.9400000000005
2025-07-31,SKU011,Beverages,Gauteng,Supermarket,27.81,18.47,30.34,26.63,0.0,0,0,102.49,29.07,168,147,4459.98,1744.89
2025-08-01,SKU011,Beverages,KwaZulu-Natal,Supermarket,27.81,18.47,24.45,28.54,0.1208,1,0,102.13,28.68,361,261,6381.45,1560.7800000000002
2025-08-02,SKU011,Beverages,Gauteng,Hyper,27.81,18.47,25.14,27.11,0.0961,0,0,101.75,29.15,303,236,5933.04,1574.1200000000003
2025-08-03,SKU011,Beverages,Gauteng,Supermarket,27.81,18.47,26.47,27.42,0.0482,0,0,102.52,28.86,357,206,5452.82,1648.0
2025-08-04,SKU011,Beverages,KwaZulu-Natal,Supermarket,27.81,18.47,26.25,27.34,0.056,0,0,102.47,29.35,199,163,4278.75,1268.14
2025-08-05,SKU011,Beverages,KwaZulu-Natal,Supermarket,27.81,18.47,29.15,28.5,0.0,0,0,102.32,29.16,196,136,3964.3999999999996,1452.48
2025-08-06,SKU011,Beverages,Gauteng,Supermarket,27.81,18.47,25.14,27.33,0.0961,0,0,101.97,28.9,218,218,5480.52,1454.0600000000004
2025-08-07,SKU011,Beverages,Western Cape,Supermarket,27.81,18.47,29.69,29.13,0.0,0,0,102.07,29.27,209,133,3948.77,1492.2600000000002
2025-08-08,SKU011,Beverages,Western Cape,Supermarket,27.81,18.47,26.6,27.64,0.0434,0,0,102.32,29.1,271,180,4788.0,1463.4000000000005
2025-08-09,SKU011,Beverages,Western Cape,Supermarket,27.81,18.47,24.07,27.14,0.1346,1,0,102.18,28.91,294,222,5343.54,1243.2000000000003
2025-08-10,SKU011,Beverages,Western Cape,Supermarket,27.81,18.47,27.1,27.87,0.0254,0,0,101.75,29.23,181,169,4579.900000000001,1458.4700000000005
2025-08-11,SKU011,Beverages,Western Cape,Supermarket,27.81,18.47,27.89,29.14,0.0,0,0,102.28,29.2,166,139,3876.71,1309.3800000000003
2025-08-12,SKU011,Beverages,Western Cape,Supermarket,27.81,18.47,30.23,27.31,0.0,0,0,102.23,29.07,129,95,2871.85,1117.2
2025-08-13,SKU011,Beverages,Gauteng,Supermarket,27.81,18.47,28.83,27.22,0.0,0,0,102.67,29.08,172,128,3690.24,1326.08
2025-08-14,SKU011,Beverages,KwaZulu-Natal,Supermarket,27.81,18.47,27.1,26.74,0.0255,0,0,102.72,29.24,139,123,3333.3,1061.4900000000002
2025-08-15,SKU011,Beverages,Gauteng,Convenience,27.81,18.47,22.67,26.86,0.1849,1,0,102.34,29.3,349,250,5667.5,1050.0000000000007
2025-08-16,SKU011,Beverages,Western Cape,Supermarket,27.81,18.47,28.71,27.78,0.0,0,0,102.67,29.3,161,133,3818.4300000000003,1361.9200000000003
2025-08-17,SKU011,Beverages,Western Cape,Hyper,27.81,18.47,25.2,28.09,0.0939,0,0,102.1,29.35,361,240,6048.0,1615.2
2025-08-18,SKU011,Beverages,Gauteng,Supermarket,27.81,18.47,24.73,26.87,0.1107,1,0,102.94,29.4,268,247,6108.31,1546.2200000000005
2025-08-19,SKU011,Beverages,Western Cape,Supermarket,27.81,18.47,26.46,27.4,0.0485,1,0,102.34,29.29,251,188,4974.4800000000005,1502.1200000000003
2025-08-20,SKU011,Beverages,Western Cape,Convenience,27.81,18.47,29.61,27.87,0.0,0,0,101.96,29.59,119,103,3049.83,1147.42
2025-08-21,SKU011,Beverages,Gauteng,Supermarket,27.81,18.47,27.32,29.59,0.0177,0,0,102.63,29.42,158,158,4316.56,1398.3000000000002
2025-08-22,SKU011,Beverages,Gauteng,Supermarket,27.81,18.47,27.89,27.22,0.0,0,0,102.37,29.52,201,173,4824.97,1629.6600000000003
2025-08-23,SKU011,Beverages,Gauteng,Supermarket,27.81,18.47,27.39,27.94,0.015,0,0,102.66,29.71,240,155,4245.45,1382.6000000000004
2025-08-24,SKU011,Beverages,Gauteng,Hyper,27.81,18.47,25.34,27.65,0.0889,1,0,102.78,29.94,294,271,6867.14,1861.7700000000002
2025-08-25,SKU011,Beverages,KwaZulu-Natal,Hyper,27.81,18.47,26.03,27.86,0.0641,0,0,102.75,29.71,208,190,4945.7,1436.4000000000005
2025-08-26,SKU011,Beverages,Western Cape,Supermarket,27.81,18.47,29.82,27.59,0.0,0,0,102.19,29.84,181,122,3638.04,1384.7000000000003
2025-08-27,SKU011,Beverages,Western Cape,Supermarket,27.81,18.47,25.9,28.12,0.0686,0,0,102.96,29.84,259,200,5180.0,1486.0
2025-08-28,SKU011,Beverages,KwaZulu-Natal,Supermarket,27.81,18.47,27.58,27.45,0.0081,0,0,102.93,29.63,159,159,4385.219999999999,1448.49
2025-01-01,SKU012,Snacks,KwaZulu-Natal,Supermarket,42.17,29.62,43.96,41.49,0.0,0,0,99.78,30.1,108,95,4176.2,1362.3
2025-01-02,SKU012,Snacks,KwaZulu-Natal,Convenience,42.17,29.62,43.81,41.23,0.0,0,0,100.68,30.09,96,76,3329.5600000000004,1078.44
2025-01-03,SKU012,Snacks,KwaZulu-Natal,Hyper,42.17,29.62,45.79,40.33,0.0,0,0,99.7,30.4,99,81,3708.99,1309.7699999999998
2025-01-04,SKU012,Snacks,KwaZulu-Natal,Convenience,42.17,29.62,42.64,40.98,0.0,0,0,99.75,29.93,87,87,3709.68,1132.74
2025-01-05,SKU012,Snacks,KwaZulu-Natal,Supermarket,42.17,29.62,42.17,40.29,0.0001,0,0,99.93,30.12,152,106,4470.02,1330.3000000000002
2025-01-06,SKU012,Snacks,Western Cape,Supermarket,42.17,29.62,36.27,39.94,0.1398,1,0,100.32,30.14,247,172,6238.4400000000005,1143.8000000000004
2025-01-07,SKU012,Snacks,Western Cape,Convenience,42.17,29.62,42.61,40.53,0.0,0,0,99.97,30.15,125,84,3579.24,1091.1599999999999
2025-01-08,SKU012,Snacks,KwaZulu-Natal,Hyper,42.17,29.62,44.24,41.85,0.0,0,0,99.52,30.52,124,109,4822.16,1593.5800000000002
2025-01-09,SKU012,Snacks,KwaZulu-Natal,Supermarket,42.17,29.62,41.92,40.7,0.0058,0,0,99.55,30.08,137,111,4653.12,1365.3000000000002
2025-01-10,SKU012,Snacks,Western Cape,Hyper,42.17,29.62,39.43,41.96,0.0649,0,0,99.7,30.18,232,167,6584.81,1638.2699999999998
2025-01-11,SKU012,Snacks,Western Cape,Convenience,42.17,29.62,40.81,40.33,0.0321,0,0,99.84,30.47,159,95,3876.9500000000003,1063.0500000000002
2025-01-12,SKU012,Snacks,KwaZulu-Natal,Supermarket,42.17,29.62,41.54,41.61,0.015,0,0,100.94,30.11,108,108,4486.32,1287.36
2025-01-13,SKU012,Snacks,Western Cape,Supermarket,42.17,29.62,43.47,38.8,0.0,0,0,99.74,30.36,140,114,4955.58,1578.8999999999999
2025-01-14,SKU012,Snacks,KwaZulu-Natal,Convenience,42.17,29.62,45.59,40.31,0.0,0,0,100.34,30.5,62,62,2826.5800000000004,990.1400000000001
2025-01-15,SKU012,Snacks,Gauteng,Supermarket,42.17,29.62,42.73,41.13,0.0,0,0,99.97,30.59,119,101,4315.73,1324.1099999999997
2025-01-16,SKU012,Snacks,Western Cape,Supermarket,42.17,29.62,45.19,39.36,0.0,0,0,100.56,30.39,107,98,4428.62,1525.8599999999997
2025-01-17,SKU012,Snacks,Western Cape,Supermarket,42.17,29.62,40.86,42.53,0.031,0,0,99.93,30.63,88,88,3595.68,989.1199999999999
2025-01-18,SKU012,Snacks,Western Cape,Supermarket,42.17,29.62,43.83,39.52,0.0,0,0,100.0,30.74,80,80,3506.3999999999996,1136.7999999999997
2025-01-19,SKU012,Snacks,KwaZulu-Natal,Supermarket,42.17,29.62,45.58,40.54,0.0,0,0,100.48,30.53,78,73,3327.3399999999997,1165.0799999999997
2025-01-20,SKU012,Snacks,Gauteng,Convenience,42.17,29.62,43.84,40.91,0.0,0,0,100.44,30.53,98,98,4296.320000000001,1393.5600000000002
2025-01-21,SKU012,Snacks,Gauteng,Convenience,42.17,29.62,39.36,39.85,0.0666,0,0,100.71,30.5,111,109,4290.24,1061.6599999999999
2025-01-22,SKU012,Snacks,Western Cape,Supermarket,42.17,29.62,43.04,42.41,0.0,0,0,100.48,30.49,151,103,4433.12,1382.2599999999998
2025-01-23,SKU012,Snacks,Gauteng,Supermarket,42.17,29.62,36.97,42.84,0.1233,1,0,100.27,30.51,246,202,7467.94,1484.6999999999996
2025-01-24,SKU012,Snacks,Gauteng,Supermarket,42.17,29.62,46.29,40.6,0.0,0,0,100.45,30.59,104,104,4814.16,1733.6799999999998
2025-01-25,SKU012,Snacks,Gauteng,Supermarket,42.17,29.62,39.71,40.34,0.0583,0,0,100.18,30.74,186,149,5916.79,1503.41
2025-01-26,SKU012,Snacks,Western Cape,Supermarket,42.17,29.62,42.46,40.49,0.0,0,0,99.93,30.58,143,135,5732.1,1733.4
2025-01-27,SKU012,Snacks,Gauteng,Supermarket,42.17,29.62,40.79,42.39,0.0327,1,0,99.87,30.68,130,130,5302.7,1452.0999999999997
2025-01-28,SKU012,Snacks,Gauteng,Hyper,42.17,29.62,43.97,40.62,0.0,0,0,100.11,30.95,130,130,5716.099999999999,1865.4999999999998
2025-01-29,SKU012,Snacks,Western Cape,Hyper,42.17,29.62,41.98,39.41,0.0045,0,0,100.33,30.64,164,126,5289.48,1557.3599999999994
2025-01-30,SKU012,Snacks,Western Cape,Supermarket,42.17,29.62,41.55,40.45,0.0147,0,0,99.97,30.81,145,134,5567.7,1598.6199999999994
2025-01-31,SKU012,Snacks,KwaZulu-Natal,Supermarket,42.17,29.62,35.15,42.14,0.1665,1,0,100.19,30.56,234,182,6397.3,1006.4599999999996
2025-02-01,SKU012,Snacks,Western Cape,Supermarket,42.17,29.62,40.28,41.98,0.0447,0,0,100.19,30.77,171,135,5437.8,1439.1
2025-02-02,SKU012,Snacks,KwaZulu-Natal,Convenience,42.17,29.62,39.92,42.06,0.0533,0,0,100.31,30.82,162,115,4590.8,1184.5
2025-02-03,SKU012,Snacks,Western Cape,Supermarket,42.17,29.62,43.11,40.36,0.0,0,0,100.31,31.11,188,145,6250.95,1956.0499999999997
2025-02-04,SKU012,Snacks,Gauteng,Convenience,42.17,29.62,38.06,41.36,0.0976,1,0,100.4,30.79,147,128,4871.68,1080.3200000000002
2025-02-05,SKU012,Snacks,Western Cape,Hyper,42.17,29.62,40.19,40.21,0.0469,0,0,100.71,31.05,186,154,6189.259999999999,1627.7799999999995
2025-02-06,SKU012,Snacks,Western Cape,Supermarket,42.17,29.62,41.32,40.13,0.0203,0,0,100.34,30.79,126,126,5206.32,1474.1999999999998
2025-02-07,SKU012,Snacks,Gauteng,Hyper,42.17,29.62,39.72,39.95,0.0581,0,0,100.18,30.9,231,137,5441.639999999999,1383.6999999999998
2025-02-08,SKU012,Snacks,KwaZulu-Natal,Supermarket,42.17,29.62,46.33,39.08,0.0,0,0,100.24,31.18,112,83,3845.39,1386.9299999999998
2025-02-09,SKU012,Snacks,Western Cape,Convenience,42.17,29.62,33.89,40.76,0.1964,1,0,101.1,30.85,175,140,4744.6,597.8
2025-02-10,SKU012,Snacks,Western Cape,Supermarket,42.17,29.62,40.41,40.47,0.0417,0,0,100.64,30.92,145,104,4202.639999999999,1122.1599999999996
2025-02-11,SKU012,Snacks,Western Cape,Hyper,42.17,29.62,38.75,39.51,0.0811,0,0,100.6,31.12,283,163,6316.25,1488.1899999999998
2025-02-12,SKU012,Snacks,Gauteng,Supermarket,42.17,29.62,41.42,39.82,0.0178,1,0,100.29,30.88,210,148,6130.16,1746.4
2025-02-13,SKU012,Snacks,Gauteng,Hyper,42.17,29.62,40.09,41.3,0.0493,0,0,99.98,30.83,168,147,5893.2300000000005,1539.0900000000004
2025-02-14,SKU012,Snacks,Gauteng,Convenience,42.17,29.62,43.81,40.45,0.0,0,0,100.15,30.97,149,95,4161.95,1348.0500000000002
2025-02-15,SKU012,Snacks,KwaZulu-Natal,Supermarket,42.17,29.62,40.05,43.4,0.0503,0,0,101.01,31.12,198,145,5807.25,1512.3499999999995
2025-02-16,SKU012,Snacks,Gauteng,Supermarket,42.17,29.62,39.03,39.24,0.0746,0,0,100.25,31.05,186,148,5776.4400000000005,1392.68
2025-02-17,SKU012,Snacks,Western Cape,Supermarket,42.17,29.62,41.52,40.6,0.0154,0,0,101.31,31.13,170,125,5190.0,1487.5000000000002
2025-02-18,SKU012,Snacks,Western Cape,Convenience,42.17,29.62,44.98,39.16,0.0,0,0,100.59,31.2,92,86,3868.2799999999997,1320.9599999999996
2025-02-19,SKU012,Snacks,Western Cape,Convenience,42.17,29.62,46.0,42.43,0.0,0,0,100.32,31.39,152,86,3956.0,1408.6799999999998
2025-02-20,SKU012,Snacks,Western Cape,Supermarket,42.17,29.62,40.93,40.08,0.0294,0,0,100.26,31.01,145,116,4747.88,1311.9599999999998
2025-02-21,SKU012,Snacks,KwaZulu-Natal,Supermarket,42.17,29.62,43.09,40.84,0.0,0,0,100.78,31.24,120,120,5170.8,1616.4000000000003
2025-02-22,SKU012,Snacks,Western Cape,Supermarket,42.17,29.62,39.18,41.13,0.071,0,0,100.47,31.27,173,146,5720.28,1395.7599999999998
2025-02-23,SKU012,Snacks,Western Cape,Supermarket,42.17,29.62,45.67,40.04,0.0,0,0,100.32,30.91,145,111,5069.37,1781.5500000000002
2025-02-24,SKU012,Snacks,KwaZulu-Natal,Hyper,42.17,29.62,35.95,39.94,0.1475,1,0,100.5,30.92,237,212,7621.400000000001,1341.9600000000005
2025-02-25,SKU012,Snacks,Gauteng,Hyper,42.17,29.62,42.9,42.34,0.0,0,0,100.94,31.06,186,178,7636.2,2363.8399999999997
2025-02-26,SKU012,Snacks,Western Cape,Supermarket,42.17,29.62,43.02,38.04,0.0,0,0,100.68,31.33,142,109,4689.18,1460.6000000000001
2025-02-27,SKU012,Snacks,Gauteng,Convenience,42.17,29.62,45.72,40.44,0.0,0,0,100.75,31.36,135,113,5166.36,1819.2999999999997
2025-02-28,SKU012,Snacks,Western Cape,Supermarket,42.17,29.62,40.75,41.02,0.0338,0,0,100.59,30.99,112,112,4564.0,1246.56
2025-03-01,SKU012,Snacks,Western Cape,Convenience,42.17,29.62,42.42,39.18,0.0,1,0,100.19,31.14,120,120,5090.400000000001,1536.0
2025-03-02,SKU012,Snacks,Gauteng,Hyper,42.17,29.62,43.09,43.52,0.0,0,0,100.28,31.17,219,153,6592.77,2060.9100000000003
2025-03-03,SKU012,Snacks,Western Cape,Supermarket,42.17,29.62,45.7,43.63,0.0,0,0,100.45,30.97,116,116,5301.200000000001,1865.2800000000002
2025-03-04,SKU012,Snacks,Gauteng,Hyper,42.17,29.62,36.19,43.4,0.1418,1,0,100.83,30.99,297,264,9554.16,1734.479999999999
2025-03-05,SKU012,Snacks,Western Cape,Supermarket,42.17,29.62,41.23,42.69,0.0223,0,0,100.61,31.2,181,137,5648.509999999999,1590.5699999999995
2025-03-06,SKU012,Snacks,Western Cape,Supermarket,42.17,29.62,44.51,43.46,0.0,0,0,100.15,31.2,122,121,5385.71,1801.6899999999996
2025-03-07,SKU012,Snacks,Gauteng,Supermarket,42.17,29.62,37.08,39.87,0.1208,1,0,100.92,31.2,335,257,9529.56,1917.2199999999993
2025-03-08,SKU012,Snacks,Gauteng,Supermarket,42.17,29.62,38.49,40.74,0.0873,0,0,100.32,31.07,217,171,6581.79,1516.7700000000002
2025-03-09,SKU012,Snacks,KwaZulu-Natal,Hyper,42.17,29.62,39.45,42.5,0.0646,0,0,100.68,31.22,161,161,6351.450000000001,1582.6300000000003
2025-03-10,SKU012,Snacks,Gauteng,Supermarket,42.17,29.62,42.56,41.59,0.0,0,0,100.63,31.2,194,121,5149.76,1565.7400000000002
2025-03-11,SKU012,Snacks,Gauteng,Hyper,42.17,29.62,36.14,43.8,0.1429,1,0,100.37,31.14,289,264,9540.960000000001,1721.28
2025-03-12,SKU012,Snacks,Gauteng,Supermarket,42.17,29.62,41.89,41.29,0.0067,0,0,100.9,31.13,168,152,6367.28,1865.04
2025-03-13,SKU012,Snacks,Western Cape,Convenience,42.17,29.62,44.96,42.42,0.0,0,0,101.43,31.01,95,79,3551.84,1211.86
2025-03-14,SKU012,Snacks,Gauteng,Convenience,42.17,29.62,39.11,42.06,0.0726,1,0,100.97,31.32,184,141,5514.51,1338.0899999999997
2025-03-15,SKU012,Snacks,Gauteng,Hyper,42.17,29.62,33.12,40.55,0.2146,1,0,101.26,31.23,334,289,9571.679999999998,1011.499999999999
2025-03-16,SKU012,Snacks,KwaZulu-Natal,Supermarket,42.17,29.62,38.8,42.56,0.0799,0,0,101.24,31.13,209,137,5315.599999999999,1257.6599999999994
2025-03-17,SKU012,Snacks,Western Cape,Supermarket,42.17,29.62,38.85,39.53,0.0787,0,0,101.12,30.84,173,145,5633.25,1338.3500000000001
2025-03-18,SKU012,Snacks,Gauteng,Convenience,42.17,29.62,41.56,42.6,0.0145,0,0,100.91,31.02,132,107,4446.92,1277.5800000000002
2025-03-19,SKU012,Snacks,Western Cape,Supermarket,42.17,29.62,43.82,42.13,0.0,0,0,101.22,31.44,135,122,5346.04,1732.3999999999999
2025-03-20,SKU012,Snacks,Gauteng,Convenience,42.17,29.62,38.94,39.91,0.0767,1,0,100.87,31.32,130,125,4867.5,1164.9999999999995
2025-03-21,SKU012,Snacks,KwaZulu-Natal,Supermarket,42.17,29.62,42.31,41.34,0.0,0,0,100.92,31.09,114,114,4823.34,1446.66
2025-03-22,SKU012,Snacks,Gauteng,Hyper,42.17,29.62,41.69,42.73,0.0113,0,0,100.61,31.14,181,164,6837.16,1979.4799999999996
2025-03-23,SKU012,Snacks,Western Cape,Supermarket,42.17,29.62,43.05,41.01,0.0,0,0,100.63,30.95,162,117,5036.849999999999,1571.3099999999995
2025-03-24,SKU012,Snacks,KwaZulu-Natal,Supermarket,42.17,29.62,40.53,41.41,0.0388,1,0,100.97,30.84,163,149,6038.97,1625.59
2025-03-25,SKU012,Snacks,Gauteng,Hyper,42.17,29.62,46.15,40.08,0.0,0,0,101.1,31.09,130,130,5999.5,2148.8999999999996
2025-03-26,SKU012,Snacks,KwaZulu-Natal,Supermarket,42.17,29.62,44.34,39.21,0.0,0,0,101.48,31.0,112,99,4389.660000000001,1457.2800000000002
2025-03-27,SKU012,Snacks,Western Cape,Hyper,42.17,29.62,42.7,41.5,0.0,0,0,100.8,30.94,107,107,4568.900000000001,1399.5600000000002
2025-03-28,SKU012,Snacks,KwaZulu-Natal,Supermarket,42.17,29.62,38.94,39.54,0.0766,0,0,101.02,30.88,118,118,4594.92,1099.7599999999995
2025-03-29,SKU012,Snacks,Gauteng,Supermarket,42.17,29.62,42.12,41.74,0.0012,0,0,101.12,30.77,106,106,4464.719999999999,1324.9999999999995
2025-03-30,SKU012,Snacks,Western Cape,Convenience,42.17,29.62,40.76,40.22,0.0335,0,0,100.79,31.12,118,109,4442.84,1214.2599999999998
2025-03-31,SKU012,Snacks,Western Cape,Supermarket,42.17,29.62,45.02,40.32,0.0,0,0,101.01,30.89,137,103,4637.06,1586.2000000000003
2025-04-01,SKU012,Snacks,KwaZulu-Natal,Hyper,42.17,29.62,39.84,38.04,0.0552,0,0,101.11,31.07,233,163,6493.920000000001,1665.8600000000004
2025-04-02,SKU012,Snacks,KwaZulu-Natal,Supermarket,42.17,29.62,43.61,42.57,0.0,0,0,101.05,31.05,147,108,4709.88,1510.9199999999998
2025-04-03,SKU012,Snacks,KwaZulu-Natal,Supermarket,42.17,29.62,41.08,42.41,0.0258,1,0,100.28,30.71,220,147,6038.759999999999,1684.6199999999997
2025-04-04,SKU012,Snacks,KwaZulu-Natal,Convenience,42.17,29.62,38.15,41.46,0.0954,0,1,100.42,30.75,185,143,5455.45,1219.7899999999997
2025-04-05,SKU012,Snacks,Western Cape,Hyper,42.17,29.62,39.93,41.84,0.0532,0,1,100.89,30.55,146,146,5829.78,1505.2599999999998
2025-04-06,SKU012,Snacks,Gauteng,Convenience,42.17,29.62,44.42,40.59,0.0,0,1,101.36,30.78,113,101,4486.42,1494.8000000000002
2025-04-07,SKU012,Snacks,Gauteng,Supermarket,42.17,29.62,40.33,40.26,0.0436,0,0,101.33,30.7,147,147,5928.509999999999,1574.3699999999997
2025-04-08,SKU012,Snacks,Gauteng,Supermarket,42.17,29.62,39.94,41.84,0.053,0,0,101.24,30.74,273,168,6709.92,1733.7599999999995
2025-04-09,SKU012,Snacks,Gauteng,Supermarket,42.17,29.62,41.31,39.97,0.0204,0,0,101.39,30.59,152,152,6279.120000000001,1776.88
2025-04-10,SKU012,Snacks,Western Cape,Supermarket,42.17,29.62,38.54,41.24,0.0861,1,0,100.84,30.94,253,178,6860.12,1587.7599999999998
2025-04-11,SKU012,Snacks,Western Cape,Hyper,42.17,29.62,42.37,40.27,0.0,0,1,101.16,31.07,277,178,7541.86,2269.4999999999995
2025-04-12,SKU012,Snacks,KwaZulu-Natal,Hyper,42.17,29.62,39.61,40.51,0.0606,0,1,100.9,30.75,217,192,7605.12,1918.0799999999997
2025-04-13,SKU012,Snacks,Gauteng,Hyper,42.17,29.62,43.81,39.5,0.0,0,1,100.61,30.7,193,159,6965.79,2256.21
2025-04-14,SKU012,Snacks,Western Cape,Supermarket,42.17,29.62,44.98,41.04,0.0,0,0,101.12,30.66,171,106,4767.88,1628.1599999999996
2025-04-15,SKU012,Snacks,Western Cape,Supermarket,42.17,29.62,40.27,38.79,0.0452,0,0,101.05,30.75,162,129,5194.830000000001,1373.8500000000004
2025-04-16,SKU012,Snacks,Gauteng,Supermarket,42.17,29.62,44.46,41.85,0.0,0,0,100.98,30.66,116,96,4268.16,1424.6399999999999
2025-04-17,SKU012,Snacks,Western Cape,Supermarket,42.17,29.62,41.52,40.02,0.0153,0,0,101.73,30.34,149,149,6186.4800000000005,1773.1000000000004
2025-04-18,SKU012,Snacks,Western Cape,Hyper,42.17,29.62,37.94,44.05,0.1002,1,1,101.21,30.43,242,210,7967.4,1747.1999999999994
2025-04-19,SKU012,Snacks,Gauteng,Hyper,42.17,29.62,45.46,40.17,0.0,0,1,101.68,30.45,149,143,6500.78,2265.12
2025-04-20,SKU012,Snacks,Gauteng,Hyper,42.17,29.62,36.29,41.22,0.1395,1,1,101.08,30.53,326,265,9616.85,1767.5499999999995
2025-04-21,SKU012,Snacks,KwaZulu-Natal,Supermarket,42.17,29.62,45.6,42.98,0.0,0,0,101.41,30.62,125,119,5426.400000000001,1901.6200000000001
2025-04-22,SKU012,Snacks,Western Cape,Hyper,42.17,29.62,39.93,40.85,0.0531,0,0,101.21,30.36,211,171,6828.03,1763.0099999999998
2025-04-23,SKU012,Snacks,Western Cape,Hyper,42.17,29.62,38.63,40.6,0.084,1,0,100.88,30.49,238,204,7880.52,1838.0400000000004
2025-04-24,SKU012,Snacks,Gauteng,Hyper,42.17,29.62,41.03,40.77,0.027,0,0,101.06,30.66,210,201,8247.03,2293.41
2025-04-25,SKU012,Snacks,Gauteng,Supermarket,42.17,29.62,40.01,39.97,0.0512,0,1,101.13,30.26,261,185,7401.849999999999,1922.1499999999994
2025-04-26,SKU012,Snacks,KwaZulu-Natal,Hyper,42.17,29.62,44.08,38.61,0.0,0,1,101.54,30.15,122,122,5377.76,1764.1199999999997
2025-04-27,SKU012,Snacks,Gauteng,Supermarket,42.17,29.62,44.53,41.98,0.0,0,1,100.86,30.29,110,108,4809.24,1610.28
2025-04-28,SKU012,Snacks,Western Cape,Supermarket,42.17,29.62,43.23,40.07,0.0,0,0,101.85,30.05,131,131,5663.129999999999,1782.9099999999994
2025-04-29,SKU012,Snacks,KwaZulu-Natal,Supermarket,42.17,29.62,41.8,42.12,0.0087,0,0,101.17,30.21,144,123,5141.4,1498.1399999999994
2025-04-30,SKU012,Snacks,Gauteng,Supermarket,42.17,29.62,42.7,40.69,0.0,0,0,100.97,30.25,195,144,6148.8,1883.5200000000002
2025-05-01,SKU012,Snacks,Gauteng,Supermarket,42.17,29.62,44.16,40.74,0.0,0,0,100.85,30.33,140,117,5166.719999999999,1701.1799999999994
2025-05-02,SKU012,Snacks,KwaZulu-Natal,Supermarket,42.17,29.62,45.54,40.04,0.0,0,0,101.46,30.04,103,102,4645.08,1623.84
2025-05-03,SKU012,Snacks,KwaZulu-Natal,Convenience,42.17,29.62,45.96,40.58,0.0,0,0,101.56,30.06,76,76,3492.96,1241.84
2025-05-04,SKU012,Snacks,KwaZulu-Natal,Convenience,42.17,29.62,45.26,42.24,0.0,0,0,101.37,30.08,138,109,4933.34,1704.7599999999998
2025-05-05,SKU012,Snacks,Gauteng,Supermarket,42.17,29.62,40.42,40.44,0.0414,0,0,101.74,29.8,159,146,5901.320000000001,1576.8000000000002
2025-05-06,SKU012,Snacks,KwaZulu-Natal,Supermarket,42.17,29.62,40.27,40.72,0.0452,0,0,101.27,30.08,135,126,5074.02,1341.9000000000003
2025-05-07,SKU012,Snacks,KwaZulu-Natal,Convenience,42.17,29.62,36.97,40.32,0.1232,1,0,101.52,30.1,200,154,5693.38,1131.8999999999996
2025-05-08,SKU012,Snacks,Gauteng,Hyper,42.17,29.62,43.38,41.89,0.0,0,0,101.65,29.94,206,144,6246.72,1981.4400000000003
2025-05-09,SKU012,Snacks,Gauteng,Supermarket,42.17,29.62,45.55,41.72,0.0,0,0,100.85,29.9,156,114,5192.7,1816.0199999999995
2025-05-10,SKU012,Snacks,Gauteng,Supermarket,42.17,29.62,43.59,42.24,0.0,0,0,101.92,29.77,88,88,3835.92,1229.3600000000001
2025-05-11,SKU012,Snacks,KwaZulu-Natal,Supermarket,42.17,29.62,39.55,41.13,0.0622,0,0,101.14,29.8,121,121,4785.549999999999,1201.5299999999995
2025-05-12,SKU012,Snacks,Western Cape,Supermarket,42.17,29.62,35.1,42.62,0.1677,1,0,101.48,29.99,128,128,4492.8,701.44
2025-05-13,SKU012,Snacks,Western Cape,Supermarket,42.17,29.62,43.72,42.19,0.0,0,0,101.37,29.84,111,101,4415.72,1424.0999999999997
2025-05-14,SKU012,Snacks,Western Cape,Supermarket,42.17,29.62,37.96,39.54,0.0999,0,0,101.62,29.91,154,144,5466.24,1200.96
2025-05-15,SKU012,Snacks,KwaZulu-Natal,Convenience,42.17,29.62,39.09,42.24,0.073,0,0,101.31,29.71,113,98,3830.82,928.0600000000003
2025-05-16,SKU012,Snacks,Western Cape,Supermarket,42.17,29.62,42.49,39.62,0.0,0,0,101.45,29.43,141,110,4673.900000000001,1415.7
2025-05-17,SKU012,Snacks,Western Cape,Supermarket,42.17,29.62,42.32,39.48,0.0,0,0,101.66,29.68,131,118,4993.76,1498.6
2025-05-18,SKU012,Snacks,Gauteng,Supermarket,42.17,29.62,38.62,42.76,0.0843,0,0,100.78,29.72,224,159,6140.58,1430.9999999999995
2025-05-19,SKU012,Snacks,Western Cape,Hyper,42.17,29.62,45.28,41.8,0.0,0,0,101.75,29.57,126,108,4890.24,1691.28
2025-05-20,SKU012,Snacks,Western Cape,Supermarket,42.17,29.62,38.51,42.08,0.0867,1,0,101.43,29.48,145,124,4775.24,1102.3599999999997
2025-05-21,SKU012,Snacks,Gauteng,Supermarket,42.17,29.62,36.77,42.32,0.1281,1,0,101.31,29.68,302,222,8162.9400000000005,1587.3000000000004
2025-05-22,SKU012,Snacks,Western Cape,Supermarket,42.17,29.62,38.55,42.27,0.0859,1,0,101.43,29.45,185,170,6553.499999999999,1518.0999999999995
2025-05-23,SKU012,Snacks,KwaZulu-Natal,Supermarket,42.17,29.62,40.16,40.56,0.0477,0,0,101.28,29.76,141,119,4779.04,1254.2599999999995
2025-05-24,SKU012,Snacks,Gauteng,Supermarket,42.17,29.62,39.84,41.38,0.0552,0,0,100.9,29.62,223,179,7131.360000000001,1829.3800000000003
2025-05-25,SKU012,Snacks,Gauteng,Hyper,42.17,29.62,42.23,40.43,0.0,0,0,101.57,29.4,227,153,6461.19,1929.3299999999995
2025-05-26,SKU012,Snacks,KwaZulu-Natal,Supermarket,42.17,29.62,39.61,40.04,0.0607,1,0,101.82,29.22,233,183,7248.63,1828.1699999999996
2025-05-27,SKU012,Snacks,Gauteng,Supermarket,42.17,29.62,45.15,40.32,0.0,0,0,101.33,29.6,107,104,4695.599999999999,1615.1199999999997
2025-05-28,SKU012,Snacks,Western Cape,Supermarket,42.17,29.62,43.02,40.12,0.0,0,0,101.99,29.4,194,134,5764.68,1795.6000000000004
2025-05-29,SKU012,Snacks,Western Cape,Hyper,42.17,29.62,40.34,42.47,0.0434,0,0,101.82,29.36,183,171,6898.14,1833.1200000000003
2025-05-30,SKU012,Snacks,Western Cape,Supermarket,42.17,29.62,38.77,40.23,0.0806,0,0,101.68,29.3,196,154,5970.580000000001,1409.1000000000004
2025-05-31,SKU012,Snacks,Gauteng,Supermarket,42.17,29.62,39.05,41.72,0.074,0,0,101.2,29.16,184,141,5506.049999999999,1329.6299999999994
2025-06-01,SKU012,Snacks,KwaZulu-Natal,Convenience,42.17,29.62,40.78,44.6,0.0329,0,0,101.93,29.23,178,111,4526.58,1238.76
2025-06-02,SKU012,Snacks,Western Cape,Supermarket,42.17,29.62,41.56,40.79,0.0145,0,0,101.98,29.15,138,116,4820.96,1385.0400000000002
2025-06-03,SKU012,Snacks,Western Cape,Supermarket,42.17,29.62,40.36,44.53,0.0429,0,0,101.47,29.43,166,136,5488.96,1460.6399999999999
2025-06-04,SKU012,Snacks,Western Cape,Hyper,42.17,29.62,37.98,41.98,0.0993,0,0,102.29,29.45,244,164,6228.719999999999,1371.0399999999993
2025-06-05,SKU012,Snacks,Western Cape,Supermarket,42.17,29.62,38.38,41.05,0.0899,0,0,101.33,29.33,148,129,4951.02,1130.0400000000002
2025-06-06,SKU012,Snacks,Western Cape,Convenience,42.17,29.62,35.95,38.77,0.1476,1,0,101.48,29.2,260,161,5787.950000000001,1019.1300000000003
2025-06-07,SKU012,Snacks,Western Cape,Convenience,42.17,29.62,42.93,40.59,0.0,0,0,101.47,29.13,86,84,3606.12,1118.04
2025-06-08,SKU012,Snacks,Gauteng,Supermarket,42.17,29.62,38.9,42.65,0.0775,0,0,101.85,29.22,126,126,4901.4,1169.2799999999997
2025-06-09,SKU012,Snacks,Western Cape,Supermarket,42.17,29.62,32.27,42.27,0.2349,1,0,101.72,29.31,166,166,5356.820000000001,439.9000000000004
2025-06-10,SKU012,Snacks,KwaZulu-Natal,Hyper,42.17,29.62,42.57,39.96,0.0,0,0,102.01,28.93,129,113,4810.41,1463.35
2025-06-11,SKU012,Snacks,KwaZulu-Natal,Convenience,42.17,29.62,40.91,43.3,0.0299,1,0,101.82,28.86,127,91,3722.8099999999995,1027.3899999999996
2025-06-12,SKU012,Snacks,Gauteng,Supermarket,42.17,29.62,39.18,41.45,0.0709,0,0,101.85,28.72,212,134,5250.12,1281.0399999999997
2025-06-13,SKU012,Snacks,Gauteng,Supermarket,42.17,29.62,38.08,41.58,0.0971,0,0,101.76,29.2,220,167,6359.36,1412.8199999999995
2025-06-14,SKU012,Snacks,Western Cape,Convenience,42.17,29.62,44.13,42.04,0.0,0,0,102.26,29.27,101,86,3795.1800000000003,1247.8600000000001
2025-06-15,SKU012,Snacks,Gauteng,Convenience,42.17,29.62,40.9,42.19,0.0301,0,0,101.38,29.07,104,104,4253.599999999999,1173.1199999999997
2025-06-16,SKU012,Snacks,KwaZulu-Natal,Hyper,42.17,29.62,41.44,38.42,0.0174,0,0,102.17,28.81,140,122,5055.679999999999,1442.0399999999995
2025-06-17,SKU012,Snacks,Gauteng,Supermarket,42.17,29.62,44.85,41.1,0.0,0,0,102.08,28.78,99,99,4440.150000000001,1507.77
2025-06-18,SKU012,Snacks,KwaZulu-Natal,Supermarket,42.17,29.62,34.98,41.94,0.1706,1,0,102.01,29.04,261,186,6506.28,996.9599999999992
2025-06-19,SKU012,Snacks,KwaZulu-Natal,Supermarket,42.17,29.62,38.98,39.24,0.0755,0,0,101.65,28.71,125,120,4677.599999999999,1123.1999999999996
2025-06-20,SKU012,Snacks,Gauteng,Hyper,42.17,29.62,38.5,41.04,0.087,0,0,102.5,28.86,222,175,6737.5,1553.9999999999998
2025-06-21,SKU012,Snacks,Gauteng,Supermarket,42.17,29.62,41.22,39.57,0.0226,0,0,101.88,28.74,173,120,4946.4,1391.9999999999998
2025-06-22,SKU012,Snacks,KwaZulu-Natal,Supermarket,42.17,29.62,40.95,39.92,0.0289,0,0,101.72,28.95,125,107,4381.650000000001,1212.3100000000002
2025-06-23,SKU012,Snacks,Gauteng,Hyper,42.17,29.62,43.28,44.77,0.0,0,0,102.23,29.11,190,126,5453.28,1721.16
2025-06-24,SKU012,Snacks,Western Cape,Supermarket,42.17,29.62,38.57,42.33,0.0854,0,0,102.1,28.55,218,135,5206.95,1208.25
2025-06-25,SKU012,Snacks,Gauteng,Hyper,42.17,29.62,45.51,40.44,0.0,0,0,102.45,28.96,183,134,6098.34,2129.2599999999998
2025-06-26,SKU012,Snacks,Gauteng,Convenience,42.17,29.62,39.51,41.91,0.063,0,0,101.71,28.78,120,102,4030.02,1008.7799999999997
2025-06-27,SKU012,Snacks,Western Cape,Supermarket,42.17,29.62,41.23,40.9,0.0222,0,0,102.2,28.94,181,110,4535.299999999999,1277.0999999999995
2025-06-28,SKU012,Snacks,Gauteng,Supermarket,42.17,29.62,35.18,42.77,0.1659,1,0,102.06,28.91,241,184,6473.12,1023.0399999999997
2025-06-29,SKU012,Snacks,Western Cape,Supermarket,42.17,29.62,45.72,40.17,0.0,0,0,102.1,29.01,113,103,4709.16,1658.2999999999997
2025-06-30,SKU012,Snacks,Gauteng,Supermarket,42.17,29.62,40.08,39.62,0.0496,0,0,102.35,28.82,228,137,5490.96,1433.0199999999995
2025-07-01,SKU012,Snacks,Western Cape,Hyper,42.17,29.62,44.02,42.01,0.0,0,0,102.45,28.82,170,124,5458.4800000000005,1785.6000000000004
2025-07-02,SKU012,Snacks,Gauteng,Supermarket,42.17,29.62,43.19,41.65,0.0,0,0,102.35,28.85,186,114,4923.66,1546.9799999999996
2025-07-03,SKU012,Snacks,KwaZulu-Natal,Supermarket,42.17,29.62,43.52,42.07,0.0,0,0,101.66,28.81,126,96,4177.92,1334.4
2025-07-04,SKU012,Snacks,Gauteng,Convenience,42.17,29.62,39.04,39.35,0.0741,0,0,102.11,28.65,124,114,4450.5599999999995,1073.8799999999999
2025-07-05,SKU012,Snacks,KwaZulu-Natal,Hyper,42.17,29.62,40.84,40.94,0.0315,0,0,102.06,28.83,135,119,4859.96,1335.1800000000003
2025-07-06,SKU012,Snacks,Gauteng,Supermarket,42.17,29.62,44.84,43.44,0.0,0,0,102.66,28.74,149,105,4708.200000000001,1598.1000000000004
2025-07-07,SKU012,Snacks,KwaZulu-Natal,Supermarket,42.17,29.62,39.76,40.38,0.0572,0,0,102.52,28.86,162,117,4651.92,1186.3799999999997
2025-07-08,SKU012,Snacks,Gauteng,Convenience,42.17,29.62,43.75,43.32,0.0,0,0,101.85,28.67,109,84,3675.0,1186.9199999999998
2025-07-09,SKU012,Snacks,Gauteng,Hyper,42.17,29.62,42.15,40.1,0.0004,0,0,102.33,28.77,166,134,5648.099999999999,1679.0199999999998
2025-07-10,SKU012,Snacks,KwaZulu-Natal,Supermarket,42.17,29.62,40.66,40.11,0.0358,0,0,102.26,28.61,153,106,4309.96,1170.2399999999996
2025-07-11,SKU012,Snacks,Gauteng,Convenience,42.17,29.62,41.95,39.92,0.0052,0,0,102.22,28.96,113,91,3817.4500000000003,1122.0300000000002
2025-07-12,SKU012,Snacks,Western Cape,Hyper,42.17,29.62,40.16,40.55,0.0477,0,0,102.38,28.94,180,128,5140.48,1349.1199999999994
2025-07-13,SKU012,Snacks,Western Cape,Convenience,42.17,29.62,39.77,39.38,0.057,0,0,101.99,28.76,127,95,3778.15,964.2500000000002
2025-07-14,SKU012,Snacks,Gauteng,Supermarket,42.17,29.62,43.68,41.51,0.0,0,0,101.69,28.6,98,97,4236.96,1363.82
2025-07-15,SKU012,Snacks,Gauteng,Supermarket,42.17,29.62,35.54,39.61,0.1572,1,0,101.91,28.96,211,171,6077.34,1012.3199999999997
2025-07-16,SKU012,Snacks,Gauteng,Supermarket,42.17,29.62,43.7,41.38,0.0,0,0,101.95,28.68,140,105,4588.5,1478.4
2025-07-17,SKU012,Snacks,Western Cape,Supermarket,42.17,29.62,38.7,40.91,0.0824,0,0,101.25,28.73,101,101,3908.7000000000003,917.0800000000002
2025-07-18,SKU012,Snacks,Western Cape,Supermarket,42.17,29.62,43.89,40.28,0.0,0,0,102.12,28.82,78,78,3423.42,1113.06
2025-07-19,SKU012,Snacks,Western Cape,Supermarket,42.17,29.62,33.39,40.79,0.2081,1,0,101.88,28.85,224,172,5743.08,648.4399999999999
2025-07-20,SKU012,Snacks,Gauteng,Supermarket,42.17,29.62,41.96,39.86,0.005,0,0,102.01,29.04,113,104,4363.84,1283.36
2025-07-21,SKU012,Snacks,Gauteng,Supermarket,42.17,29.62,44.48,41.11,0.0,0,0,102.55,28.84,92,92,4092.16,1367.1199999999997
2025-07-22,SKU012,Snacks,KwaZulu-Natal,Supermarket,42.17,29.62,41.48,41.82,0.0164,0,0,102.58,28.97,109,98,4065.0399999999995,1162.2799999999995
2025-07-23,SKU012,Snacks,Western Cape,Supermarket,42.17,29.62,42.84,39.68,0.0,0,0,101.92,28.97,130,87,3727.0800000000004,1150.14
2025-07-24,SKU012,Snacks,Western Cape,Supermarket,42.17,29.62,45.47,42.22,0.0,0,0,102.31,28.64,90,85,3864.95,1347.2499999999998
2025-07-25,SKU012,Snacks,KwaZulu-Natal,Supermarket,42.17,29.62,45.98,41.66,0.0,0,0,102.42,28.89,116,87,4000.2599999999998,1423.3199999999997
2025-07-26,SKU012,Snacks,Gauteng,Convenience,42.17,29.62,39.47,42.32,0.064,1,0,102.23,28.95,126,120,4736.4,1181.9999999999998
2025-07-27,SKU012,Snacks,Gauteng,Hyper,42.17,29.62,38.14,42.28,0.0956,0,0,102.27,29.07,200,163,6216.82,1388.76
2025-07-28,SKU012,Snacks,Western Cape,Supermarket,42.17,29.62,40.4,40.31,0.0419,0,0,102.3,28.92,132,117,4726.8,1261.2599999999998
2025-07-29,SKU012,Snacks,Western Cape,Convenience,42.17,29.62,38.98,38.99,0.0756,0,0,101.88,28.78,125,90,3508.2,842.3999999999996
2025-07-30,SKU012,Snacks,Western Cape,Supermarket,42.17,29.62,43.25,41.33,0.0,0,0,102.44,29.08,108,90,3892.5,1226.6999999999998
2025-07-31,SKU012,Snacks,Gauteng,Hyper,42.17,29.62,43.34,40.17,0.0,0,0,102.06,28.78,154,128,5547.52,1756.1600000000003
2025-08-01,SKU012,Snacks,Gauteng,Hyper,42.17,29.62,41.63,39.53,0.0129,0,0,102.23,29.2,148,143,5953.09,1717.4300000000003
2025-08-02,SKU012,Snacks,Western Cape,Supermarket,42.17,29.62,45.98,42.12,0.0,0,0,102.78,28.85,60,60,2758.7999999999997,981.5999999999998
2025-08-03,SKU012,Snacks,KwaZulu-Natal,Supermarket,42.17,29.62,43.28,39.75,0.0,0,0,102.56,28.95,108,87,3765.36,1188.42
2025-08-04,SKU012,Snacks,Western Cape,Supermarket,42.17,29.62,36.32,40.83,0.1386,1,0,102.35,28.95,154,154,5593.28,1031.8
2025-08-05,SKU012,Snacks,KwaZulu-Natal,Supermarket,42.17,29.62,46.16,40.98,0.0,0,0,102.31,29.2,121,81,3738.9599999999996,1339.7399999999996
2025-08-06,SKU012,Snacks,Western Cape,Hyper,42.17,29.62,46.19,39.22,0.0,0,0,102.49,29.24,112,100,4619.0,1656.9999999999998
2025-08-07,SKU012,Snacks,Western Cape,Supermarket,42.17,29.62,45.75,42.22,0.0,0,0,102.21,28.91,88,78,3568.5,1258.1399999999999
2025-08-08,SKU012,Snacks,Western Cape,Hyper,42.17,29.62,39.64,41.17,0.0599,0,0,102.87,29.28,193,132,5232.4800000000005,1322.6399999999999
2025-08-09,SKU012,Snacks,Gauteng,Convenience,42.17,29.62,39.53,39.33,0.0625,0,0,102.49,29.24,106,102,4032.06,1010.82
2025-08-10,SKU012,Snacks,Gauteng,Supermarket,42.17,29.62,34.26,39.69,0.1875,1,0,102.66,29.28,188,166,5687.16,770.2399999999996
2025-08-11,SKU012,Snacks,Western Cape,Supermarket,42.17,29.62,45.21,40.67,0.0,0,0,102.05,29.04,107,80,3616.8,1247.2
2025-08-12,SKU012,Snacks,KwaZulu-Natal,Supermarket,42.17,29.62,45.69,41.38,0.0,0,0,102.66,29.22,89,77,3518.1299999999997,1237.3899999999996
2025-08-13,SKU012,Snacks,KwaZulu-Natal,Supermarket,42.17,29.62,44.31,39.72,0.0,0,0,102.22,29.0,104,85,3766.3500000000004,1248.65
2025-08-14,SKU012,Snacks,Western Cape,Supermarket,42.17,29.62,40.98,41.46,0.0283,1,0,102.24,29.23,114,94,3852.12,1067.8399999999997
2025-08-15,SKU012,Snacks,Gauteng,Supermarket,42.17,29.62,46.06,41.22,0.0,0,0,102.67,29.32,80,73,3362.38,1200.1200000000001
2025-08-16,SKU012,Snacks,KwaZulu-Natal,Supermarket,42.17,29.62,40.77,38.72,0.0332,0,0,102.78,29.18,90,90,3669.3,1003.5000000000002
2025-08-17,SKU012,Snacks,Gauteng,Supermarket,42.17,29.62,41.32,41.26,0.0203,0,0,102.35,29.44,112,95,3925.4,1111.5
2025-08-18,SKU012,Snacks,Gauteng,Supermarket,42.17,29.62,45.44,39.49,0.0,0,0,102.36,29.46,123,92,4180.48,1455.4399999999996
2025-08-19,SKU012,Snacks,Gauteng,Convenience,42.17,29.62,43.2,42.0,0.0,0,0,102.59,29.44,111,78,3369.6000000000004,1059.2400000000002
2025-08-20,SKU012,Snacks,Gauteng,Convenience,42.17,29.62,42.76,38.96,0.0,0,0,102.67,29.34,92,75,3207.0,985.4999999999998
2025-08-21,SKU012,Snacks,Western Cape,Supermarket,42.17,29.62,33.85,42.76,0.1973,1,0,102.8,29.34,249,177,5991.45,748.71
2025-08-22,SKU012,Snacks,KwaZulu-Natal,Supermarket,42.17,29.62,44.91,43.08,0.0,0,0,102.43,29.54,141,105,4715.549999999999,1605.4499999999996
2025-08-23,SKU012,Snacks,Gauteng,Supermarket,42.17,29.62,35.18,40.53,0.1658,1,0,102.54,29.58,182,180,6332.4,1000.7999999999997
2025-08-24,SKU012,Snacks,Gauteng,Convenience,42.17,29.62,41.67,43.27,0.0118,0,0,102.58,29.75,114,95,3958.65,1144.75
2025-08-25,SKU012,Snacks,Gauteng,Hyper,42.17,29.62,37.77,39.73,0.1043,1,0,102.09,29.5,138,138,5212.26,1124.7000000000003
2025-08-26,SKU012,Snacks,Western Cape,Convenience,42.17,29.62,40.88,40.85,0.0305,0,0,102.62,29.65,112,82,3352.1600000000003,923.3200000000002
2025-08-27,SKU012,Snacks,Western Cape,Supermarket,42.17,29.62,37.37,40.22,0.1138,1,0,102.45,29.36,228,152,5680.24,1177.9999999999995
2025-08-28,SKU012,Snacks,Gauteng,Supermarket,42.17,29.62,44.86,41.18,0.0,0,0,102.62,29.66,60,60,2691.6,914.3999999999999
2025-01-01,SKU013,Dairy,Western Cape,Supermarket,72.4,42.9,74.18,71.21,0.0,0,0,99.85,30.22,160,142,10533.560000000001,4441.760000000001
2025-01-02,SKU013,Dairy,Western Cape,Supermarket,72.4,42.9,75.45,74.18,0.0,0,0,100.05,30.18,203,153,11543.85,4980.150000000001
2025-01-03,SKU013,Dairy,Western Cape,Convenience,72.4,42.9,60.08,71.16,0.1701,1,0,99.89,29.97,141,141,8471.28,2422.38
2025-01-04,SKU013,Dairy,Gauteng,Supermarket,72.4,42.9,69.24,79.18,0.0437,1,0,100.36,29.86,285,204,14124.96,5373.36
2025-01-05,SKU013,Dairy,Gauteng,Supermarket,72.4,42.9,76.43,75.81,0.0,0,0,100.64,30.2,167,143,10929.490000000002,4794.790000000001
2025-01-06,SKU013,Dairy,Gauteng,Supermarket,72.4,42.9,75.49,75.59,0.0,0,0,100.67,30.1,152,152,11474.48,4953.679999999999
2025-01-07,SKU013,Dairy,Western Cape,Hyper,72.4,42.9,68.64,73.71,0.052,1,0,100.27,30.29,375,232,15924.48,5971.68
2025-01-08,SKU013,Dairy,KwaZulu-Natal,Supermarket,72.4,42.9,77.09,72.73,0.0,0,0,100.02,30.09,185,144,11100.960000000001,4923.360000000001
2025-01-09,SKU013,Dairy,Gauteng,Supermarket,72.4,42.9,78.51,78.25,0.0,0,0,100.2,30.32,214,169,13268.19,6018.090000000001
2025-01-10,SKU013,Dairy,Western Cape,Convenience,72.4,42.9,62.83,71.2,0.1322,1,0,100.27,30.37,177,167,10492.61,3328.31
2025-01-11,SKU013,Dairy,Western Cape,Supermarket,72.4,42.9,78.01,75.82,0.0,0,0,100.46,30.41,173,150,11701.5,5266.500000000001
2025-01-12,SKU013,Dairy,KwaZulu-Natal,Supermarket,72.4,42.9,66.72,74.65,0.0785,0,0,100.07,30.3,196,145,9674.4,3453.9
2025-01-13,SKU013,Dairy,KwaZulu-Natal,Convenience,72.4,42.9,56.11,77.28,0.225,1,0,100.35,30.28,182,180,10099.8,2377.8
2025-01-14,SKU013,Dairy,Gauteng,Hyper,72.4,42.9,69.27,76.25,0.0432,1,0,100.66,30.32,186,186,12884.22,4904.82
2025-01-15,SKU013,Dairy,KwaZulu-Natal,Hyper,72.4,42.9,75.71,74.33,0.0,0,0,99.81,30.48,145,140,10599.4,4593.4
2025-01-16,SKU013,Dairy,Gauteng,Convenience,72.4,42.9,58.38,75.4,0.1936,1,0,100.4,30.18,248,209,12201.42,3235.3200000000006
2025-01-17,SKU013,Dairy,Gauteng,Supermarket,72.4,42.9,73.27,74.07,0.0,0,0,100.52,30.61,255,178,13042.06,5405.86
2025-01-18,SKU013,Dairy,Western Cape,Supermarket,72.4,42.9,66.68,77.79,0.079,1,0,100.55,30.47,219,210,14002.800000000001,4993.800000000002
2025-01-19,SKU013,Dairy,Gauteng,Supermarket,72.4,42.9,74.2,73.82,0.0,0,0,100.05,30.61,137,137,10165.4,4288.1
2025-01-20,SKU013,Dairy,Western Cape,Supermarket,72.4,42.9,73.02,74.84,0.0,0,0,100.45,30.25,204,178,12997.56,5361.36
2025-01-21,SKU013,Dairy,Gauteng,Supermarket,72.4,42.9,76.33,71.79,0.0,0,0,99.94,30.38,140,140,10686.199999999999,4680.2
2025-01-22,SKU013,Dairy,KwaZulu-Natal,Supermarket,72.4,42.9,74.4,71.22,0.0,0,0,100.4,30.59,202,157,11680.800000000001,4945.500000000001
2025-01-23,SKU013,Dairy,KwaZulu-Natal,Supermarket,72.4,42.9,72.97,74.78,0.0,0,0,100.36,30.62,243,152,11091.44,4570.64
2025-01-24,SKU013,Dairy,Western Cape,Supermarket,72.4,42.9,71.58,73.9,0.0114,0,0,100.26,30.54,220,154,11023.32,4416.72
2025-01-25,SKU013,Dairy,KwaZulu-Natal,Supermarket,72.4,42.9,75.68,76.09,0.0,0,0,100.73,30.79,202,165,12487.2,5408.700000000002
2025-01-26,SKU013,Dairy,Western Cape,Supermarket,72.4,42.9,71.13,76.25,0.0176,0,0,100.08,30.81,232,195,13870.349999999999,5504.849999999999
2025-01-27,SKU013,Dairy,KwaZulu-Natal,Hyper,72.4,42.9,76.9,76.05,0.0,0,0,100.16,30.66,300,166,12765.400000000001,5644.000000000001
2025-01-28,SKU013,Dairy,Western Cape,Supermarket,72.4,42.9,76.61,74.23,0.0,0,0,100.26,30.9,177,150,11491.5,5056.5
2025-01-29,SKU013,Dairy,KwaZulu-Natal,Hyper,72.4,42.9,68.41,73.76,0.0551,0,0,100.02,30.77,301,204,13955.64,5204.04
2025-01-30,SKU013,Dairy,Western Cape,Supermarket,72.4,42.9,77.96,74.92,0.0,0,0,100.78,30.65,146,146,11382.16,5118.759999999999
2025-01-31,SKU013,Dairy,Gauteng,Supermarket,72.4,42.9,66.86,76.45,0.0766,0,0,100.29,31.0,317,225,15043.5,5391.0
2025-02-01,SKU013,Dairy,KwaZulu-Natal,Supermarket,72.4,42.9,79.45,73.25,0.0,0,0,100.99,30.83,250,169,13427.050000000001,6176.950000000001
2025-02-02,SKU013,Dairy,Western Cape,Supermarket,72.4,42.9,69.73,70.79,0.0368,0,0,100.41,30.76,181,161,11226.53,4319.630000000001
2025-02-03,SKU013,Dairy,Gauteng,Supermarket,72.4,42.9,67.18,74.89,0.0722,0,0,99.97,30.99,198,186,12495.480000000001,4516.080000000002
2025-02-04,SKU013,Dairy,Western Cape,Supermarket,72.4,42.9,79.43,75.65,0.0,0,0,100.36,30.87,84,84,6672.120000000001,3068.520000000001
2025-02-05,SKU013,Dairy,KwaZulu-Natal,Supermarket,72.4,42.9,69.7,75.46,0.0373,0,0,100.58,30.93,229,155,10803.5,4154.000000000001
2025-02-06,SKU013,Dairy,Western Cape,Supermarket,72.4,42.9,77.46,74.73,0.0,0,0,100.15,31.1,239,147,11386.619999999999,5080.32
2025-02-07,SKU013,Dairy,KwaZulu-Natal,Supermarket,72.4,42.9,72.8,75.49,0.0,0,0,101.01,30.79,205,148,10774.4,4425.2
2025-02-08,SKU013,Dairy,KwaZulu-Natal,Hyper,72.4,42.9,77.04,77.55,0.0,0,0,100.0,31.05,229,166,12788.640000000001,5667.240000000002
2025-02-09,SKU013,Dairy,Western Cape,Supermarket,72.4,42.9,69.0,78.24,0.047,1,0,100.08,31.01,263,180,12420.0,4698.0
2025-02-10,SKU013,Dairy,Gauteng,Supermarket,72.4,42.9,78.84,75.64,0.0,0,0,100.48,31.23,169,142,11195.28,5103.4800000000005
2025-02-11,SKU013,Dairy,Gauteng,Supermarket,72.4,42.9,79.41,74.76,0.0,0,0,100.36,31.06,176,146,11593.859999999999,5330.46
2025-02-12,SKU013,Dairy,Western Cape,Hyper,72.4,42.9,72.28,72.59,0.0017,0,0,100.42,31.15,227,171,12359.880000000001,5023.9800000000005
2025-02-13,SKU013,Dairy,Western Cape,Supermarket,72.4,42.9,75.41,74.61,0.0,0,0,100.19,30.9,201,149,11236.09,4843.99
2025-02-14,SKU013,Dairy,KwaZulu-Natal,Supermarket,72.4,42.9,79.37,72.84,0.0,0,0,100.53,31.02,177,132,10476.84,4814.040000000001
2025-02-15,SKU013,Dairy,KwaZulu-Natal,Supermarket,72.4,42.9,78.08,73.56,0.0,0,0,100.42,31.12,156,149,11633.92,5241.82
2025-02-16,SKU013,Dairy,KwaZulu-Natal,Hyper,72.4,42.9,65.33,76.98,0.0976,0,0,100.74,31.1,239,172,11236.76,3857.96
2025-02-17,SKU013,Dairy,KwaZulu-Natal,Supermarket,72.4,42.9,75.66,72.62,0.0,0,0,100.99,31.19,184,134,10138.439999999999,4389.84
2025-02-18,SKU013,Dairy,Gauteng,Supermarket,72.4,42.9,78.88,70.89,0.0,0,0,100.51,31.45,271,147,11595.359999999999,5289.0599999999995
2025-02-19,SKU013,Dairy,Gauteng,Convenience,72.4,42.9,77.55,73.07,0.0,0,0,100.66,31.3,112,112,8685.6,3880.7999999999997
2025-02-20,SKU013,Dairy,Western Cape,Hyper,72.4,42.9,71.01,73.54,0.0192,0,0,100.73,30.9,218,185,13136.85,5200.350000000001
2025-02-21,SKU013,Dairy,Western Cape,Supermarket,72.4,42.9,68.61,74.62,0.0524,0,0,101.03,30.97,234,159,10908.99,4087.8900000000003
2025-02-22,SKU013,Dairy,Western Cape,Supermarket,72.4,42.9,69.16,75.52,0.0448,0,0,100.97,30.99,174,174,12033.84,4569.24
2025-02-23,SKU013,Dairy,KwaZulu-Natal,Supermarket,72.4,42.9,69.92,75.46,0.0343,0,0,100.61,31.18,177,174,12166.08,4701.4800000000005
2025-02-24,SKU013,Dairy,KwaZulu-Natal,Supermarket,72.4,42.9,72.06,73.22,0.0047,0,0,101.09,31.0,262,189,13619.34,5511.240000000001
2025-02-25,SKU013,Dairy,Western Cape,Supermarket,72.4,42.9,70.79,74.86,0.0222,0,0,100.72,31.22,243,194,13733.260000000002,5410.660000000002
2025-02-26,SKU013,Dairy,KwaZulu-Natal,Supermarket,72.4,42.9,76.41,76.73,0.0,0,0,100.48,31.23,199,186,14212.26,6232.86
2025-02-27,SKU013,Dairy,Gauteng,Supermarket,72.4,42.9,75.45,74.37,0.0,0,0,100.66,31.19,263,210,15844.5,6835.500000000001
2025-02-28,SKU013,Dairy,Gauteng,Convenience,72.4,42.9,71.78,73.18,0.0086,0,0,101.19,31.14,208,176,12633.28,5082.88
2025-03-01,SKU013,Dairy,KwaZulu-Natal,Supermarket,72.4,42.9,62.19,73.05,0.141,1,0,100.03,31.31,316,236,14676.84,4552.44
2025-03-02,SKU013,Dairy,Western Cape,Supermarket,72.4,42.9,72.19,70.31,0.0028,0,0,99.92,31.2,181,181,13066.39,5301.49
2025-03-03,SKU013,Dairy,Gauteng,Convenience,72.4,42.9,75.11,75.87,0.0,0,0,100.51,31.26,199,146,10966.06,4702.66
2025-03-04,SKU013,Dairy,Western Cape,Supermarket,72.4,42.9,74.98,71.7,0.0,0,0,100.47,31.33,174,167,12521.66,5357.360000000001
2025-03-05,SKU013,Dairy,Western Cape,Hyper,72.4,42.9,68.97,73.91,0.0474,0,0,101.11,31.16,163,163,11242.11,4249.41
2025-03-06,SKU013,Dairy,Western Cape,Convenience,72.4,42.9,76.58,74.43,0.0,0,0,100.77,31.22,182,138,10568.039999999999,4647.84
2025-03-07,SKU013,Dairy,Gauteng,Supermarket,72.4,42.9,76.96,77.66,0.0,0,0,99.87,31.26,197,184,14160.64,6267.039999999999
2025-03-08,SKU013,Dairy,KwaZulu-Natal,Supermarket,72.4,42.9,68.12,73.91,0.0591,0,0,101.07,30.97,241,160,10899.2,4035.2000000000007
2025-03-09,SKU013,Dairy,KwaZulu-Natal,Convenience,72.4,42.9,69.67,74.67,0.0377,0,0,100.31,31.22,193,139,9684.130000000001,3721.0300000000007
2025-03-10,SKU013,Dairy,Gauteng,Supermarket,72.4,42.9,75.15,75.54,0.0,0,0,100.13,31.29,194,194,14579.1,6256.500000000002
2025-03-11,SKU013,Dairy,Western Cape,Supermarket,72.4,42.9,67.9,77.28,0.0622,0,0,100.94,31.57,226,191,12968.900000000001,4775.000000000001
2025-03-12,SKU013,Dairy,Western Cape,Convenience,72.4,42.9,70.75,74.95,0.0227,0,0,101.1,31.0,147,123,8702.25,3425.55
2025-03-13,SKU013,Dairy,KwaZulu-Natal,Convenience,72.4,42.9,70.59,70.51,0.025,0,0,100.95,31.37,137,120,8470.800000000001,3322.8000000000006
2025-03-14,SKU013,Dairy,Gauteng,Supermarket,72.4,42.9,78.42,73.95,0.0,0,0,100.94,31.17,191,191,14978.220000000001,6784.320000000001
2025-03-15,SKU013,Dairy,Western Cape,Hyper,72.4,42.9,71.46,74.99,0.013,0,0,100.88,31.14,180,166,11862.359999999999,4740.959999999999
2025-03-16,SKU013,Dairy,Gauteng,Supermarket,72.4,42.9,74.09,74.2,0.0,0,0,100.71,31.21,209,179,13262.11,5583.010000000001
2025-03-17,SKU013,Dairy,Gauteng,Convenience,72.4,42.9,79.39,74.6,0.0,0,0,100.65,31.25,141,141,11193.99,5145.09
2025-03-18,SKU013,Dairy,Western Cape,Convenience,72.4,42.9,69.66,74.48,0.0378,0,0,101.32,31.22,173,141,9822.06,3773.16
2025-03-19,SKU013,Dairy,KwaZulu-Natal,Hyper,72.4,42.9,75.12,77.86,0.0,0,0,101.28,31.29,252,180,13521.6,5799.600000000001
2025-03-20,SKU013,Dairy,Western Cape,Convenience,72.4,42.9,73.06,76.12,0.0,0,0,101.17,31.21,147,137,10009.220000000001,4131.92
2025-03-21,SKU013,Dairy,KwaZulu-Natal,Supermarket,72.4,42.9,74.7,73.66,0.0,0,0,100.96,30.97,176,159,11877.300000000001,5056.200000000001
2025-03-22,SKU013,Dairy,Gauteng,Supermarket,72.4,42.9,77.96,75.82,0.0,0,0,101.2,31.39,216,155,12083.8,5434.299999999999
2025-03-23,SKU013,Dairy,Western Cape,Supermarket,72.4,42.9,69.32,74.44,0.0426,0,0,100.74,31.33,197,169,11715.079999999998,4464.979999999999
2025-03-24,SKU013,Dairy,Gauteng,Supermarket,72.4,42.9,65.46,75.23,0.0959,0,0,101.14,31.19,283,186,12175.56,4196.159999999999
2025-03-25,SKU013,Dairy,KwaZulu-Natal,Convenience,72.4,42.9,70.66,75.02,0.0241,0,0,100.76,30.88,219,149,10528.34,4136.24
2025-03-26,SKU013,Dairy,KwaZulu-Natal,Convenience,72.4,42.9,79.46,71.41,0.0,0,0,101.12,30.96,170,137,10886.019999999999,5008.719999999999
2025-03-27,SKU013,Dairy,Western Cape,Supermarket,72.4,42.9,72.34,71.3,0.0008,0,0,101.12,31.02,184,184,13310.560000000001,5416.960000000001
2025-03-28,SKU013,Dairy,Western Cape,Supermarket,72.4,42.9,58.64,72.49,0.1901,1,0,100.44,30.86,264,223,13076.72,3510.0200000000004
2025-03-29,SKU013,Dairy,Western Cape,Supermarket,72.4,42.9,71.36,73.91,0.0144,0,0,101.04,31.04,313,199,14200.64,5663.54
2025-03-30,SKU013,Dairy,KwaZulu-Natal,Supermarket,72.4,42.9,63.88,72.82,0.1177,1,0,100.96,30.93,328,219,13989.720000000001,4594.620000000001
2025-03-31,SKU013,Dairy,Western Cape,Supermarket,72.4,42.9,74.92,73.16,0.0,0,0,101.27,30.83,134,134,10039.28,4290.68
2025-04-01,SKU013,Dairy,KwaZulu-Natal,Supermarket,72.4,42.9,67.76,75.19,0.0641,1,0,100.81,30.88,267,197,13348.720000000001,4897.420000000001
2025-04-02,SKU013,Dairy,Gauteng,Supermarket,72.4,42.9,69.72,72.27,0.037,0,0,101.03,30.91,219,176,12270.72,4720.32
2025-04-03,SKU013,Dairy,KwaZulu-Natal,Supermarket,72.4,42.9,75.89,77.57,0.0,0,0,100.78,30.99,241,182,13811.98,6004.18
2025-04-04,SKU013,Dairy,Western Cape,Supermarket,72.4,42.9,70.06,72.47,0.0323,0,1,100.91,30.82,294,222,15553.32,6029.52
2025-04-05,SKU013,Dairy,Gauteng,Supermarket,72.4,42.9,78.19,77.1,0.0,0,1,101.66,30.66,169,169,13214.109999999999,5964.01
2025-04-06,SKU013,Dairy,Gauteng,Hyper,72.4,42.9,66.14,74.63,0.0865,0,1,101.0,30.77,305,257,16997.98,5972.68
2025-04-07,SKU013,Dairy,Western Cape,Convenience,72.4,42.9,66.85,74.64,0.0767,0,0,100.5,30.95,203,146,9760.099999999999,3496.6999999999994
2025-04-08,SKU013,Dairy,Western Cape,Hyper,72.4,42.9,71.97,72.72,0.0059,0,0,101.26,30.61,259,196,14106.119999999999,5697.72
2025-04-09,SKU013,Dairy,Western Cape,Supermarket,72.4,42.9,69.97,72.51,0.0336,0,0,100.8,30.83,244,171,11964.869999999999,4628.97
2025-04-10,SKU013,Dairy,KwaZulu-Natal,Hyper,72.4,42.9,77.95,76.75,0.0,0,0,100.83,30.88,158,158,12316.1,5537.900000000001
2025-04-11,SKU013,Dairy,Western Cape,Convenience,72.4,42.9,79.11,72.72,0.0,0,1,100.55,30.74,171,150,11866.5,5431.5
2025-04-12,SKU013,Dairy,KwaZulu-Natal,Supermarket,72.4,42.9,65.77,74.35,0.0915,0,1,100.96,30.82,203,203,13351.31,4642.61
2025-04-13,SKU013,Dairy,KwaZulu-Natal,Hyper,72.4,42.9,78.93,77.81,0.0,0,1,101.05,30.5,195,195,15391.350000000002,7025.850000000001
2025-04-14,SKU013,Dairy,KwaZulu-Natal,Hyper,72.4,42.9,66.56,77.27,0.0807,0,0,101.09,30.57,240,197,13112.32,4661.02
2025-04-15,SKU013,Dairy,Gauteng,Convenience,72.4,42.9,70.56,73.07,0.0255,0,0,100.87,30.61,161,132,9313.92,3651.1200000000003
2025-04-16,SKU013,Dairy,KwaZulu-Natal,Supermarket,72.4,42.9,77.84,78.66,0.0,0,0,101.45,30.61,160,131,10197.04,4577.14
2025-04-17,SKU013,Dairy,Western Cape,Convenience,72.4,42.9,65.69,72.86,0.0927,0,0,100.97,30.46,133,133,8736.77,3031.0699999999997
2025-04-18,SKU013,Dairy,Western Cape,Supermarket,72.4,42.9,66.58,73.66,0.0803,1,1,101.18,30.36,322,204,13582.32,4830.72
2025-04-19,SKU013,Dairy,Gauteng,Convenience,72.4,42.9,64.4,72.41,0.1105,1,1,100.78,30.46,282,225,14490.000000000002,4837.500000000002
2025-04-20,SKU013,Dairy,Gauteng,Supermarket,72.4,42.9,72.73,73.88,0.0,0,1,100.81,30.5,304,202,14691.460000000001,6025.660000000001
2025-04-21,SKU013,Dairy,KwaZulu-Natal,Supermarket,72.4,42.9,77.07,74.27,0.0,0,0,101.49,30.19,201,183,14103.81,6253.109999999999
2025-04-22,SKU013,Dairy,Western Cape,Supermarket,72.4,42.9,78.9,75.17,0.0,0,0,100.92,30.42,247,173,13649.7,6228.000000000001
2025-04-23,SKU013,Dairy,Western Cape,Supermarket,72.4,42.9,65.47,74.77,0.0957,0,0,100.97,30.26,296,233,15254.51,5258.81
2025-04-24,SKU013,Dairy,Western Cape,Supermarket,72.4,42.9,79.03,72.69,0.0,0,0,101.17,30.22,182,153,12091.59,5527.89
2025-04-25,SKU013,Dairy,KwaZulu-Natal,Supermarket,72.4,42.9,72.9,76.36,0.0,0,1,101.57,30.28,241,152,11080.800000000001,4560.000000000001
2025-04-26,SKU013,Dairy,Western Cape,Hyper,72.4,42.9,73.56,72.08,0.0,0,1,100.91,30.27,318,202,14859.12,6193.320000000001
2025-04-27,SKU013,Dairy,Western Cape,Hyper,72.4,42.9,72.98,73.29,0.0,0,1,100.76,30.37,305,200,14596.0,6016.000000000001
2025-04-28,SKU013,Dairy,Gauteng,Supermarket,72.4,42.9,79.55,71.57,0.0,0,0,101.38,30.3,142,142,11296.1,5204.3
2025-04-29,SKU013,Dairy,KwaZulu-Natal,Convenience,72.4,42.9,65.93,79.03,0.0894,0,0,100.95,30.43,187,164,10812.52,3776.9200000000014
2025-04-30,SKU013,Dairy,Western Cape,Supermarket,72.4,42.9,74.6,72.89,0.0,0,0,100.77,30.1,215,172,12831.199999999999,5452.4
2025-05-01,SKU013,Dairy,Gauteng,Convenience,72.4,42.9,76.81,78.28,0.0,0,0,101.5,30.13,165,119,9140.39,4035.2900000000004
2025-05-02,SKU013,Dairy,KwaZulu-Natal,Convenience,72.4,42.9,77.7,74.03,0.0,0,0,101.77,30.11,193,144,11188.800000000001,5011.200000000001
2025-05-03,SKU013,Dairy,KwaZulu-Natal,Hyper,72.4,42.9,66.51,72.04,0.0813,0,0,101.45,29.85,336,231,15363.810000000001,5453.910000000002
2025-05-04,SKU013,Dairy,KwaZulu-Natal,Supermarket,72.4,42.9,70.6,70.45,0.0248,0,0,101.14,29.86,232,152,10731.199999999999,4210.4
2025-05-05,SKU013,Dairy,Gauteng,Supermarket,72.4,42.9,61.74,73.8,0.1472,1,0,101.36,29.95,267,218,13459.32,4107.120000000001
2025-05-06,SKU013,Dairy,KwaZulu-Natal,Supermarket,72.4,42.9,70.99,72.53,0.0194,0,0,101.45,29.91,184,175,12423.25,4915.749999999999
2025-05-07,SKU013,Dairy,KwaZulu-Natal,Supermarket,72.4,42.9,74.54,78.12,0.0,0,0,101.57,29.92,212,153,11404.62,4840.920000000001
2025-05-08,SKU013,Dairy,Gauteng,Hyper,72.4,42.9,54.11,78.94,0.2526,1,0,101.51,29.81,322,309,16719.99,3463.8900000000003
2025-05-09,SKU013,Dairy,Gauteng,Supermarket,72.4,42.9,69.83,74.87,0.0355,1,0,101.54,29.95,203,167,11661.61,4497.31
2025-05-10,SKU013,Dairy,KwaZulu-Natal,Convenience,72.4,42.9,60.59,74.03,0.1631,1,0,101.77,29.94,176,167,10118.53,2954.230000000001
2025-05-11,SKU013,Dairy,Gauteng,Supermarket,72.4,42.9,77.36,72.09,0.0,0,0,101.01,29.77,185,173,13383.28,5961.58
2025-05-12,SKU013,Dairy,Gauteng,Supermarket,72.4,42.9,77.96,73.7,0.0,0,0,101.0,29.5,192,161,12551.56,5644.659999999999
2025-05-13,SKU013,Dairy,KwaZulu-Natal,Supermarket,72.4,42.9,78.12,71.49,0.0,0,0,100.78,29.67,135,127,9921.24,4472.9400000000005
2025-05-14,SKU013,Dairy,Western Cape,Supermarket,72.4,42.9,77.06,72.84,0.0,0,0,101.05,29.7,169,156,12021.36,5328.960000000001
2025-05-15,SKU013,Dairy,KwaZulu-Natal,Supermarket,72.4,42.9,78.94,69.95,0.0,0,0,101.56,29.53,194,151,11919.94,5442.04
2025-05-16,SKU013,Dairy,Gauteng,Supermarket,72.4,42.9,67.92,77.3,0.0619,0,0,101.59,29.6,242,200,13584.0,5004.000000000001
2025-05-17,SKU013,Dairy,KwaZulu-Natal,Supermarket,72.4,42.9,71.03,75.94,0.0189,0,0,101.24,29.43,202,144,10228.32,4050.7200000000003
2025-05-18,SKU013,Dairy,KwaZulu-Natal,Supermarket,72.4,42.9,67.39,75.17,0.0692,0,0,101.4,29.67,199,162,10917.18,3967.38
2025-05-19,SKU013,Dairy,Gauteng,Hyper,72.4,42.9,67.87,72.86,0.0626,0,0,101.65,29.44,252,218,14795.660000000002,5443.460000000001
2025-05-20,SKU013,Dairy,Western Cape,Hyper,72.4,42.9,79.03,71.42,0.0,0,0,102.16,29.61,201,161,12723.83,5816.93
2025-05-21,SKU013,Dairy,Western Cape,Hyper,72.4,42.9,77.59,73.36,0.0,0,0,100.99,29.59,201,168,13035.12,5827.920000000001
2025-05-22,SKU013,Dairy,KwaZulu-Natal,Supermarket,72.4,42.9,62.21,71.3,0.1407,1,0,101.88,29.22,334,192,11944.32,3707.5200000000004
2025-05-23,SKU013,Dairy,Western Cape,Supermarket,72.4,42.9,74.22,73.13,0.0,0,0,101.88,29.37,206,169,12543.18,5293.08
2025-05-24,SKU013,Dairy,Western Cape,Convenience,72.4,42.9,76.42,72.37,0.0,0,0,101.73,29.67,178,146,11157.32,4893.92
2025-05-25,SKU013,Dairy,Gauteng,Hyper,72.4,42.9,72.3,77.22,0.0013,0,0,101.43,29.33,284,237,17135.1,6967.799999999999
2025-05-26,SKU013,Dairy,Gauteng,Supermarket,72.4,42.9,78.11,72.04,0.0,0,0,102.03,29.66,156,156,12185.16,5492.76
2025-05-27,SKU013,Dairy,Western Cape,Hyper,72.4,42.9,65.29,75.87,0.0982,1,0,101.68,29.3,319,230,15016.7,5149.700000000002
2025-05-28,SKU013,Dairy,KwaZulu-Natal,Supermarket,72.4,42.9,69.88,72.26,0.0347,0,0,101.57,29.35,143,143,9992.84,3858.1399999999994
2025-05-29,SKU013,Dairy,Gauteng,Supermarket,72.4,42.9,69.75,75.27,0.0366,0,0,101.61,29.55,225,199,13880.25,5343.150000000001
2025-05-30,SKU013,Dairy,Western Cape,Supermarket,72.4,42.9,79.12,74.44,0.0,0,0,101.72,29.18,222,160,12659.2,5795.200000000001
2025-05-31,SKU013,Dairy,Western Cape,Supermarket,72.4,42.9,73.54,70.71,0.0,1,0,101.27,29.28,363,220,16178.800000000001,6740.800000000002
2025-06-01,SKU013,Dairy,Western Cape,Convenience,72.4,42.9,68.44,75.64,0.0547,1,0,101.93,29.13,167,152,10402.88,3882.08
2025-06-02,SKU013,Dairy,Gauteng,Supermarket,72.4,42.9,65.6,73.62,0.0939,0,0,101.83,29.2,204,204,13382.4,4630.799999999999
2025-06-03,SKU013,Dairy,Gauteng,Supermarket,72.4,42.9,62.32,73.57,0.1392,1,0,101.62,29.05,341,268,16701.76,5204.56
2025-06-04,SKU013,Dairy,Gauteng,Supermarket,72.4,42.9,79.3,73.71,0.0,0,0,101.77,29.13,182,141,11181.3,5132.4
2025-06-05,SKU013,Dairy,Gauteng,Hyper,72.4,42.9,69.24,70.76,0.0436,0,0,101.81,29.27,212,211,14609.64,5557.739999999999
2025-06-06,SKU013,Dairy,Gauteng,Supermarket,72.4,42.9,69.72,77.26,0.037,0,0,101.41,29.17,204,178,12410.16,4773.96
2025-06-07,SKU013,Dairy,Gauteng,Supermarket,72.4,42.9,76.07,74.69,0.0,0,0,100.85,29.16,219,187,14225.089999999998,6202.789999999999
2025-06-08,SKU013,Dairy,Gauteng,Convenience,72.4,42.9,74.6,74.56,0.0,0,0,101.71,29.26,148,124,9250.4,3930.7999999999993
2025-06-09,SKU013,Dairy,Gauteng,Convenience,72.4,42.9,71.56,77.45,0.0116,1,0,101.39,28.98,243,168,12022.08,4814.880000000001
2025-06-10,SKU013,Dairy,KwaZulu-Natal,Supermarket,72.4,42.9,70.13,78.24,0.0314,0,0,102.2,28.91,271,172,12062.359999999999,4683.5599999999995
2025-06-11,SKU013,Dairy,KwaZulu-Natal,Supermarket,72.4,42.9,75.38,69.78,0.0,0,0,101.17,29.23,153,139,10477.82,4514.719999999999
2025-06-12,SKU013,Dairy,Western Cape,Convenience,72.4,42.9,79.2,74.07,0.0,0,0,101.99,28.96,113,113,8949.6,4101.900000000001
2025-06-13,SKU013,Dairy,Western Cape,Supermarket,72.4,42.9,67.13,77.89,0.0728,0,0,102.34,28.85,241,151,10136.63,3658.7299999999996
2025-06-14,SKU013,Dairy,Gauteng,Hyper,72.4,42.9,68.89,78.3,0.0485,0,0,102.41,29.02,163,163,11229.07,4236.37
2025-06-15,SKU013,Dairy,Gauteng,Convenience,72.4,42.9,55.92,73.23,0.2276,1,0,101.72,29.29,264,214,11966.880000000001,2786.2800000000007
2025-06-16,SKU013,Dairy,Gauteng,Hyper,72.4,42.9,60.9,75.68,0.1589,1,0,101.72,28.89,353,251,15285.9,4518.0
2025-06-17,SKU013,Dairy,Gauteng,Convenience,72.4,42.9,62.7,70.36,0.134,1,0,101.78,28.76,244,182,11411.4,3603.600000000001
2025-06-18,SKU013,Dairy,Gauteng,Convenience,72.4,42.9,67.81,75.44,0.0634,0,0,101.92,29.01,206,170,11527.7,4234.700000000001
2025-06-19,SKU013,Dairy,Gauteng,Hyper,72.4,42.9,55.01,74.38,0.2401,1,0,101.54,28.84,245,244,13422.439999999999,2954.8399999999997
2025-06-20,SKU013,Dairy,Gauteng,Hyper,72.4,42.9,64.46,67.73,0.1097,1,0,101.69,29.02,249,212,13665.519999999999,4570.719999999999
2025-06-21,SKU013,Dairy,Gauteng,Convenience,72.4,42.9,74.11,73.89,0.0,0,0,101.61,28.86,130,115,8522.65,3589.15
2025-06-22,SKU013,Dairy,Western Cape,Supermarket,72.4,42.9,75.23,74.14,0.0,0,0,101.77,28.9,164,151,11359.730000000001,4881.830000000001
2025-06-23,SKU013,Dairy,KwaZulu-Natal,Supermarket,72.4,42.9,67.97,72.8,0.0612,0,0,102.16,28.98,221,168,11418.96,4211.76
2025-06-24,SKU013,Dairy,Gauteng,Convenience,72.4,42.9,71.79,79.18,0.0084,0,0,101.5,28.8,114,114,8184.06,3293.460000000001
2025-06-25,SKU013,Dairy,KwaZulu-Natal,Supermarket,72.4,42.9,70.05,72.53,0.0325,0,0,102.39,28.98,167,145,10157.25,3936.75
2025-06-26,SKU013,Dairy,Gauteng,Supermarket,72.4,42.9,67.96,76.64,0.0613,1,0,101.95,29.01,188,188,12776.48,4711.279999999999
2025-06-27,SKU013,Dairy,Gauteng,Supermarket,72.4,42.9,74.02,75.77,0.0,0,0,102.09,28.81,182,156,11547.119999999999,4854.719999999999
2025-06-28,SKU013,Dairy,Gauteng,Supermarket,72.4,42.9,68.04,76.38,0.0602,0,0,102.32,28.77,239,179,12179.160000000002,4500.060000000001
2025-06-29,SKU013,Dairy,Western Cape,Supermarket,72.4,42.9,76.19,73.42,0.0,0,0,101.84,28.79,148,108,8228.52,3595.3199999999997
2025-06-30,SKU013,Dairy,KwaZulu-Natal,Supermarket,72.4,42.9,75.27,75.49,0.0,0,0,102.12,28.85,172,140,10537.8,4531.799999999999
2025-07-01,SKU013,Dairy,Western Cape,Hyper,72.4,42.9,70.5,71.04,0.0262,0,0,102.74,28.71,218,171,12055.5,4719.6
2025-07-02,SKU013,Dairy,Western Cape,Supermarket,72.4,42.9,72.04,76.23,0.005,0,0,102.15,28.62,231,174,12534.960000000001,5070.3600000000015
2025-07-03,SKU013,Dairy,Gauteng,Supermarket,72.4,42.9,75.67,77.68,0.0,0,0,101.73,29.03,198,151,11426.17,4948.27
2025-07-04,SKU013,Dairy,Gauteng,Supermarket,72.4,42.9,74.02,75.15,0.0,0,0,101.87,28.87,172,155,11473.099999999999,4823.599999999999
2025-07-05,SKU013,Dairy,Gauteng,Convenience,72.4,42.9,65.99,72.83,0.0886,0,0,102.77,28.7,252,152,10030.48,3509.6799999999994
2025-07-06,SKU013,Dairy,Gauteng,Supermarket,72.4,42.9,72.24,73.74,0.0023,1,0,102.16,28.78,322,211,15242.64,6190.739999999999
2025-07-07,SKU013,Dairy,Western Cape,Supermarket,72.4,42.9,67.75,78.95,0.0642,0,0,102.09,28.53,149,148,10027.0,3677.8
2025-07-08,SKU013,Dairy,KwaZulu-Natal,Hyper,72.4,42.9,64.91,77.66,0.1034,1,0,102.27,29.07,223,188,12203.08,4137.879999999999
2025-07-09,SKU013,Dairy,Western Cape,Hyper,72.4,42.9,67.73,73.31,0.0645,0,0,101.75,28.9,173,173,11717.29,4295.590000000001
2025-07-10,SKU013,Dairy,Western Cape,Convenience,72.4,42.9,78.35,74.61,0.0,0,0,102.39,28.84,149,116,9088.599999999999,4112.2
2025-07-11,SKU013,Dairy,Western Cape,Convenience,72.4,42.9,70.1,76.5,0.0318,0,0,102.2,28.66,191,116,8131.599999999999,3155.1999999999994
2025-07-12,SKU013,Dairy,Western Cape,Hyper,72.4,42.9,56.21,76.02,0.2236,1,0,102.14,28.5,382,246,13827.66,3274.2600000000007
2025-07-13,SKU013,Dairy,Gauteng,Convenience,72.4,42.9,56.43,75.8,0.2206,1,0,102.3,28.8,170,163,9198.09,2205.3900000000003
2025-07-14,SKU013,Dairy,Gauteng,Supermarket,72.4,42.9,74.26,74.66,0.0,0,0,102.22,28.95,169,143,10619.18,4484.480000000001
2025-07-15,SKU013,Dairy,Gauteng,Supermarket,72.4,42.9,65.59,72.06,0.0941,0,0,102.26,28.93,250,153,10035.27,3471.5700000000006
2025-07-16,SKU013,Dairy,Gauteng,Convenience,72.4,42.9,76.59,77.2,0.0,0,0,102.21,28.76,125,113,8654.67,3806.9700000000007
2025-07-17,SKU013,Dairy,Western Cape,Supermarket,72.4,42.9,59.95,75.9,0.172,1,0,102.34,28.71,236,187,11210.65,3188.350000000001
2025-07-18,SKU013,Dairy,Gauteng,Hyper,72.4,42.9,79.2,76.7,0.0,0,0,102.19,28.9,193,153,12117.6,5553.900000000001
2025-07-19,SKU013,Dairy,Gauteng,Supermarket,72.4,42.9,70.22,76.23,0.0302,0,0,101.88,28.66,201,157,11024.539999999999,4289.24
2025-07-20,SKU013,Dairy,KwaZulu-Natal,Supermarket,72.4,42.9,69.17,71.85,0.0446,0,0,102.55,29.12,196,142,9822.14,3730.3400000000006
2025-07-21,SKU013,Dairy,KwaZulu-Natal,Supermarket,72.4,42.9,78.42,73.54,0.0,0,0,101.75,29.04,117,114,8939.880000000001,4049.28
2025-07-22,SKU013,Dairy,Gauteng,Hyper,72.4,42.9,68.46,70.86,0.0544,0,0,102.58,28.97,249,190,13007.4,4856.399999999999
2025-07-23,SKU013,Dairy,KwaZulu-Natal,Supermarket,72.4,42.9,66.14,72.22,0.0864,1,0,102.41,28.87,203,154,10185.56,3578.9600000000005
2025-07-24,SKU013,Dairy,Western Cape,Supermarket,72.4,42.9,71.96,75.75,0.0061,0,0,102.55,28.76,142,138,9930.48,4010.2799999999993
2025-07-25,SKU013,Dairy,Gauteng,Supermarket,72.4,42.9,72.48,77.75,0.0,0,0,101.74,28.94,205,161,11669.28,4762.380000000001
2025-07-26,SKU013,Dairy,Gauteng,Supermarket,72.4,42.9,72.19,74.66,0.0029,0,0,101.92,29.07,170,150,10828.5,4393.5
2025-07-27,SKU013,Dairy,Western Cape,Supermarket,72.4,42.9,69.6,77.89,0.0387,0,0,102.33,28.96,178,148,10300.8,3951.5999999999995
2025-07-28,SKU013,Dairy,Gauteng,Hyper,72.4,42.9,71.22,75.52,0.0163,0,0,102.73,29.14,206,203,14457.66,5748.96
2025-07-29,SKU013,Dairy,KwaZulu-Natal,Supermarket,72.4,42.9,72.09,76.65,0.0043,0,0,102.22,29.01,165,140,10092.6,4086.600000000001
2025-07-30,SKU013,Dairy,Western Cape,Supermarket,72.4,42.9,66.59,74.78,0.0802,0,0,102.82,29.35,178,163,10854.17,3861.4700000000007
2025-07-31,SKU013,Dairy,Western Cape,Hyper,72.4,42.9,75.93,74.39,0.0,0,0,102.17,28.95,182,163,12376.590000000002,5383.890000000001
2025-08-01,SKU013,Dairy,Western Cape,Supermarket,72.4,42.9,79.47,71.92,0.0,0,0,102.07,28.99,139,138,10966.86,5046.66
2025-08-02,SKU013,Dairy,KwaZulu-Natal,Supermarket,72.4,42.9,58.05,75.51,0.1982,1,0,102.09,29.1,152,136,7894.799999999999,2060.3999999999996
2025-08-03,SKU013,Dairy,KwaZulu-Natal,Supermarket,72.4,42.9,76.23,71.57,0.0,0,0,102.48,28.98,138,113,8613.99,3766.2900000000004
2025-08-04,SKU013,Dairy,KwaZulu-Natal,Supermarket,72.4,42.9,71.55,73.98,0.0117,1,0,102.03,29.1,148,148,10589.4,4240.2
2025-08-05,SKU013,Dairy,Gauteng,Supermarket,72.4,42.9,70.56,78.46,0.0254,0,0,102.44,29.06,203,155,10936.800000000001,4287.3
2025-08-06,SKU013,Dairy,Gauteng,Supermarket,72.4,42.9,77.38,73.47,0.0,0,0,102.4,29.15,161,122,9440.359999999999,4206.5599999999995
2025-08-07,SKU013,Dairy,KwaZulu-Natal,Supermarket,72.4,42.9,71.82,73.24,0.008,0,0,102.23,29.26,98,98,7038.36,2834.1599999999994
2025-08-08,SKU013,Dairy,Western Cape,Supermarket,72.4,42.9,75.15,80.31,0.0,0,0,102.65,29.25,174,136,10220.400000000001,4386.000000000001
2025-08-09,SKU013,Dairy,Western Cape,Hyper,72.4,42.9,67.31,71.84,0.0702,0,0,102.5,29.48,164,164,11038.84,4003.2400000000007
2025-08-10,SKU013,Dairy,Gauteng,Supermarket,72.4,42.9,79.49,74.49,0.0,0,0,102.66,29.14,186,117,9300.33,4281.03
2025-08-11,SKU013,Dairy,Western Cape,Hyper,72.4,42.9,74.89,77.29,0.0,0,0,102.12,29.11,168,119,8911.91,3806.8100000000004
2025-08-12,SKU013,Dairy,Gauteng,Supermarket,72.4,42.9,68.29,77.15,0.0568,0,0,102.57,29.58,179,158,10789.820000000002,4011.6200000000013
2025-08-13,SKU013,Dairy,Gauteng,Convenience,72.4,42.9,62.24,73.25,0.1403,1,0,103.0,29.27,152,150,9336.0,2901.0000000000005
2025-08-14,SKU013,Dairy,Gauteng,Convenience,72.4,42.9,66.13,77.91,0.0866,0,0,101.98,29.13,144,100,6613.0,2322.9999999999995
2025-08-15,SKU013,Dairy,Gauteng,Supermarket,72.4,42.9,78.93,74.02,0.0,0,0,102.31,29.53,119,109,8603.37,3927.270000000001
2025-08-16,SKU013,Dairy,KwaZulu-Natal,Supermarket,72.4,42.9,73.43,72.34,0.0,0,0,102.68,29.21,128,108,7930.4400000000005,3297.2400000000007
2025-08-17,SKU013,Dairy,Western Cape,Supermarket,72.4,42.9,71.41,74.73,0.0137,0,0,101.71,29.81,190,120,8569.199999999999,3421.2
2025-08-18,SKU013,Dairy,Western Cape,Supermarket,72.4,42.9,73.51,71.83,0.0,0,0,102.05,29.5,184,131,9629.810000000001,4009.9100000000008
2025-08-19,SKU013,Dairy,Gauteng,Supermarket,72.4,42.9,78.39,71.23,0.0,0,0,102.38,29.51,112,112,8779.68,3974.88
2025-08-20,SKU013,Dairy,Western Cape,Convenience,72.4,42.9,70.16,71.72,0.031,0,0,102.41,29.66,145,112,7857.92,3053.12
2025-08-21,SKU013,Dairy,KwaZulu-Natal,Hyper,72.4,42.9,60.06,75.35,0.1704,1,0,102.67,29.59,168,168,10090.08,2882.8800000000006
2025-08-22,SKU013,Dairy,KwaZulu-Natal,Convenience,72.4,42.9,74.65,76.56,0.0,0,0,102.48,29.6,138,104,7763.6,3302.000000000001
2025-08-23,SKU013,Dairy,Gauteng,Supermarket,72.4,42.9,74.37,71.38,0.0,0,0,102.56,29.6,215,154,11452.980000000001,4846.380000000001
2025-08-24,SKU013,Dairy,Western Cape,Hyper,72.4,42.9,78.94,75.61,0.0,0,0,103.02,29.59,220,127,10025.38,4577.08
2025-08-25,SKU013,Dairy,Western Cape,Supermarket,72.4,42.9,68.03,72.8,0.0604,0,0,102.04,29.53,201,138,9388.14,3467.9400000000005
2025-08-26,SKU013,Dairy,Gauteng,Supermarket,72.4,42.9,77.69,76.71,0.0,0,0,102.43,29.92,181,129,10022.01,4487.91
2025-08-27,SKU013,Dairy,Western Cape,Convenience,72.4,42.9,62.47,74.21,0.1371,1,0,102.54,29.65,212,129,8058.63,2524.53
2025-08-28,SKU013,Dairy,Western Cape,Supermarket,72.4,42.9,72.47,77.48,0.0,0,0,103.01,29.54,168,133,9638.51,3932.81
2025-01-01,SKU014,Household,Gauteng,Supermarket,113.65,85.9,116.84,114.51,0.0,0,0,99.8,30.08,221,180,21031.2,5569.2
2025-01-02,SKU014,Household,Gauteng,Supermarket,113.65,85.9,123.73,110.04,0.0,0,0,100.31,29.95,151,151,18683.23,5712.33
2025-01-03,SKU014,Household,Gauteng,Supermarket,113.65,85.9,122.45,108.65,0.0,0,0,99.96,29.93,240,148,18122.600000000002,5409.4
2025-01-04,SKU014,Household,Gauteng,Convenience,113.65,85.9,104.8,112.36,0.0779,0,0,100.17,29.99,218,160,16768.0,3023.9999999999986
2025-01-05,SKU014,Household,KwaZulu-Natal,Hyper,113.65,85.9,109.53,108.48,0.0363,0,0,100.11,30.0,226,182,19934.46,4300.659999999999
2025-01-06,SKU014,Household,Gauteng,Supermarket,113.65,85.9,101.71,109.44,0.105,1,0,100.13,30.01,259,259,26342.89,4094.789999999997
2025-01-07,SKU014,Household,Gauteng,Supermarket,113.65,85.9,112.76,120.52,0.0078,0,0,100.39,30.39,234,195,21988.2,5237.7
2025-01-08,SKU014,Household,Western Cape,Hyper,113.65,85.9,120.92,113.22,0.0,0,0,100.06,30.13,279,171,20677.32,5988.419999999999
2025-01-09,SKU014,Household,Western Cape,Supermarket,113.65,85.9,116.77,115.84,0.0,0,0,100.06,30.29,265,166,19383.82,5124.419999999998
2025-01-10,SKU014,Household,Gauteng,Convenience,113.65,85.9,123.92,114.26,0.0,0,0,99.97,30.49,196,160,19827.2,6083.199999999999
2025-01-11,SKU014,Household,KwaZulu-Natal,Convenience,113.65,85.9,123.51,118.51,0.0,0,0,100.33,30.47,151,115,14203.650000000001,4325.15
2025-01-12,SKU014,Household,KwaZulu-Natal,Supermarket,113.65,85.9,119.69,117.2,0.0,0,0,99.7,30.47,184,152,18192.88,5136.079999999999
2025-01-13,SKU014,Household,Gauteng,Convenience,113.65,85.9,113.93,110.06,0.0,0,0,100.47,30.77,120,120,13671.6,3363.6000000000004
2025-01-14,SKU014,Household,Gauteng,Supermarket,113.65,85.9,122.34,113.73,0.0,0,0,100.29,30.31,161,161,19696.74,5866.839999999999
2025-01-15,SKU014,Household,Gauteng,Supermarket,113.65,85.9,112.1,119.09,0.0136,0,0,99.99,30.31,196,190,21299.0,4977.999999999998
2025-01-16,SKU014,Household,Gauteng,Supermarket,113.65,85.9,104.62,114.37,0.0794,1,0,100.72,30.18,297,248,25945.760000000002,4642.5599999999995
2025-01-17,SKU014,Household,Gauteng,Supermarket,113.65,85.9,116.52,113.73,0.0,0,0,100.27,30.37,172,172,20041.44,5266.6399999999985
2025-01-18,SKU014,Household,Western Cape,Supermarket,113.65,85.9,110.2,113.47,0.0303,0,0,100.73,30.69,215,160,17632.0,3887.9999999999995
2025-01-19,SKU014,Household,Gauteng,Hyper,113.65,85.9,117.97,117.34,0.0,0,0,99.6,30.48,280,225,26543.25,7215.749999999998
2025-01-20,SKU014,Household,Gauteng,Supermarket,113.65,85.9,118.88,112.54,0.0,0,0,100.29,30.61,263,178,21160.64,5870.439999999998
2025-01-21,SKU014,Household,Western Cape,Hyper,113.65,85.9,113.62,112.37,0.0002,0,0,100.44,30.56,256,186,21133.32,5155.92
2025-01-22,SKU014,Household,Western Cape,Supermarket,113.65,85.9,112.04,109.92,0.0142,0,0,100.48,31.06,272,168,18822.72,4391.52
2025-01-23,SKU014,Household,Western Cape,Hyper,113.65,85.9,106.21,107.97,0.0655,0,0,99.8,30.77,142,142,15081.82,2884.019999999998
2025-01-24,SKU014,Household,Gauteng,Supermarket,113.65,85.9,123.68,117.34,0.0,0,0,100.12,30.88,189,176,21767.68,6649.280000000001
2025-01-25,SKU014,Household,Gauteng,Hyper,113.65,85.9,107.87,107.58,0.0508,0,0,100.22,30.76,288,258,27830.460000000003,5668.259999999999
2025-01-26,SKU014,Household,KwaZulu-Natal,Supermarket,113.65,85.9,121.38,114.19,0.0,0,0,100.02,30.65,180,144,17478.72,5109.119999999999
2025-01-27,SKU014,Household,KwaZulu-Natal,Supermarket,113.65,85.9,119.7,111.32,0.0,0,0,100.12,30.7,210,169,20229.3,5712.2
2025-01-28,SKU014,Household,Gauteng,Hyper,113.65,85.9,102.81,114.43,0.0953,1,0,100.02,30.93,303,276,28375.56,4667.159999999999
2025-01-29,SKU014,Household,Gauteng,Hyper,113.65,85.9,117.88,110.97,0.0,0,0,100.58,30.91,413,242,28526.96,7739.159999999997
2025-01-30,SKU014,Household,Western Cape,Convenience,113.65,85.9,89.12,108.1,0.2158,1,0,100.66,30.74,239,239,21299.68,769.5799999999997
2025-01-31,SKU014,Household,Western Cape,Supermarket,113.65,85.9,113.43,113.29,0.0019,0,0,99.75,30.97,318,206,23366.58,5671.18
2025-02-01,SKU014,Household,Western Cape,Supermarket,113.65,85.9,102.56,122.76,0.0976,0,0,100.4,30.94,294,218,22358.08,3631.879999999999
2025-02-02,SKU014,Household,Western Cape,Hyper,113.65,85.9,124.86,107.83,0.0,0,0,100.15,30.81,287,183,22849.38,7129.6799999999985
2025-02-03,SKU014,Household,Gauteng,Supermarket,113.65,85.9,119.38,118.01,0.0,0,0,100.95,30.79,252,203,24234.14,6796.439999999998
2025-02-04,SKU014,Household,Western Cape,Supermarket,113.65,85.9,124.82,115.15,0.0,0,0,100.51,30.86,214,173,21593.86,6733.159999999998
2025-02-05,SKU014,Household,Gauteng,Hyper,113.65,85.9,103.26,116.38,0.0914,0,0,100.13,30.91,300,300,30978.0,5208.0
2025-02-06,SKU014,Household,KwaZulu-Natal,Supermarket,113.65,85.9,119.31,111.11,0.0,0,0,100.41,30.92,174,174,20759.94,5813.339999999999
2025-02-07,SKU014,Household,Gauteng,Supermarket,113.65,85.9,94.98,117.01,0.1642,1,0,100.35,30.99,311,311,29538.780000000002,2823.8799999999997
2025-02-08,SKU014,Household,KwaZulu-Natal,Supermarket,113.65,85.9,124.2,111.99,0.0,0,0,100.26,30.95,190,129,16021.800000000001,4940.7
2025-02-09,SKU014,Household,Western Cape,Supermarket,113.65,85.9,110.05,108.78,0.0317,0,0,100.63,31.09,213,213,23440.649999999998,5143.949999999998
2025-02-10,SKU014,Household,Western Cape,Convenience,113.65,85.9,112.64,109.78,0.0089,0,0,100.64,30.9,155,131,14755.84,3502.939999999999
2025-02-11,SKU014,Household,Gauteng,Hyper,113.65,85.9,112.01,116.24,0.0144,1,0,100.28,31.11,330,271,30354.710000000003,7075.8099999999995
2025-02-12,SKU014,Household,KwaZulu-Natal,Supermarket,113.65,85.9,117.47,115.26,0.0,0,0,100.59,31.17,195,163,19147.61,5145.909999999999
2025-02-13,SKU014,Household,Gauteng,Supermarket,113.65,85.9,102.48,112.47,0.0983,0,0,100.73,30.93,277,242,24800.16,4012.3599999999997
2025-02-14,SKU014,Household,Gauteng,Convenience,113.65,85.9,117.3,114.75,0.0,0,0,100.87,31.09,166,148,17360.399999999998,4647.199999999999
2025-02-15,SKU014,Household,Western Cape,Supermarket,113.65,85.9,114.68,114.57,0.0,0,0,100.14,31.1,226,186,21330.48,5353.08
2025-02-16,SKU014,Household,Gauteng,Supermarket,113.65,85.9,102.85,117.56,0.095,0,0,101.08,31.19,347,247,25403.949999999997,4186.649999999997
2025-02-17,SKU014,Household,Western Cape,Supermarket,113.65,85.9,111.92,114.6,0.0153,0,0,100.51,31.0,227,207,23167.44,5386.139999999999
2025-02-18,SKU014,Household,Gauteng,Supermarket,113.65,85.9,95.46,119.52,0.1601,1,0,100.14,31.19,515,332,31692.719999999998,3173.919999999996
2025-02-19,SKU014,Household,Gauteng,Convenience,113.65,85.9,96.87,114.38,0.1477,1,0,101.05,31.25,281,248,24023.760000000002,2720.5599999999995
2025-02-20,SKU014,Household,Western Cape,Supermarket,113.65,85.9,124.28,111.25,0.0,0,0,100.74,31.26,171,150,18642.0,5756.999999999999
2025-02-21,SKU014,Household,Western Cape,Supermarket,113.65,85.9,108.17,117.84,0.0482,0,0,100.78,31.19,284,216,23364.72,4810.319999999999
2025-02-22,SKU014,Household,Gauteng,Hyper,113.65,85.9,112.7,112.3,0.0083,1,0,100.88,31.31,290,254,28625.8,6807.199999999999
2025-02-23,SKU014,Household,Gauteng,Supermarket,113.65,85.9,104.08,107.26,0.0842,0,0,100.89,31.33,291,213,22169.04,3872.3399999999983
2025-02-24,SKU014,Household,Western Cape,Supermarket,113.65,85.9,99.39,117.5,0.1255,1,0,100.67,31.18,263,214,21269.46,2886.8599999999988
2025-02-25,SKU014,Household,KwaZulu-Natal,Hyper,113.65,85.9,119.29,112.23,0.0,0,0,100.84,31.58,273,204,24335.16,6811.56
2025-02-26,SKU014,Household,KwaZulu-Natal,Supermarket,113.65,85.9,120.38,110.64,0.0,0,0,101.16,31.07,266,175,21066.5,6033.999999999998
2025-02-27,SKU014,Household,Gauteng,Hyper,113.65,85.9,101.96,116.01,0.1029,1,0,100.73,31.13,398,335,34156.6,5380.099999999996
2025-02-28,SKU014,Household,Western Cape,Supermarket,113.65,85.9,114.7,113.34,0.0,0,0,100.78,30.96,240,217,24889.9,6249.599999999999
2025-03-01,SKU014,Household,Gauteng,Supermarket,113.65,85.9,103.96,112.43,0.0853,1,0,100.44,31.31,266,266,27653.359999999997,4803.959999999996
2025-03-02,SKU014,Household,KwaZulu-Natal,Hyper,113.65,85.9,109.44,118.34,0.037,0,0,100.48,31.05,213,213,23310.72,5014.019999999999
2025-03-03,SKU014,Household,KwaZulu-Natal,Supermarket,113.65,85.9,105.71,112.71,0.0699,1,0,100.35,31.1,249,245,25898.949999999997,4853.449999999997
2025-03-04,SKU014,Household,KwaZulu-Natal,Hyper,113.65,85.9,102.96,113.43,0.094,1,0,100.61,31.48,293,293,30167.28,4998.579999999996
2025-03-05,SKU014,Household,Western Cape,Supermarket,113.65,85.9,116.62,114.97,0.0,0,0,100.73,31.06,261,189,22041.18,5806.08
2025-03-06,SKU014,Household,KwaZulu-Natal,Hyper,113.65,85.9,116.34,116.71,0.0,0,0,100.65,31.06,380,250,29085.0,7609.999999999999
2025-03-07,SKU014,Household,Gauteng,Convenience,113.65,85.9,107.88,112.39,0.0508,0,0,100.82,31.39,232,196,21144.48,4308.079999999998
2025-03-08,SKU014,Household,Western Cape,Supermarket,113.65,85.9,102.65,115.5,0.0968,1,0,101.24,31.0,183,183,18784.95,3065.25
2025-03-09,SKU014,Household,Western Cape,Supermarket,113.65,85.9,113.5,117.36,0.0013,0,0,100.84,31.06,153,153,17365.5,4222.799999999999
2025-03-10,SKU014,Household,KwaZulu-Natal,Supermarket,113.65,85.9,115.22,117.27,0.0,0,0,101.01,31.23,331,217,25002.739999999998,6362.439999999999
2025-03-11,SKU014,Household,KwaZulu-Natal,Supermarket,113.65,85.9,105.45,119.6,0.0722,1,0,100.76,31.09,228,228,24042.600000000002,4457.4
2025-03-12,SKU014,Household,Gauteng,Hyper,113.65,85.9,123.95,108.92,0.0,0,0,100.79,31.05,202,202,25037.9,7686.099999999999
2025-03-13,SKU014,Household,Gauteng,Supermarket,113.65,85.9,94.14,118.65,0.1717,1,0,100.81,31.47,403,321,30218.94,2645.039999999998
2025-03-14,SKU014,Household,Western Cape,Supermarket,113.65,85.9,117.0,113.65,0.0,0,0,101.11,31.21,128,128,14976.0,3980.7999999999993
2025-03-15,SKU014,Household,KwaZulu-Natal,Supermarket,113.65,85.9,113.97,114.66,0.0,0,0,100.17,30.93,181,169,19260.93,4743.829999999999
2025-03-16,SKU014,Household,Western Cape,Supermarket,113.65,85.9,110.02,115.68,0.032,0,0,101.07,31.11,260,210,23104.2,5065.199999999998
2025-03-17,SKU014,Household,Western Cape,Hyper,113.65,85.9,106.65,110.13,0.0616,0,0,101.46,31.08,386,261,27835.65,5415.75
2025-03-18,SKU014,Household,Gauteng,Hyper,113.65,85.9,112.05,110.15,0.0141,0,0,100.63,31.24,340,234,26219.7,6119.099999999998
2025-03-19,SKU014,Household,Western Cape,Hyper,113.65,85.9,110.09,113.53,0.0313,0,0,101.19,31.19,353,262,28843.58,6337.78
2025-03-20,SKU014,Household,Gauteng,Supermarket,113.65,85.9,105.15,115.94,0.0748,0,0,100.32,30.99,342,241,25341.15,4639.25
2025-03-21,SKU014,Household,Gauteng,Convenience,113.65,85.9,85.64,117.28,0.2464,1,0,100.92,31.1,353,278,23807.920000000002,-72.28000000000142
2025-03-22,SKU014,Household,KwaZulu-Natal,Hyper,113.65,85.9,115.27,117.0,0.0,1,0,101.03,31.01,203,203,23399.809999999998,5962.109999999998
2025-03-23,SKU014,Household,Gauteng,Supermarket,113.65,85.9,120.0,114.62,0.0,0,0,100.96,31.03,217,196,23520.0,6683.5999999999985
2025-03-24,SKU014,Household,Western Cape,Supermarket,113.65,85.9,113.58,112.08,0.0006,0,0,101.02,31.14,277,182,20671.56,5037.759999999998
2025-03-25,SKU014,Household,Western Cape,Supermarket,113.65,85.9,115.37,111.14,0.0,0,0,101.05,31.11,238,193,22266.41,5687.71
2025-03-26,SKU014,Household,Western Cape,Supermarket,113.65,85.9,114.91,117.15,0.0,0,0,100.85,31.04,175,175,20109.25,5076.749999999998
2025-03-27,SKU014,Household,Western Cape,Convenience,113.65,85.9,106.95,110.85,0.059,1,0,101.28,31.08,290,193,20641.350000000002,4062.6499999999996
2025-03-28,SKU014,Household,Western Cape,Convenience,113.65,85.9,110.68,114.66,0.0261,0,0,100.69,30.84,256,176,19479.68,4361.280000000001
2025-03-29,SKU014,Household,Western Cape,Supermarket,113.65,85.9,110.78,114.19,0.0252,0,0,100.83,30.96,202,192,21269.760000000002,4776.959999999999
2025-03-30,SKU014,Household,Western Cape,Supermarket,113.65,85.9,103.57,111.48,0.0887,0,0,100.52,30.96,353,227,23510.39,4011.089999999997
2025-03-31,SKU014,Household,Gauteng,Convenience,113.65,85.9,118.95,111.32,0.0,0,0,101.3,30.93,239,163,19388.850000000002,5387.15
2025-04-01,SKU014,Household,Gauteng,Supermarket,113.65,85.9,95.08,113.74,0.1634,1,0,100.88,30.92,381,381,36225.479999999996,3497.579999999997
2025-04-02,SKU014,Household,Western Cape,Supermarket,113.65,85.9,114.57,109.69,0.0,0,0,100.86,31.03,244,234,26809.379999999997,6708.779999999997
2025-04-03,SKU014,Household,KwaZulu-Natal,Hyper,113.65,85.9,103.84,114.49,0.0863,0,0,101.33,30.89,231,231,23987.04,4144.139999999999
2025-04-04,SKU014,Household,Gauteng,Hyper,113.65,85.9,104.77,118.03,0.0781,0,1,101.3,31.03,317,317,33212.09,5981.789999999997
2025-04-05,SKU014,Household,KwaZulu-Natal,Supermarket,113.65,85.9,111.57,108.09,0.0183,0,1,101.12,30.63,267,213,23764.41,5467.709999999997
2025-04-06,SKU014,Household,Western Cape,Supermarket,113.65,85.9,105.43,115.59,0.0724,0,1,100.79,30.92,253,222,23405.460000000003,4335.66
2025-04-07,SKU014,Household,Gauteng,Convenience,113.65,85.9,102.24,113.04,0.1004,1,0,101.34,30.77,342,233,23821.92,3807.2199999999975
2025-04-08,SKU014,Household,Gauteng,Supermarket,113.65,85.9,114.45,117.6,0.0,0,0,100.71,30.66,252,191,21859.95,5453.049999999999
2025-04-09,SKU014,Household,Western Cape,Supermarket,113.65,85.9,103.27,116.35,0.0913,0,0,100.57,30.8,380,237,24474.989999999998,4116.689999999998
2025-04-10,SKU014,Household,Western Cape,Supermarket,113.65,85.9,116.95,111.72,0.0,0,0,100.63,30.73,179,177,20700.15,5495.849999999999
2025-04-11,SKU014,Household,KwaZulu-Natal,Supermarket,113.65,85.9,109.09,115.76,0.0401,0,1,101.55,30.73,313,234,25527.06,5426.459999999999
2025-04-12,SKU014,Household,Western Cape,Supermarket,113.65,85.9,119.87,114.53,0.0,0,1,101.34,30.72,289,194,23254.780000000002,6590.179999999999
2025-04-13,SKU014,Household,Gauteng,Hyper,113.65,85.9,122.93,112.7,0.0,0,1,101.24,30.67,295,222,27290.460000000003,8220.66
2025-04-14,SKU014,Household,Western Cape,Convenience,113.65,85.9,103.87,111.94,0.086,0,0,100.88,30.78,293,200,20774.0,3594.0
2025-04-15,SKU014,Household,Gauteng,Convenience,113.65,85.9,109.05,113.52,0.0405,0,0,101.57,30.21,236,171,18647.55,3958.6499999999987
2025-04-16,SKU014,Household,KwaZulu-Natal,Supermarket,113.65,85.9,109.36,118.05,0.0377,0,0,101.1,30.58,142,142,15529.12,3331.3199999999993
2025-04-17,SKU014,Household,Western Cape,Supermarket,113.65,85.9,124.72,119.22,0.0,0,0,101.51,30.31,165,155,19331.6,6017.0999999999985
2025-04-18,SKU014,Household,Gauteng,Hyper,113.65,85.9,110.84,112.23,0.0247,0,1,100.51,30.42,406,276,30591.84,6883.44
2025-04-19,SKU014,Household,KwaZulu-Natal,Supermarket,113.65,85.9,105.33,120.8,0.0732,0,1,101.16,30.41,333,286,30124.38,5556.979999999998
2025-04-20,SKU014,Household,KwaZulu-Natal,Convenience,113.65,85.9,97.3,110.39,0.1439,1,1,101.11,30.33,394,238,23157.399999999998,2713.199999999998
2025-04-21,SKU014,Household,Western Cape,Hyper,113.65,85.9,118.56,115.38,0.0,0,0,100.88,30.2,295,214,25371.84,6989.239999999999
2025-04-22,SKU014,Household,KwaZulu-Natal,Hyper,113.65,85.9,119.55,121.06,0.0,0,0,101.47,30.74,281,195,23312.25,6561.749999999998
2025-04-23,SKU014,Household,KwaZulu-Natal,Supermarket,113.65,85.9,122.94,114.6,0.0,0,0,100.98,30.46,227,155,19055.7,5741.199999999999
2025-04-24,SKU014,Household,KwaZulu-Natal,Hyper,113.65,85.9,109.19,115.26,0.0392,0,0,101.26,30.3,260,253,27625.07,5892.369999999998
2025-04-25,SKU014,Household,Western Cape,Convenience,113.65,85.9,89.28,113.07,0.2145,1,1,101.47,30.37,276,266,23748.48,899.0799999999988
2025-04-26,SKU014,Household,Gauteng,Supermarket,113.65,85.9,109.37,113.6,0.0377,1,1,100.83,30.3,362,298,32592.260000000002,6994.0599999999995
2025-04-27,SKU014,Household,Gauteng,Supermarket,113.65,85.9,120.4,111.01,0.0,0,1,101.49,30.27,221,205,24682.0,7072.5
2025-04-28,SKU014,Household,Gauteng,Supermarket,113.65,85.9,113.8,114.07,0.0,0,0,101.49,30.34,216,178,20256.399999999998,4966.199999999999
2025-04-29,SKU014,Household,KwaZulu-Natal,Supermarket,113.65,85.9,123.75,124.87,0.0,0,0,100.97,30.15,267,172,21285.0,6510.199999999999
2025-04-30,SKU014,Household,Western Cape,Hyper,113.65,85.9,106.02,118.04,0.0671,0,0,100.73,30.05,260,211,22370.219999999998,4245.319999999998
2025-05-01,SKU014,Household,KwaZulu-Natal,Supermarket,113.65,85.9,113.32,112.57,0.0029,0,0,101.23,30.2,328,217,24590.44,5950.139999999998
2025-05-02,SKU014,Household,Western Cape,Convenience,113.65,85.9,106.53,116.3,0.0626,0,0,101.47,30.13,284,189,20134.170000000002,3899.0699999999993
2025-05-03,SKU014,Household,KwaZulu-Natal,Supermarket,113.65,85.9,106.97,113.66,0.0588,0,0,101.23,30.45,211,211,22570.67,4445.769999999999
2025-05-04,SKU014,Household,Gauteng,Supermarket,113.65,85.9,116.63,107.35,0.0,0,0,101.68,29.86,220,187,21809.809999999998,5746.509999999998
2025-05-05,SKU014,Household,Gauteng,Supermarket,113.65,85.9,111.83,112.57,0.016,0,0,100.93,29.98,322,209,23372.47,5419.369999999998
2025-05-06,SKU014,Household,KwaZulu-Natal,Convenience,113.65,85.9,98.63,115.22,0.1321,1,0,101.8,29.97,277,213,21008.19,2711.489999999998
2025-05-07,SKU014,Household,Gauteng,Supermarket,113.65,85.9,122.11,116.67,0.0,0,0,101.12,29.98,289,186,22712.46,6735.059999999999
2025-05-08,SKU014,Household,Western Cape,Supermarket,113.65,85.9,94.17,113.76,0.1714,1,0,101.97,30.19,306,262,24672.54,2166.739999999999
2025-05-09,SKU014,Household,Western Cape,Supermarket,113.65,85.9,103.52,114.46,0.0892,0,0,101.1,30.01,317,205,21221.6,3612.099999999998
2025-05-10,SKU014,Household,Gauteng,Convenience,113.65,85.9,105.85,114.03,0.0686,0,0,101.58,29.89,305,203,21487.55,4049.8499999999976
2025-05-11,SKU014,Household,Western Cape,Supermarket,113.65,85.9,109.03,111.67,0.0407,0,0,101.69,29.82,279,191,20824.73,4417.829999999999
2025-05-12,SKU014,Household,KwaZulu-Natal,Supermarket,113.65,85.9,108.51,117.11,0.0452,0,0,101.54,29.97,223,192,20833.920000000002,4341.12
2025-05-13,SKU014,Household,KwaZulu-Natal,Convenience,113.65,85.9,106.91,113.76,0.0593,1,0,101.73,29.92,263,181,19350.71,3802.8099999999986
2025-05-14,SKU014,Household,Western Cape,Hyper,113.65,85.9,112.23,113.44,0.0125,0,0,101.68,29.94,226,203,22782.690000000002,5344.99
2025-05-15,SKU014,Household,Gauteng,Supermarket,113.65,85.9,108.93,111.91,0.0415,0,0,102.38,29.65,225,184,20043.120000000003,4237.52
2025-05-16,SKU014,Household,Gauteng,Supermarket,113.65,85.9,106.25,111.95,0.0651,0,0,100.76,29.72,274,241,25606.25,4904.3499999999985
2025-05-17,SKU014,Household,Western Cape,Supermarket,113.65,85.9,118.42,109.82,0.0,0,0,101.18,29.42,81,81,9592.02,2634.12
2025-05-18,SKU014,Household,Western Cape,Supermarket,113.65,85.9,87.36,112.95,0.2313,1,0,101.34,29.71,388,320,27955.2,467.199999999998
2025-05-19,SKU014,Household,Gauteng,Supermarket,113.65,85.9,108.31,117.55,0.047,0,0,101.09,29.6,370,252,27294.12,5647.319999999999
2025-05-20,SKU014,Household,Gauteng,Supermarket,113.65,85.9,121.05,109.64,0.0,0,0,101.62,29.72,210,194,23483.7,6819.0999999999985
2025-05-21,SKU014,Household,Gauteng,Convenience,113.65,85.9,121.56,103.61,0.0,0,0,102.2,29.57,169,139,16896.84,4956.74
2025-05-22,SKU014,Household,Western Cape,Hyper,113.65,85.9,104.24,111.41,0.0828,0,0,101.56,29.5,293,237,24704.879999999997,4346.579999999997
2025-05-23,SKU014,Household,Gauteng,Supermarket,113.65,85.9,112.39,117.54,0.0111,0,0,101.46,29.21,327,229,25737.31,6066.209999999999
2025-05-24,SKU014,Household,KwaZulu-Natal,Supermarket,113.65,85.9,112.31,105.85,0.0118,0,0,101.45,29.33,214,163,18306.53,4304.829999999999
2025-05-25,SKU014,Household,Gauteng,Convenience,113.65,85.9,106.94,111.21,0.059,0,0,101.64,29.05,249,197,21067.18,4144.879999999998
2025-05-26,SKU014,Household,Gauteng,Supermarket,113.65,85.9,119.23,119.01,0.0,0,0,102.16,29.68,276,193,23011.39,6432.69
2025-05-27,SKU014,Household,Western Cape,Supermarket,113.65,85.9,121.63,112.21,0.0,0,0,101.51,29.58,190,167,20312.21,5966.909999999998
2025-05-28,SKU014,Household,Western Cape,Supermarket,113.65,85.9,105.69,112.88,0.07,0,0,101.8,29.37,226,226,23885.94,4472.539999999998
2025-05-29,SKU014,Household,KwaZulu-Natal,Supermarket,113.65,85.9,108.99,113.3,0.041,0,0,101.3,29.24,257,196,21362.039999999997,4525.639999999998
2025-05-30,SKU014,Household,Western Cape,Supermarket,113.65,85.9,124.34,110.89,0.0,0,0,101.89,29.43,148,148,18402.32,5689.12
2025-05-31,SKU014,Household,Gauteng,Hyper,113.65,85.9,105.79,117.81,0.0692,0,0,101.62,29.27,357,318,33641.22,6325.02
2025-06-01,SKU014,Household,Gauteng,Supermarket,113.65,85.9,108.18,117.75,0.0481,0,0,101.93,28.95,298,220,23799.600000000002,4901.6
2025-06-02,SKU014,Household,Gauteng,Supermarket,113.65,85.9,113.5,114.11,0.0013,0,0,101.91,29.12,258,225,25537.5,6209.999999999999
2025-06-03,SKU014,Household,Gauteng,Hyper,113.65,85.9,114.94,112.67,0.0,0,0,101.77,29.23,339,239,27470.66,6940.559999999998
2025-06-04,SKU014,Household,KwaZulu-Natal,Supermarket,113.65,85.9,102.9,110.68,0.0946,0,0,101.8,29.05,310,211,21711.9,3587.0
2025-06-05,SKU014,Household,KwaZulu-Natal,Supermarket,113.65,85.9,119.06,114.15,0.0,0,0,102.05,28.91,231,169,20121.14,5604.039999999999
2025-06-06,SKU014,Household,Western Cape,Supermarket,113.65,85.9,117.87,114.55,0.0,0,0,101.81,29.3,201,148,17444.760000000002,4731.5599999999995
2025-06-07,SKU014,Household,Western Cape,Hyper,113.65,85.9,110.15,112.27,0.0308,1,0,101.38,29.07,261,214,23572.100000000002,5189.5
2025-06-08,SKU014,Household,Gauteng,Supermarket,113.65,85.9,104.71,110.75,0.0787,0,0,100.98,29.04,329,216,22617.359999999997,4062.9599999999973
2025-06-09,SKU014,Household,Western Cape,Supermarket,113.65,85.9,115.47,108.38,0.0,0,0,101.65,29.22,232,160,18475.2,4731.199999999999
2025-06-10,SKU014,Household,Gauteng,Hyper,113.65,85.9,112.66,114.33,0.0087,0,0,102.08,29.02,251,230,25911.8,6154.799999999997
2025-06-11,SKU014,Household,Gauteng,Hyper,113.65,85.9,108.76,115.71,0.043,0,0,102.25,28.88,213,213,23165.88,4869.18
2025-06-12,SKU014,Household,KwaZulu-Natal,Supermarket,113.65,85.9,104.23,115.37,0.0829,1,0,101.32,29.21,300,240,25015.2,4399.2
2025-06-13,SKU014,Household,Gauteng,Hyper,113.65,85.9,109.77,112.52,0.0342,0,0,101.59,28.9,265,249,27332.73,5943.629999999997
2025-06-14,SKU014,Household,KwaZulu-Natal,Hyper,113.65,85.9,108.71,106.95,0.0434,0,0,102.04,29.13,242,191,20763.61,4356.709999999997
2025-06-15,SKU014,Household,KwaZulu-Natal,Supermarket,113.65,85.9,116.63,115.32,0.0,0,0,101.84,29.05,216,158,18427.54,4855.339999999998
2025-06-16,SKU014,Household,Western Cape,Supermarket,113.65,85.9,106.79,109.34,0.0603,0,0,102.24,29.05,195,171,18261.09,3572.19
2025-06-17,SKU014,Household,Gauteng,Hyper,113.65,85.9,122.3,114.21,0.0,0,0,101.76,29.05,245,185,22625.5,6733.999999999998
2025-06-18,SKU014,Household,KwaZulu-Natal,Supermarket,113.65,85.9,113.66,112.63,0.0,0,0,101.95,28.84,202,152,17276.32,4219.519999999999
2025-06-19,SKU014,Household,Gauteng,Supermarket,113.65,85.9,121.76,120.32,0.0,0,0,101.93,28.83,111,111,13515.36,3980.46
2025-06-20,SKU014,Household,KwaZulu-Natal,Convenience,113.65,85.9,113.51,116.12,0.0013,0,0,101.79,28.61,162,141,16004.91,3893.0099999999998
2025-06-21,SKU014,Household,Gauteng,Supermarket,113.65,85.9,124.85,113.86,0.0,0,0,101.64,28.9,220,164,20475.399999999998,6387.799999999998
2025-06-22,SKU014,Household,Western Cape,Hyper,113.65,85.9,123.74,119.06,0.0,0,0,101.94,28.84,246,181,22396.94,6849.039999999998
2025-06-23,SKU014,Household,KwaZulu-Natal,Supermarket,113.65,85.9,106.26,111.25,0.065,0,0,101.72,28.96,181,181,19233.06,3685.16
2025-06-24,SKU014,Household,Western Cape,Convenience,113.65,85.9,110.63,112.83,0.0266,0,0,102.02,29.06,163,152,16815.76,3758.959999999998
2025-06-25,SKU014,Household,Gauteng,Hyper,113.65,85.9,105.59,114.7,0.0709,0,0,101.79,28.98,266,250,26397.5,4922.499999999999
2025-06-26,SKU014,Household,KwaZulu-Natal,Supermarket,113.65,85.9,85.2,110.36,0.2503,1,0,101.26,28.82,237,237,20192.4,-165.90000000000066
2025-06-27,SKU014,Household,Western Cape,Supermarket,113.65,85.9,103.09,109.77,0.0929,0,0,101.96,28.74,204,198,20411.82,3403.6199999999994
2025-06-28,SKU014,Household,KwaZulu-Natal,Convenience,113.65,85.9,124.19,118.06,0.0,0,0,101.88,28.8,179,129,16020.51,4939.409999999999
2025-06-29,SKU014,Household,Gauteng,Supermarket,113.65,85.9,96.19,111.31,0.1537,1,0,102.13,28.82,399,301,28953.19,3097.2899999999977
2025-06-30,SKU014,Household,Western Cape,Supermarket,113.65,85.9,114.2,116.43,0.0,0,0,102.56,28.77,185,142,16216.4,4018.5999999999995
2025-07-01,SKU014,Household,KwaZulu-Natal,Hyper,113.65,85.9,118.25,110.63,0.0,0,0,101.67,28.81,160,160,18920.0,5175.999999999999
2025-07-02,SKU014,Household,Gauteng,Supermarket,113.65,85.9,109.84,116.29,0.0335,0,0,101.94,29.22,345,197,21638.48,4716.179999999999
2025-07-03,SKU014,Household,Gauteng,Supermarket,113.65,85.9,114.3,117.06,0.0,0,0,102.41,28.79,225,178,20345.399999999998,5055.199999999999
2025-07-04,SKU014,Household,Gauteng,Hyper,113.65,85.9,108.17,118.24,0.0482,0,0,102.16,28.85,237,224,24230.08,4988.48
2025-07-05,SKU014,Household,Western Cape,Supermarket,113.65,85.9,99.45,112.98,0.125,1,0,102.13,28.82,184,184,18298.8,2493.1999999999994
2025-07-06,SKU014,Household,KwaZulu-Natal,Supermarket,113.65,85.9,105.7,113.11,0.0699,1,0,101.78,28.91,271,222,23465.4,4395.599999999999
2025-07-07,SKU014,Household,Western Cape,Supermarket,113.65,85.9,117.94,110.37,0.0,0,0,101.98,29.27,172,155,18280.7,4966.199999999999
2025-07-08,SKU014,Household,Western Cape,Supermarket,113.65,85.9,117.26,118.97,0.0,1,0,102.22,28.65,192,156,18292.56,4892.16
2025-07-09,SKU014,Household,Western Cape,Supermarket,113.65,85.9,124.88,111.05,0.0,0,0,101.42,28.58,197,128,15984.64,4989.439999999999
2025-07-10,SKU014,Household,Gauteng,Convenience,113.65,85.9,108.91,114.91,0.0417,0,0,101.83,28.69,164,129,14049.39,2968.289999999999
2025-07-11,SKU014,Household,KwaZulu-Natal,Hyper,113.65,85.9,115.19,114.23,0.0,0,0,102.34,28.96,168,165,19006.35,4832.8499999999985
2025-07-12,SKU014,Household,KwaZulu-Natal,Hyper,113.65,85.9,106.72,117.88,0.0609,0,0,102.22,28.88,262,175,18676.0,3643.4999999999986
2025-07-13,SKU014,Household,KwaZulu-Natal,Supermarket,113.65,85.9,114.68,116.27,0.0,0,0,102.01,28.7,132,132,15137.76,3798.96
2025-07-14,SKU014,Household,Gauteng,Hyper,113.65,85.9,106.63,116.42,0.0618,1,0,102.66,29.13,336,243,25911.09,5037.389999999998
2025-07-15,SKU014,Household,Western Cape,Supermarket,113.65,85.9,93.32,109.82,0.1789,1,0,101.54,28.91,329,229,21370.28,1699.179999999997
2025-07-16,SKU014,Household,Western Cape,Supermarket,113.65,85.9,111.84,116.13,0.016,1,0,102.28,28.78,201,201,22479.84,5213.94
2025-07-17,SKU014,Household,Gauteng,Supermarket,113.65,85.9,117.66,116.72,0.0,0,0,102.27,28.87,186,159,18707.94,5049.839999999998
2025-07-18,SKU014,Household,Gauteng,Supermarket,113.65,85.9,112.67,112.58,0.0086,0,0,102.37,28.88,222,175,19717.25,4684.749999999999
2025-07-19,SKU014,Household,Gauteng,Hyper,113.65,85.9,121.31,117.02,0.0,0,0,101.95,28.63,311,167,20258.77,5913.469999999999
2025-07-20,SKU014,Household,Western Cape,Supermarket,113.65,85.9,107.67,117.96,0.0526,0,0,101.97,28.91,283,164,17657.88,3570.2799999999993
2025-07-21,SKU014,Household,Gauteng,Convenience,113.65,85.9,118.93,111.31,0.0,0,0,102.18,29.1,171,124,14747.320000000002,4095.7200000000003
2025-07-22,SKU014,Household,Gauteng,Supermarket,113.65,85.9,111.56,110.1,0.0184,0,0,102.35,29.0,292,185,20638.600000000002,4747.099999999999
2025-07-23,SKU014,Household,Western Cape,Supermarket,113.65,85.9,119.19,113.39,0.0,0,0,102.1,29.15,163,135,16090.65,4494.149999999999
2025-07-24,SKU014,Household,Western Cape,Hyper,113.65,85.9,125.0,114.7,0.0,0,0,102.2,28.7,225,161,20125.0,6295.099999999999
2025-07-25,SKU014,Household,KwaZulu-Natal,Supermarket,113.65,85.9,117.28,106.02,0.0,0,0,102.5,28.75,194,150,17592.0,4706.999999999999
2025-07-26,SKU014,Household,Gauteng,Convenience,113.65,85.9,111.36,111.17,0.0201,0,0,102.05,28.82,161,156,17372.16,3971.759999999999
2025-07-27,SKU014,Household,Gauteng,Supermarket,113.65,85.9,109.44,111.71,0.0371,0,0,102.12,29.03,173,166,18167.04,3907.6399999999985
2025-07-28,SKU014,Household,Gauteng,Supermarket,113.65,85.9,118.43,111.41,0.0,0,0,102.16,28.97,244,167,19777.81,5432.51
2025-07-29,SKU014,Household,Gauteng,Supermarket,113.65,85.9,123.36,115.38,0.0,0,0,102.19,28.77,161,138,17023.68,5169.48
2025-07-30,SKU014,Household,Western Cape,Supermarket,113.65,85.9,104.91,120.53,0.0769,0,0,102.88,29.09,148,148,15526.68,2813.4799999999987
2025-07-31,SKU014,Household,Western Cape,Supermarket,113.65,85.9,120.62,118.38,0.0,0,0,102.21,28.69,160,133,16042.460000000001,4617.76
2025-08-01,SKU014,Household,KwaZulu-Natal,Hyper,113.65,85.9,113.41,112.65,0.0021,0,0,102.64,28.99,225,167,18939.47,4594.169999999998
2025-08-02,SKU014,Household,Gauteng,Supermarket,113.65,85.9,107.06,110.16,0.058,0,0,102.3,28.97,207,190,20341.4,4020.399999999999
2025-08-03,SKU014,Household,Western Cape,Hyper,113.65,85.9,116.16,110.04,0.0,0,0,102.34,29.28,294,184,21373.44,5567.839999999998
2025-08-04,SKU014,Household,Gauteng,Hyper,113.65,85.9,103.77,114.73,0.0869,0,0,102.0,28.96,174,174,18055.98,3109.3799999999983
2025-08-05,SKU014,Household,Gauteng,Supermarket,113.65,85.9,124.14,115.23,0.0,0,0,102.68,29.2,204,133,16510.62,5085.919999999999
2025-08-06,SKU014,Household,KwaZulu-Natal,Supermarket,113.65,85.9,97.25,116.15,0.1443,1,0,102.9,29.24,246,208,20228.0,2360.799999999999
2025-08-07,SKU014,Household,Western Cape,Supermarket,113.65,85.9,119.04,114.6,0.0,0,0,102.66,29.07,150,138,16427.52,4573.32
2025-08-08,SKU014,Household,Gauteng,Supermarket,113.65,85.9,107.52,110.76,0.0539,0,0,102.29,29.2,195,161,17310.72,3480.8199999999983
2025-08-09,SKU014,Household,Gauteng,Hyper,113.65,85.9,115.46,116.24,0.0,0,0,102.14,29.03,199,190,21937.399999999998,5616.399999999998
2025-08-10,SKU014,Household,KwaZulu-Natal,Supermarket,113.65,85.9,109.33,114.16,0.038,0,0,102.51,29.21,165,148,16180.84,3467.639999999999
2025-08-11,SKU014,Household,Western Cape,Convenience,113.65,85.9,121.3,117.44,0.0,0,0,102.21,29.4,137,97,11766.1,3433.7999999999993
2025-08-12,SKU014,Household,KwaZulu-Natal,Hyper,113.65,85.9,115.22,124.2,0.0,0,0,102.87,29.54,226,164,18896.079999999998,4808.479999999999
2025-08-13,SKU014,Household,Gauteng,Hyper,113.65,85.9,123.09,121.21,0.0,0,0,102.34,29.35,151,143,17601.87,5318.17
2025-08-14,SKU014,Household,Gauteng,Convenience,113.65,85.9,121.92,116.41,0.0,0,0,102.14,29.1,133,99,12070.08,3565.9799999999996
2025-08-15,SKU014,Household,KwaZulu-Natal,Hyper,113.65,85.9,119.82,111.95,0.0,0,0,102.16,29.35,143,143,17134.26,4850.559999999999
2025-08-16,SKU014,Household,Western Cape,Supermarket,113.65,85.9,115.9,110.38,0.0,0,0,102.74,29.39,228,156,18080.4,4680.0
2025-08-17,SKU014,Household,KwaZulu-Natal,Supermarket,113.65,85.9,113.34,115.21,0.0027,0,0,102.28,29.39,142,127,14394.18,3484.8799999999997
2025-08-18,SKU014,Household,KwaZulu-Natal,Supermarket,113.65,85.9,108.67,111.19,0.0438,1,0,102.97,29.3,231,189,20538.63,4303.529999999999
2025-08-19,SKU014,Household,KwaZulu-Natal,Supermarket,113.65,85.9,116.41,114.76,0.0,0,0,102.03,29.21,180,139,16180.99,4240.8899999999985
2025-08-20,SKU014,Household,Western Cape,Supermarket,113.65,85.9,100.32,112.91,0.1173,1,0,103.01,29.44,235,180,18057.6,2595.5999999999976
2025-08-21,SKU014,Household,Gauteng,Supermarket,113.65,85.9,114.95,114.18,0.0,0,0,102.24,29.41,213,173,19886.350000000002,5025.65
2025-08-22,SKU014,Household,Western Cape,Supermarket,113.65,85.9,109.62,119.87,0.0355,0,0,102.51,29.61,174,147,16114.140000000001,3486.8399999999997
2025-08-23,SKU014,Household,KwaZulu-Natal,Hyper,113.65,85.9,114.78,111.2,0.0,0,0,102.61,29.92,209,150,17217.0,4331.999999999999
2025-08-24,SKU014,Household,Western Cape,Supermarket,113.65,85.9,123.98,114.98,0.0,0,0,102.62,29.72,190,136,16861.28,5178.88
2025-08-25,SKU014,Household,Western Cape,Supermarket,113.65,85.9,104.09,117.1,0.0841,0,0,102.47,29.59,234,191,19881.190000000002,3474.2899999999995
2025-08-26,SKU014,Household,KwaZulu-Natal,Supermarket,113.65,85.9,119.9,112.97,0.0,0,0,102.88,29.46,174,143,17145.7,4862.0
2025-08-27,SKU014,Household,Gauteng,Convenience,113.65,85.9,102.98,109.84,0.0939,0,0,102.46,29.67,152,152,15652.960000000001,2596.16
2025-08-28,SKU014,Household,Gauteng,Hyper,113.65,85.9,124.69,108.6,0.0,0,0,102.37,29.87,180,152,18952.88,5896.079999999999
2025-01-01,SKU015,Personal Care,Gauteng,Hyper,24.29,14.46,22.81,25.75,0.0609,0,0,100.19,29.85,157,140,3193.3999999999996,1168.9999999999998
2025-01-02,SKU015,Personal Care,Western Cape,Supermarket,24.29,14.46,23.11,23.34,0.0486,0,0,100.06,30.2,113,93,2149.23,804.4499999999998
2025-01-03,SKU015,Personal Care,Gauteng,Supermarket,24.29,14.46,21.36,24.16,0.1206,1,0,100.33,30.19,202,144,3075.84,993.5999999999998
2025-01-04,SKU015,Personal Care,KwaZulu-Natal,Supermarket,24.29,14.46,25.45,24.25,0.0,0,0,100.05,30.16,99,64,1628.8,703.3599999999999
2025-01-05,SKU015,Personal Care,KwaZulu-Natal,Supermarket,24.29,14.46,26.05,24.43,0.0,0,0,100.11,30.15,77,67,1745.3500000000001,776.53
2025-01-06,SKU015,Personal Care,Gauteng,Supermarket,24.29,14.46,25.63,23.68,0.0,0,0,100.01,30.54,100,73,1870.99,815.4099999999999
2025-01-07,SKU015,Personal Care,KwaZulu-Natal,Supermarket,24.29,14.46,23.78,23.63,0.0209,0,0,99.97,30.25,102,75,1783.5,699.0
2025-01-08,SKU015,Personal Care,Western Cape,Supermarket,24.29,14.46,24.78,22.12,0.0,0,0,100.08,30.04,87,83,2056.7400000000002,856.5600000000001
2025-01-09,SKU015,Personal Care,Gauteng,Hyper,24.29,14.46,22.56,24.81,0.0713,1,0,100.26,30.2,160,158,3564.48,1279.7999999999997
2025-01-10,SKU015,Personal Care,Western Cape,Supermarket,24.29,14.46,22.3,23.64,0.0818,0,0,100.56,30.37,135,108,2408.4,846.72
2025-01-11,SKU015,Personal Care,KwaZulu-Natal,Convenience,24.29,14.46,24.65,22.49,0.0,0,0,99.77,30.42,61,61,1503.6499999999999,621.5899999999999
2025-01-12,SKU015,Personal Care,Gauteng,Supermarket,24.29,14.46,24.89,23.36,0.0,0,0,100.33,30.23,98,69,1717.41,719.67
2025-01-13,SKU015,Personal Care,Gauteng,Supermarket,24.29,14.46,25.36,22.67,0.0,0,0,100.15,30.56,122,78,1978.08,850.1999999999999
2025-01-14,SKU015,Personal Care,Western Cape,Supermarket,24.29,14.46,23.15,24.25,0.0471,0,0,100.0,30.32,125,94,2176.1,816.8599999999998
2025-01-15,SKU015,Personal Care,Western Cape,Supermarket,24.29,14.46,18.92,24.15,0.2211,1,0,100.61,30.52,213,165,3121.8,735.9000000000001
2025-01-16,SKU015,Personal Care,Gauteng,Supermarket,24.29,14.46,20.03,24.2,0.1754,1,0,100.37,30.45,194,144,2884.32,802.08
2025-01-17,SKU015,Personal Care,KwaZulu-Natal,Supermarket,24.29,14.46,22.24,23.79,0.0846,1,0,100.32,30.38,163,108,2401.9199999999996,840.2399999999998
2025-01-18,SKU015,Personal Care,KwaZulu-Natal,Supermarket,24.29,14.46,23.98,24.65,0.013,0,0,100.2,30.46,126,96,2302.08,913.92
2025-01-19,SKU015,Personal Care,Gauteng,Supermarket,24.29,14.46,22.01,24.55,0.0937,0,0,100.33,30.51,118,111,2443.11,838.0500000000001
2025-01-20,SKU015,Personal Care,Western Cape,Supermarket,24.29,14.46,22.72,23.17,0.0648,0,0,99.86,30.49,111,104,2362.88,859.0399999999997
2025-01-21,SKU015,Personal Care,Gauteng,Convenience,24.29,14.46,23.79,23.13,0.0207,0,0,100.46,30.59,115,68,1617.72,634.4399999999998
2025-01-22,SKU015,Personal Care,KwaZulu-Natal,Supermarket,24.29,14.46,22.04,24.24,0.0924,0,0,100.61,30.53,131,111,2446.44,841.3799999999998
2025-01-23,SKU015,Personal Care,KwaZulu-Natal,Hyper,24.29,14.46,23.29,24.13,0.041,0,0,99.93,30.66,74,74,1723.46,653.4199999999998
2025-01-24,SKU015,Personal Care,Western Cape,Supermarket,24.29,14.46,25.69,23.94,0.0,0,0,100.19,30.72,117,76,1952.44,853.48
2025-01-25,SKU015,Personal Care,Gauteng,Supermarket,24.29,14.46,24.77,22.59,0.0,0,0,99.94,30.65,127,84,2080.68,866.0399999999998
2025-01-26,SKU015,Personal Care,KwaZulu-Natal,Supermarket,24.29,14.46,26.48,24.56,0.0,0,0,100.0,30.89,62,62,1641.76,745.24
2025-01-27,SKU015,Personal Care,Western Cape,Supermarket,24.29,14.46,22.35,23.35,0.0798,0,0,100.14,30.87,102,102,2279.7000000000003,804.7800000000001
2025-01-28,SKU015,Personal Care,Western Cape,Supermarket,24.29,14.46,21.88,24.31,0.0994,0,0,100.06,30.78,140,120,2625.6,890.3999999999997
2025-01-29,SKU015,Personal Care,KwaZulu-Natal,Supermarket,24.29,14.46,25.78,23.06,0.0,0,0,100.47,30.59,83,70,1804.6000000000001,792.4
2025-01-30,SKU015,Personal Care,KwaZulu-Natal,Hyper,24.29,14.46,23.18,24.5,0.0457,0,0,99.7,31.04,117,117,2712.06,1020.2399999999999
2025-01-31,SKU015,Personal Care,Western Cape,Supermarket,24.29,14.46,22.73,23.54,0.0644,1,0,99.98,31.29,172,145,3295.85,1199.1499999999999
2025-02-01,SKU015,Personal Care,KwaZulu-Natal,Supermarket,24.29,14.46,22.24,22.53,0.0843,0,0,100.35,30.9,116,90,2001.6,700.1999999999998
2025-02-02,SKU015,Personal Care,KwaZulu-Natal,Hyper,24.29,14.46,22.76,24.24,0.0629,0,0,101.0,30.66,129,129,2936.0400000000004,1070.7
2025-02-03,SKU015,Personal Care,Western Cape,Supermarket,24.29,14.46,23.52,24.66,0.0317,0,0,99.98,30.93,156,115,2704.7999999999997,1041.8999999999999
2025-02-04,SKU015,Personal Care,Gauteng,Supermarket,24.29,14.46,24.93,22.34,0.0,0,0,99.87,31.09,63,63,1570.59,659.6099999999999
2025-02-05,SKU015,Personal Care,Gauteng,Convenience,24.29,14.46,20.77,23.35,0.145,1,0,100.9,30.88,150,134,2783.18,845.5399999999998
2025-02-06,SKU015,Personal Care,Western Cape,Convenience,24.29,14.46,25.33,23.86,0.0,0,0,100.25,30.9,75,65,1646.4499999999998,706.5499999999998
2025-02-07,SKU015,Personal Care,Western Cape,Convenience,24.29,14.46,26.03,23.83,0.0,0,0,100.29,30.77,55,55,1431.65,636.35
2025-02-08,SKU015,Personal Care,KwaZulu-Natal,Supermarket,24.29,14.46,23.07,23.35,0.0504,0,0,100.32,30.98,168,106,2445.42,912.66
2025-02-09,SKU015,Personal Care,Gauteng,Hyper,24.29,14.46,25.97,23.64,0.0,0,0,100.64,30.87,161,112,2908.64,1289.12
2025-02-10,SKU015,Personal Care,Gauteng,Supermarket,24.29,14.46,23.3,22.66,0.0406,0,0,100.33,31.13,111,104,2423.2000000000003,919.36
2025-02-11,SKU015,Personal Care,KwaZulu-Natal,Supermarket,24.29,14.46,25.34,23.95,0.0,0,0,101.0,31.26,84,61,1545.74,663.68
2025-02-12,SKU015,Personal Care,Gauteng,Supermarket,24.29,14.46,26.54,24.41,0.0,0,0,100.26,31.11,95,83,2202.8199999999997,1002.6399999999999
2025-02-13,SKU015,Personal Care,Western Cape,Hyper,24.29,14.46,24.45,23.18,0.0,0,0,100.43,31.13,111,95,2322.75,949.0499999999998
2025-02-14,SKU015,Personal Care,Gauteng,Supermarket,24.29,14.46,25.61,22.54,0.0,0,0,100.48,30.92,94,75,1920.75,836.2499999999999
2025-02-15,SKU015,Personal Care,KwaZulu-Natal,Hyper,24.29,14.46,22.55,22.59,0.0717,0,0,100.35,31.2,121,118,2660.9,954.62
2025-02-16,SKU015,Personal Care,Western Cape,Supermarket,24.29,14.46,22.43,22.77,0.0767,0,0,100.08,31.16,162,111,2489.73,884.6699999999998
2025-02-17,SKU015,Personal Care,KwaZulu-Natal,Supermarket,24.29,14.46,26.0,24.32,0.0,0,0,100.57,31.08,71,61,1586.0,703.9399999999999
2025-02-18,SKU015,Personal Care,Gauteng,Supermarket,24.29,14.46,21.88,22.87,0.0994,0,0,100.49,31.17,161,116,2538.08,860.7199999999998
2025-02-19,SKU015,Personal Care,Western Cape,Convenience,24.29,14.46,22.38,23.52,0.0786,0,0,101.05,31.23,148,95,2126.1,752.3999999999999
2025-02-20,SKU015,Personal Care,Western Cape,Supermarket,24.29,14.46,26.68,24.76,0.0,0,0,100.56,31.08,80,78,2081.04,953.1599999999999
2025-02-21,SKU015,Personal Care,Gauteng,Convenience,24.29,14.46,25.56,23.6,0.0,0,0,100.22,31.23,81,76,1942.56,843.5999999999998
2025-02-22,SKU015,Personal Care,Western Cape,Hyper,24.29,14.46,24.14,23.03,0.0063,0,0,100.66,31.12,124,91,2196.7400000000002,880.88
2025-02-23,SKU015,Personal Care,Gauteng,Supermarket,24.29,14.46,25.51,24.96,0.0,0,0,100.64,31.15,108,89,2270.3900000000003,983.45
2025-02-24,SKU015,Personal Care,Gauteng,Convenience,24.29,14.46,25.5,22.73,0.0,0,0,100.61,31.09,68,68,1734.0,750.7199999999999
2025-02-25,SKU015,Personal Care,Western Cape,Convenience,24.29,14.46,26.02,23.75,0.0,0,0,100.64,31.23,66,62,1613.24,716.7199999999999
2025-02-26,SKU015,Personal Care,KwaZulu-Natal,Supermarket,24.29,14.46,22.36,23.86,0.0795,0,0,100.33,31.16,110,103,2303.08,813.6999999999998
2025-02-27,SKU015,Personal Care,Western Cape,Supermarket,24.29,14.46,23.38,23.99,0.0375,0,0,100.42,31.35,191,115,2688.7,1025.7999999999997
2025-02-28,SKU015,Personal Care,KwaZulu-Natal,Hyper,24.29,14.46,22.44,24.26,0.0763,0,0,100.93,31.07,117,117,2625.48,933.6600000000001
2025-03-01,SKU015,Personal Care,Western Cape,Hyper,24.29,14.46,21.89,23.96,0.0988,0,0,100.89,31.27,148,148,3239.7200000000003,1099.6399999999999
2025-03-02,SKU015,Personal Care,Gauteng,Supermarket,24.29,14.46,22.02,24.68,0.0936,0,0,100.63,31.18,179,126,2774.52,952.5599999999998
2025-03-03,SKU015,Personal Care,Gauteng,Supermarket,24.29,14.46,24.41,24.67,0.0,0,0,100.58,31.22,146,99,2416.59,985.05
2025-03-04,SKU015,Personal Care,Gauteng,Hyper,24.29,14.46,26.25,24.3,0.0,0,0,100.68,31.28,121,99,2598.75,1167.2099999999998
2025-03-05,SKU015,Personal Care,Western Cape,Supermarket,24.29,14.46,24.81,24.25,0.0,0,0,100.76,31.06,140,94,2332.14,972.8999999999997
2025-03-06,SKU015,Personal Care,KwaZulu-Natal,Supermarket,24.29,14.46,25.63,22.81,0.0,0,0,100.51,30.88,104,90,2306.7,1005.2999999999998
2025-03-07,SKU015,Personal Care,Gauteng,Convenience,24.29,14.46,23.42,23.39,0.0358,0,0,100.88,31.15,94,85,1990.7,761.6
2025-03-08,SKU015,Personal Care,Gauteng,Convenience,24.29,14.46,24.61,23.83,0.0,0,0,100.42,31.23,113,82,2018.02,832.2999999999998
2025-03-09,SKU015,Personal Care,Western Cape,Supermarket,24.29,14.46,22.36,23.76,0.0795,0,0,100.42,30.93,111,111,2481.96,876.8999999999999
2025-03-10,SKU015,Personal Care,Western Cape,Supermarket,24.29,14.46,23.63,24.84,0.0272,0,0,100.9,31.23,173,108,2552.04,990.3599999999998
2025-03-11,SKU015,Personal Care,Gauteng,Supermarket,24.29,14.46,24.98,24.17,0.0,0,0,100.76,31.21,116,92,2298.16,967.8399999999999
2025-03-12,SKU015,Personal Care,KwaZulu-Natal,Supermarket,24.29,14.46,22.62,23.91,0.0689,0,0,101.01,30.94,149,92,2081.04,750.72
2025-03-13,SKU015,Personal Care,Gauteng,Supermarket,24.29,14.46,23.06,22.22,0.0505,0,0,101.22,31.17,167,117,2698.02,1006.1999999999997
2025-03-14,SKU015,Personal Care,Western Cape,Supermarket,24.29,14.46,26.03,23.71,0.0,0,0,100.4,31.23,88,78,2030.3400000000001,902.46
2025-03-15,SKU015,Personal Care,Gauteng,Supermarket,24.29,14.46,24.02,23.71,0.0112,0,0,100.25,31.18,193,103,2474.06,984.6799999999998
2025-03-16,SKU015,Personal Care,Western Cape,Supermarket,24.29,14.46,24.6,23.87,0.0,0,0,100.67,31.37,118,94,2312.4,953.1600000000001
2025-03-17,SKU015,Personal Care,Gauteng,Supermarket,24.29,14.46,22.6,23.96,0.0696,0,0,100.75,31.11,149,126,2847.6000000000004,1025.64
2025-03-18,SKU015,Personal Care,Western Cape,Hyper,24.29,14.46,22.45,24.21,0.076,1,0,100.7,31.25,164,149,3345.0499999999997,1190.5099999999998
2025-03-19,SKU015,Personal Care,Gauteng,Supermarket,24.29,14.46,24.02,23.47,0.0111,0,0,100.68,31.29,118,110,2642.2,1051.6
2025-03-20,SKU015,Personal Care,Gauteng,Supermarket,24.29,14.46,24.2,23.76,0.0037,0,0,101.97,31.12,89,87,2105.4,847.3799999999999
2025-03-21,SKU015,Personal Care,KwaZulu-Natal,Supermarket,24.29,14.46,22.89,23.63,0.0576,0,0,101.02,30.72,127,105,2403.4500000000003,885.15
2025-03-22,SKU015,Personal Care,Western Cape,Supermarket,24.29,14.46,25.42,23.79,0.0,0,0,101.07,30.87,139,92,2338.6400000000003,1008.32
2025-03-23,SKU015,Personal Care,KwaZulu-Natal,Hyper,24.29,14.46,23.23,24.01,0.0438,0,0,100.1,31.15,110,110,2555.3,964.6999999999999
2025-03-24,SKU015,Personal Care,KwaZulu-Natal,Supermarket,24.29,14.46,24.58,24.6,0.0,0,0,101.01,31.01,96,85,2089.2999999999997,860.1999999999998
2025-03-25,SKU015,Personal Care,Gauteng,Supermarket,24.29,14.46,22.64,22.81,0.068,0,0,101.12,30.8,172,120,2716.8,981.5999999999999
2025-03-26,SKU015,Personal Care,KwaZulu-Natal,Supermarket,24.29,14.46,24.2,23.43,0.0037,0,0,101.69,31.04,123,95,2299.0,925.2999999999998
2025-03-27,SKU015,Personal Care,Gauteng,Supermarket,24.29,14.46,23.72,23.87,0.0236,0,0,101.13,31.24,110,110,2609.2,1018.5999999999998
2025-03-28,SKU015,Personal Care,Gauteng,Hyper,24.29,14.46,24.54,24.47,0.0,0,0,101.0,31.14,136,136,3337.44,1370.8799999999997
2025-03-29,SKU015,Personal Care,KwaZulu-Natal,Convenience,24.29,14.46,26.17,23.81,0.0,0,0,100.51,31.09,108,70,1831.9,819.7
2025-03-30,SKU015,Personal Care,Western Cape,Hyper,24.29,14.46,22.75,23.26,0.0632,0,0,101.33,30.9,185,142,3230.5,1177.1799999999998
2025-03-31,SKU015,Personal Care,KwaZulu-Natal,Convenience,24.29,14.46,25.89,22.6,0.0,0,0,101.51,30.98,87,64,1656.96,731.52
2025-04-01,SKU015,Personal Care,Western Cape,Convenience,24.29,14.46,20.55,24.35,0.1542,1,0,100.28,30.75,240,164,3370.2000000000003,998.76
2025-04-02,SKU015,Personal Care,KwaZulu-Natal,Supermarket,24.29,14.46,26.45,22.79,0.0,0,0,100.85,30.88,79,79,2089.5499999999997,947.2099999999999
2025-04-03,SKU015,Personal Care,Western Cape,Supermarket,24.29,14.46,22.44,23.2,0.0762,0,0,100.94,30.73,168,113,2535.7200000000003,901.74
2025-04-04,SKU015,Personal Care,KwaZulu-Natal,Supermarket,24.29,14.46,22.99,22.77,0.0536,0,1,101.26,30.68,111,111,2551.89,946.8299999999997
2025-04-05,SKU015,Personal Care,KwaZulu-Natal,Supermarket,24.29,14.46,26.67,23.07,0.0,0,1,101.17,30.9,52,52,1386.8400000000001,634.9200000000001
2025-04-06,SKU015,Personal Care,KwaZulu-Natal,Supermarket,24.29,14.46,23.69,23.38,0.0246,0,1,100.94,30.81,105,105,2487.4500000000003,969.1500000000001
2025-04-07,SKU015,Personal Care,Gauteng,Supermarket,24.29,14.46,23.38,24.19,0.0374,0,0,100.77,30.82,135,106,2478.2799999999997,945.5199999999998
2025-04-08,SKU015,Personal Care,Western Cape,Hyper,24.29,14.46,24.2,24.32,0.0036,0,0,100.72,30.9,147,127,3073.4,1236.9799999999998
2025-04-09,SKU015,Personal Care,Western Cape,Hyper,24.29,14.46,26.22,23.1,0.0,0,0,101.57,30.64,128,80,2097.6,940.7999999999998
2025-04-10,SKU015,Personal Care,Western Cape,Supermarket,24.29,14.46,23.39,23.67,0.0371,1,0,100.63,30.75,174,120,2806.8,1071.6
2025-04-11,SKU015,Personal Care,Western Cape,Hyper,24.29,14.46,22.49,23.58,0.0742,0,1,101.0,30.5,181,142,3193.58,1140.2599999999998
2025-04-12,SKU015,Personal Care,Gauteng,Supermarket,24.29,14.46,26.62,23.73,0.0,0,1,100.67,30.4,119,99,2635.38,1203.84
2025-04-13,SKU015,Personal Care,Gauteng,Supermarket,24.29,14.46,21.95,23.11,0.0964,0,1,101.73,30.66,138,136,2985.2,1018.6399999999998
2025-04-14,SKU015,Personal Care,Western Cape,Supermarket,24.29,14.46,24.18,24.11,0.0045,0,0,101.01,30.75,92,89,2152.02,865.0799999999999
2025-04-15,SKU015,Personal Care,Gauteng,Supermarket,24.29,14.46,26.54,23.02,0.0,0,0,101.13,30.52,73,73,1937.4199999999998,881.8399999999999
2025-04-16,SKU015,Personal Care,Gauteng,Hyper,24.29,14.46,22.9,23.76,0.0574,0,0,101.7,30.49,152,131,2999.8999999999996,1105.6399999999996
2025-04-17,SKU015,Personal Care,KwaZulu-Natal,Hyper,24.29,14.46,24.98,23.57,0.0,0,0,101.05,30.95,115,80,1998.4,841.5999999999999
2025-04-18,SKU015,Personal Care,Western Cape,Supermarket,24.29,14.46,24.1,23.97,0.0079,0,1,101.44,29.99,114,100,2410.0,964.0
2025-04-19,SKU015,Personal Care,Western Cape,Supermarket,24.29,14.46,25.96,22.84,0.0,0,1,101.43,30.57,67,67,1739.3200000000002,770.5
2025-04-20,SKU015,Personal Care,Gauteng,Supermarket,24.29,14.46,24.49,24.04,0.0,0,1,101.47,30.43,142,122,2987.7799999999997,1223.6599999999996
2025-04-21,SKU015,Personal Care,Gauteng,Hyper,24.29,14.46,22.82,24.26,0.0606,1,0,100.93,30.42,125,125,2852.5,1045.0
2025-04-22,SKU015,Personal Care,Western Cape,Hyper,24.29,14.46,22.18,22.77,0.0867,0,0,101.33,30.45,139,126,2794.68,972.7199999999998
2025-04-23,SKU015,Personal Care,Gauteng,Supermarket,24.29,14.46,23.76,24.12,0.0219,0,0,100.81,30.2,124,108,2566.0800000000004,1004.4000000000001
2025-04-24,SKU015,Personal Care,Western Cape,Convenience,24.29,14.46,24.86,23.35,0.0,0,0,101.18,30.12,107,72,1789.92,748.8
2025-04-25,SKU015,Personal Care,Western Cape,Supermarket,24.29,14.46,25.66,23.7,0.0,0,1,101.29,29.97,137,104,2668.64,1164.8
2025-04-26,SKU015,Personal Care,Western Cape,Supermarket,24.29,14.46,25.52,24.01,0.0,0,1,101.1,30.41,89,89,2271.2799999999997,984.3399999999999
2025-04-27,SKU015,Personal Care,Western Cape,Supermarket,24.29,14.46,25.4,22.92,0.0,0,1,100.96,30.15,97,92,2336.7999999999997,1006.4799999999998
2025-04-28,SKU015,Personal Care,Gauteng,Supermarket,24.29,14.46,26.19,23.73,0.0,0,0,101.14,30.19,115,89,2330.9100000000003,1043.97
2025-04-29,SKU015,Personal Care,Western Cape,Hyper,24.29,14.46,26.48,22.89,0.0,0,0,100.72,30.14,91,76,2012.48,913.52
2025-04-30,SKU015,Personal Care,Gauteng,Convenience,24.29,14.46,23.36,22.79,0.0383,0,0,100.8,30.14,91,81,1892.1599999999999,720.8999999999999
2025-05-01,SKU015,Personal Care,Western Cape,Hyper,24.29,14.46,23.92,23.97,0.0153,0,0,101.39,30.1,129,118,2822.5600000000004,1116.2800000000002
2025-05-02,SKU015,Personal Care,Gauteng,Hyper,24.29,14.46,26.39,23.17,0.0,0,0,101.01,30.13,131,89,2348.71,1061.77
2025-05-03,SKU015,Personal Care,Gauteng,Convenience,24.29,14.46,26.15,23.07,0.0,0,0,101.45,30.19,99,65,1699.75,759.8499999999999
2025-05-04,SKU015,Personal Care,Western Cape,Supermarket,24.29,14.46,25.26,23.31,0.0,0,0,101.48,30.12,93,89,2248.1400000000003,961.2
2025-05-05,SKU015,Personal Care,Gauteng,Supermarket,24.29,14.46,25.66,24.48,0.0,0,0,101.58,29.97,99,89,2283.7400000000002,996.8
2025-05-06,SKU015,Personal Care,KwaZulu-Natal,Hyper,24.29,14.46,24.26,23.94,0.0012,0,0,101.38,29.69,124,100,2426.0,980.0000000000001
2025-05-07,SKU015,Personal Care,Gauteng,Hyper,24.29,14.46,26.49,23.1,0.0,0,0,100.9,30.03,116,91,2410.5899999999997,1094.7299999999998
2025-05-08,SKU015,Personal Care,KwaZulu-Natal,Hyper,24.29,14.46,24.98,24.65,0.0,0,0,101.05,29.88,101,91,2273.18,957.3199999999999
2025-05-09,SKU015,Personal Care,Gauteng,Supermarket,24.29,14.46,25.43,23.02,0.0,0,0,101.48,29.74,105,95,2415.85,1042.1499999999999
2025-05-10,SKU015,Personal Care,Gauteng,Supermarket,24.29,14.46,24.03,23.39,0.0109,0,0,101.11,29.83,131,94,2258.82,899.58
2025-05-11,SKU015,Personal Care,Western Cape,Supermarket,24.29,14.46,25.48,24.62,0.0,0,0,101.28,29.76,76,76,1936.48,837.52
2025-05-12,SKU015,Personal Care,Gauteng,Convenience,24.29,14.46,23.56,23.91,0.0299,0,0,101.38,29.82,115,77,1814.12,700.6999999999998
2025-05-13,SKU015,Personal Care,Western Cape,Supermarket,24.29,14.46,25.8,24.6,0.0,0,0,101.42,29.67,158,81,2089.8,918.54
2025-05-14,SKU015,Personal Care,Western Cape,Supermarket,24.29,14.46,26.12,24.3,0.0,0,0,101.15,29.72,94,68,1776.16,792.88
2025-05-15,SKU015,Personal Care,KwaZulu-Natal,Supermarket,24.29,14.46,23.58,23.45,0.0293,0,0,101.07,29.57,124,95,2240.1,866.3999999999997
2025-05-16,SKU015,Personal Care,Western Cape,Supermarket,24.29,14.46,22.51,23.42,0.0733,0,0,101.34,29.52,117,103,2318.53,829.1500000000001
2025-05-17,SKU015,Personal Care,Western Cape,Hyper,24.29,14.46,25.27,24.42,0.0,0,0,101.42,29.79,111,83,2097.41,897.2299999999999
2025-05-18,SKU015,Personal Care,Gauteng,Supermarket,24.29,14.46,22.65,23.86,0.0677,0,0,101.66,30.0,145,123,2785.95,1007.3699999999997
2025-05-19,SKU015,Personal Care,KwaZulu-Natal,Supermarket,24.29,14.46,26.14,24.04,0.0,0,0,101.44,29.55,80,59,1542.26,689.12
2025-05-20,SKU015,Personal Care,Western Cape,Supermarket,24.29,14.46,20.32,25.06,0.1636,1,0,100.74,29.56,183,148,3007.36,867.28
2025-05-21,SKU015,Personal Care,KwaZulu-Natal,Supermarket,24.29,14.46,24.01,23.91,0.0116,0,0,101.25,29.64,99,90,2160.9,859.5000000000001
2025-05-22,SKU015,Personal Care,Western Cape,Hyper,24.29,14.46,22.22,24.57,0.0853,0,0,101.12,29.66,173,138,3066.3599999999997,1070.8799999999997
2025-05-23,SKU015,Personal Care,Gauteng,Hyper,24.29,14.46,24.18,24.02,0.0047,1,0,101.23,29.6,154,125,3022.5,1214.9999999999998
2025-05-24,SKU015,Personal Care,Gauteng,Convenience,24.29,14.46,22.82,23.41,0.0607,0,0,101.71,29.53,105,95,2167.9,794.1999999999999
2025-05-25,SKU015,Personal Care,Western Cape,Convenience,24.29,14.46,24.36,23.17,0.0,0,0,101.8,29.49,76,71,1729.56,702.8999999999999
2025-05-26,SKU015,Personal Care,Western Cape,Supermarket,24.29,14.46,22.35,23.35,0.08,0,0,102.32,29.4,154,106,2369.1000000000004,836.34
2025-05-27,SKU015,Personal Care,Gauteng,Convenience,24.29,14.46,21.04,23.7,0.1339,1,0,101.55,29.44,137,121,2545.8399999999997,796.1799999999998
2025-05-28,SKU015,Personal Care,KwaZulu-Natal,Convenience,24.29,14.46,25.67,24.23,0.0,0,0,101.17,29.16,77,65,1668.5500000000002,728.6500000000001
2025-05-29,SKU015,Personal Care,Gauteng,Hyper,24.29,14.46,24.02,22.64,0.0113,1,0,101.94,29.44,181,141,3386.82,1347.9599999999998
2025-05-30,SKU015,Personal Care,Gauteng,Supermarket,24.29,14.46,25.14,24.48,0.0,0,0,101.54,29.07,123,100,2514.0,1068.0
2025-05-31,SKU015,Personal Care,Western Cape,Hyper,24.29,14.46,26.57,23.67,0.0,0,0,101.33,29.15,132,85,2258.45,1029.35
2025-06-01,SKU015,Personal Care,KwaZulu-Natal,Supermarket,24.29,14.46,24.26,23.65,0.0012,0,0,101.72,29.33,108,94,2280.44,921.2
2025-06-02,SKU015,Personal Care,Gauteng,Convenience,24.29,14.46,23.41,24.76,0.0362,0,0,102.51,29.16,102,79,1849.39,707.05
2025-06-03,SKU015,Personal Care,Western Cape,Supermarket,24.29,14.46,19.77,22.53,0.1859,1,0,101.66,29.08,255,192,3795.84,1019.5199999999998
2025-06-04,SKU015,Personal Care,Gauteng,Supermarket,24.29,14.46,23.09,22.98,0.0493,0,0,101.73,29.18,148,114,2632.2599999999998,983.8199999999999
2025-06-05,SKU015,Personal Care,Western Cape,Hyper,24.29,14.46,25.44,23.9,0.0,0,0,102.18,29.23,148,107,2722.08,1174.8600000000001
2025-06-06,SKU015,Personal Care,Western Cape,Convenience,24.29,14.46,23.79,23.37,0.0208,0,0,102.44,29.28,90,76,1808.04,709.0799999999999
2025-06-07,SKU015,Personal Care,Western Cape,Supermarket,24.29,14.46,26.47,23.77,0.0,0,0,101.82,28.88,83,62,1641.1399999999999,744.6199999999999
2025-06-08,SKU015,Personal Care,Gauteng,Supermarket,24.29,14.46,26.72,23.48,0.0,0,0,101.54,29.05,82,69,1843.6799999999998,845.9399999999998
2025-06-09,SKU015,Personal Care,Gauteng,Hyper,24.29,14.46,24.38,24.73,0.0,0,0,101.71,29.28,130,118,2876.8399999999997,1170.5599999999997
2025-06-10,SKU015,Personal Care,Western Cape,Supermarket,24.29,14.46,24.75,24.35,0.0,0,0,101.33,29.03,126,83,2054.25,854.0699999999999
2025-06-11,SKU015,Personal Care,Gauteng,Supermarket,24.29,14.46,23.64,24.28,0.0267,0,0,101.7,28.92,128,107,2529.48,982.26
2025-06-12,SKU015,Personal Care,KwaZulu-Natal,Hyper,24.29,14.46,22.85,23.93,0.0594,0,0,102.09,29.1,104,104,2376.4,872.5600000000001
2025-06-13,SKU015,Personal Care,Gauteng,Supermarket,24.29,14.46,23.06,23.92,0.0505,1,0,101.46,29.05,166,115,2651.8999999999996,988.9999999999998
2025-06-14,SKU015,Personal Care,Western Cape,Hyper,24.29,14.46,26.05,24.23,0.0,0,0,102.12,29.28,92,83,2162.15,961.97
2025-06-15,SKU015,Personal Care,Western Cape,Supermarket,24.29,14.46,22.44,24.97,0.0763,1,0,101.67,28.96,131,105,2356.2000000000003,837.9000000000001
2025-06-16,SKU015,Personal Care,KwaZulu-Natal,Supermarket,24.29,14.46,24.82,24.11,0.0,0,0,101.5,28.87,85,80,1985.6,828.8
2025-06-17,SKU015,Personal Care,Western Cape,Supermarket,24.29,14.46,20.61,23.04,0.1514,1,0,101.68,28.97,230,160,3297.6,983.9999999999998
2025-06-18,SKU015,Personal Care,Western Cape,Hyper,24.29,14.46,22.91,24.07,0.0567,0,0,101.78,29.02,119,107,2451.37,904.15
2025-06-19,SKU015,Personal Care,Western Cape,Supermarket,24.29,14.46,25.31,22.68,0.0,0,0,101.75,29.09,106,74,1872.9399999999998,802.8999999999999
2025-06-20,SKU015,Personal Care,Gauteng,Convenience,24.29,14.46,22.66,25.28,0.0672,0,0,102.02,28.95,163,93,2107.38,762.5999999999999
2025-06-21,SKU015,Personal Care,KwaZulu-Natal,Supermarket,24.29,14.46,26.22,25.35,0.0,0,0,102.25,28.81,88,72,1887.84,846.7199999999998
2025-06-22,SKU015,Personal Care,KwaZulu-Natal,Convenience,24.29,14.46,24.68,24.62,0.0,0,0,101.35,29.04,97,61,1505.48,623.42
2025-06-23,SKU015,Personal Care,Western Cape,Supermarket,24.29,14.46,23.94,23.5,0.0146,0,0,101.54,28.85,122,83,1987.0200000000002,786.84
2025-06-24,SKU015,Personal Care,Gauteng,Convenience,24.29,14.46,23.62,23.7,0.0274,1,0,102.02,28.85,150,107,2527.34,980.12
2025-06-25,SKU015,Personal Care,KwaZulu-Natal,Supermarket,24.29,14.46,26.52,23.26,0.0,0,0,101.59,28.87,75,72,1909.44,868.3199999999999
2025-06-26,SKU015,Personal Care,Western Cape,Hyper,24.29,14.46,23.61,23.14,0.0278,0,0,101.42,28.68,116,102,2408.22,933.2999999999998
2025-06-27,SKU015,Personal Care,Western Cape,Supermarket,24.29,14.46,23.56,24.26,0.0299,0,0,102.35,28.79,132,97,2285.3199999999997,882.6999999999998
2025-06-28,SKU015,Personal Care,Gauteng,Supermarket,24.29,14.46,22.67,24.9,0.0669,0,0,102.17,28.74,102,102,2312.34,837.4200000000001
2025-06-29,SKU015,Personal Care,Western Cape,Supermarket,24.29,14.46,22.66,23.95,0.0669,0,0,102.01,28.95,141,100,2266.0,819.9999999999999
2025-06-30,SKU015,Personal Care,Gauteng,Convenience,24.29,14.46,22.67,23.35,0.0667,0,0,102.02,29.14,130,100,2267.0,821.0000000000001
2025-07-01,SKU015,Personal Care,KwaZulu-Natal,Hyper,24.29,14.46,22.27,22.96,0.0832,1,0,101.93,28.62,166,133,2961.91,1038.7299999999998
2025-07-02,SKU015,Personal Care,KwaZulu-Natal,Supermarket,24.29,14.46,24.24,23.04,0.0019,0,0,102.07,28.84,147,99,2399.7599999999998,968.2199999999998
2025-07-03,SKU015,Personal Care,Gauteng,Supermarket,24.29,14.46,22.43,22.83,0.0766,0,0,101.97,28.93,101,101,2265.43,804.9699999999999
2025-07-04,SKU015,Personal Care,Western Cape,Convenience,24.29,14.46,19.56,24.07,0.1947,1,0,101.9,28.95,196,130,2542.7999999999997,662.9999999999998
2025-07-05,SKU015,Personal Care,Gauteng,Supermarket,24.29,14.46,26.19,23.73,0.0,0,0,102.17,28.82,103,79,2069.01,926.6700000000001
2025-07-06,SKU015,Personal Care,Gauteng,Supermarket,24.29,14.46,20.88,23.91,0.1402,1,0,102.18,28.63,170,156,3257.2799999999997,1001.5199999999998
2025-07-07,SKU015,Personal Care,Western Cape,Supermarket,24.29,14.46,22.58,22.25,0.0706,0,0,102.66,29.04,73,73,1648.34,592.7599999999998
2025-07-08,SKU015,Personal Care,Gauteng,Convenience,24.29,14.46,22.8,23.69,0.0613,0,0,101.64,28.95,100,92,2097.6,767.28
2025-07-09,SKU015,Personal Care,KwaZulu-Natal,Hyper,24.29,14.46,26.07,24.37,0.0,0,0,102.2,28.7,103,78,2033.46,905.5799999999999
2025-07-10,SKU015,Personal Care,Gauteng,Supermarket,24.29,14.46,24.54,24.49,0.0,0,0,102.4,28.97,58,58,1423.32,584.6399999999999
2025-07-11,SKU015,Personal Care,Western Cape,Hyper,24.29,14.46,22.69,23.85,0.0659,1,0,102.38,28.89,135,96,2178.2400000000002,790.08
2025-07-12,SKU015,Personal Care,KwaZulu-Natal,Convenience,24.29,14.46,21.88,22.31,0.0993,0,0,102.21,28.97,76,73,1597.24,541.6599999999999
2025-07-13,SKU015,Personal Care,KwaZulu-Natal,Supermarket,24.29,14.46,22.36,24.2,0.0796,0,0,102.4,28.8,121,94,2101.84,742.5999999999999
2025-07-14,SKU015,Personal Care,Gauteng,Convenience,24.29,14.46,23.23,23.26,0.0436,0,0,102.34,28.73,73,62,1440.26,543.74
2025-07-15,SKU015,Personal Care,Gauteng,Hyper,24.29,14.46,23.28,24.99,0.0414,0,0,102.14,28.99,137,103,2397.84,908.46
2025-07-16,SKU015,Personal Care,Gauteng,Hyper,24.29,14.46,22.3,24.19,0.0821,0,0,102.17,29.02,98,98,2185.4,768.3199999999999
2025-07-17,SKU015,Personal Care,Western Cape,Hyper,24.29,14.46,24.27,23.42,0.0009,1,0,102.51,28.85,101,89,2160.0299999999997,873.0899999999999
2025-07-18,SKU015,Personal Care,Gauteng,Convenience,24.29,14.46,23.64,23.74,0.0269,0,0,102.17,28.86,113,80,1891.2,734.4
2025-07-19,SKU015,Personal Care,KwaZulu-Natal,Supermarket,24.29,14.46,22.96,24.29,0.0547,0,0,102.16,28.85,82,82,1882.72,697.0
2025-07-20,SKU015,Personal Care,Western Cape,Supermarket,24.29,14.46,24.42,25.34,0.0,0,0,101.72,29.19,79,69,1684.98,687.24
2025-07-21,SKU015,Personal Care,Gauteng,Supermarket,24.29,14.46,20.82,23.47,0.1428,1,0,102.11,29.07,161,138,2873.16,877.68
2025-07-22,SKU015,Personal Care,KwaZulu-Natal,Convenience,24.29,14.46,26.45,22.78,0.0,0,0,102.41,28.95,52,43,1137.35,515.5699999999999
2025-07-23,SKU015,Personal Care,KwaZulu-Natal,Supermarket,24.29,14.46,22.07,22.98,0.0915,0,0,102.49,28.95,115,103,2273.21,783.8299999999999
2025-07-24,SKU015,Personal Care,KwaZulu-Natal,Convenience,24.29,14.46,23.84,23.68,0.0187,0,0,103.0,29.07,112,72,1716.48,675.3599999999999
2025-07-25,SKU015,Personal Care,Gauteng,Hyper,24.29,14.46,22.52,25.14,0.073,0,0,102.6,28.88,149,121,2724.92,975.2599999999999
2025-07-26,SKU015,Personal Care,Western Cape,Supermarket,24.29,14.46,24.3,24.78,0.0,0,0,102.02,28.72,62,62,1506.6000000000001,610.08
2025-07-27,SKU015,Personal Care,Western Cape,Supermarket,24.29,14.46,22.11,24.56,0.0897,0,0,102.21,28.83,102,102,2255.22,780.2999999999998
2025-07-28,SKU015,Personal Care,KwaZulu-Natal,Hyper,24.29,14.46,24.34,23.93,0.0,0,0,101.77,28.86,77,77,1874.18,760.7599999999999
2025-07-29,SKU015,Personal Care,Western Cape,Hyper,24.29,14.46,22.11,22.88,0.0897,0,0,102.53,29.03,130,106,2343.66,810.8999999999999
2025-07-30,SKU015,Personal Care,Western Cape,Supermarket,24.29,14.46,24.79,23.6,0.0,0,0,102.62,28.91,71,71,1760.09,733.4299999999998
2025-07-31,SKU015,Personal Care,KwaZulu-Natal,Supermarket,24.29,14.46,21.98,23.76,0.0953,0,0,102.63,28.83,158,101,2219.98,759.52
2025-08-01,SKU015,Personal Care,Gauteng,Hyper,24.29,14.46,23.87,23.41,0.0175,0,0,102.29,28.91,94,94,2243.78,884.54
2025-08-02,SKU015,Personal Care,Gauteng,Supermarket,24.29,14.46,26.55,23.98,0.0,0,0,102.47,29.08,106,76,2017.8,918.84
2025-08-03,SKU015,Personal Care,KwaZulu-Natal,Hyper,24.29,14.46,25.93,23.91,0.0,0,0,101.82,29.05,83,74,1918.82,848.78
2025-08-04,SKU015,Personal Care,KwaZulu-Natal,Convenience,24.29,14.46,22.24,22.89,0.0844,0,0,102.12,29.22,45,45,1000.8,350.0999999999999
2025-08-05,SKU015,Personal Care,KwaZulu-Natal,Supermarket,24.29,14.46,24.33,23.43,0.0,0,0,103.03,29.15,92,75,1824.7499999999998,740.2499999999998
2025-08-06,SKU015,Personal Care,Western Cape,Convenience,24.29,14.46,21.99,23.71,0.0949,0,0,101.92,29.13,106,79,1737.2099999999998,594.8699999999998
2025-08-07,SKU015,Personal Care,Western Cape,Convenience,24.29,14.46,21.14,25.21,0.1298,1,0,101.65,29.2,148,93,1966.02,621.24
2025-08-08,SKU015,Personal Care,Gauteng,Supermarket,24.29,14.46,26.66,24.58,0.0,0,0,102.57,29.13,70,61,1626.26,744.1999999999999
2025-08-09,SKU015,Personal Care,Gauteng,Supermarket,24.29,14.46,26.11,23.33,0.0,0,0,102.59,29.23,60,60,1566.6,698.9999999999999
2025-08-10,SKU015,Personal Care,Gauteng,Supermarket,24.29,14.46,25.69,25.19,0.0,0,0,101.84,29.19,52,52,1335.88,583.96
2025-08-11,SKU015,Personal Care,KwaZulu-Natal,Supermarket,24.29,14.46,26.54,22.22,0.0,0,0,102.28,29.1,69,53,1406.62,640.2399999999999
2025-08-12,SKU015,Personal Care,Western Cape,Convenience,24.29,14.46,25.25,24.54,0.0,0,0,102.3,29.32,85,57,1439.25,615.03
2025-08-13,SKU015,Personal Care,Western Cape,Convenience,24.29,14.46,26.44,25.03,0.0,0,0,103.07,29.37,66,53,1401.3200000000002,634.94
2025-08-14,SKU015,Personal Care,Western Cape,Supermarket,24.29,14.46,21.06,24.19,0.1329,1,0,102.54,29.54,164,114,2400.8399999999997,752.3999999999997
2025-08-15,SKU015,Personal Care,KwaZulu-Natal,Supermarket,24.29,14.46,25.43,24.19,0.0,0,0,102.49,29.25,104,62,1576.66,680.1399999999999
2025-08-16,SKU015,Personal Care,Gauteng,Supermarket,24.29,14.46,24.4,24.31,0.0,0,0,102.62,29.27,66,66,1610.3999999999999,656.0399999999998
2025-08-17,SKU015,Personal Care,Western Cape,Supermarket,24.29,14.46,24.15,23.17,0.0056,0,0,101.98,29.1,85,72,1738.8,697.6799999999998
2025-08-18,SKU015,Personal Care,KwaZulu-Natal,Convenience,24.29,14.46,23.31,23.31,0.0403,0,0,102.2,29.35,73,60,1398.6,530.9999999999999
2025-08-19,SKU015,Personal Care,Gauteng,Hyper,24.29,14.46,23.1,24.68,0.0488,0,0,102.68,29.38,101,97,2240.7000000000003,838.08
2025-08-20,SKU015,Personal Care,Gauteng,Supermarket,24.29,14.46,20.77,23.44,0.1449,1,0,103.04,29.39,76,76,1578.52,479.5599999999999
2025-08-21,SKU015,Personal Care,Western Cape,Convenience,24.29,14.46,20.4,24.01,0.1602,1,0,102.69,29.33,118,101,2060.3999999999996,599.9399999999998
2025-08-22,SKU015,Personal Care,Gauteng,Supermarket,24.29,14.46,23.61,23.54,0.0278,0,0,102.56,29.6,104,93,2195.73,850.9499999999998
2025-08-23,SKU015,Personal Care,Western Cape,Hyper,24.29,14.46,23.72,22.76,0.0236,0,0,102.24,29.52,126,81,1921.32,750.0599999999998
2025-08-24,SKU015,Personal Care,Gauteng,Convenience,24.29,14.46,24.3,23.24,0.0,0,0,102.75,29.48,66,58,1409.4,570.72
2025-08-25,SKU015,Personal Care,KwaZulu-Natal,Supermarket,24.29,14.46,26.51,24.22,0.0,0,0,102.41,29.82,96,61,1617.1100000000001,735.0500000000001
2025-08-26,SKU015,Personal Care,Gauteng,Supermarket,24.29,14.46,21.92,22.97,0.0976,0,0,102.41,29.58,72,72,1578.2400000000002,537.1200000000001
2025-08-27,SKU015,Personal Care,Western Cape,Supermarket,24.29,14.46,25.67,23.72,0.0,0,0,103.09,29.81,72,61,1565.8700000000001,683.8100000000001
2025-08-28,SKU015,Personal Care,KwaZulu-Natal,Supermarket,24.29,14.46,23.47,23.48,0.0339,0,0,102.42,29.76,89,73,1713.31,657.7299999999999
